data_id,road_id,vehicle_id,origin,origin_state,destination,destination_state,origin_lat,origin_lon,destination_lat,destination_lon,distance_km,slope_deg,elevation_m,rainfall_mm_24h,temperature_c,humidity_pct,wind_speed_kmph,soil_moisture_pct,forecast_disruption_risk_pct,past_landslides_12m,past_floods_12m,accidents_12m,bridge_capacity_tonnes,congestion_index,traffic_volume_vph,vehicle_speed_kmph,travel_time_hr,eta_min,delay_min,cargo_quantity_units,current_stock_units,daily_consumption_units,forecast_3day_demand_units,shortage_flag,weather_risk,terrain_risk,road_condition_risk,incident_risk,traffic_risk,historical_risk,dynamic_risk_score,accessibility_score,earthquake_magnitude,earthquake_depth_km,pga_g,pgv_cm_s,wave_amplitude_mm,dominant_frequency_hz,ground_displacement_cm,wave_arrival_time_sec,route_safety_index,stock_days_remaining,estimated_fuel_liters,delivery_urgency_score,combined_transport_risk,road_type,road_condition,weather_condition,incident_type,incident_severity,cargo_type,supply_priority,bridge_condition,earthquake_transport_impact,verification_status,risk_level
DATA_00001,ROAD_858,VEH_9935,Guwahati,Assam,Shillong,Meghalaya,25.586938832629418,91.6328827295279,25.02979721943807,91.78422936724468,136.23171626377336,26.298218341399583,145.11114846256817,4.501935940080049,14.970941267166213,79.24479970007854,34.971781433176915,35.43084354284877,57.1412547100727,2,1,3,43.330065983723934,0.10519900774244882,1750,27.982965818844505,2.824379189844264,172,19,1081,13509,989,1737,0,0.4039418405098699,0.38718350438770277,0.37516457798317693,0.3116166937776105,0.13476035433847777,0.467539903737474,23.737831399724655,0.89172152902112,2.90998070468603,13.152007923138328,0.07302441283955469,6.5703873467347655,6.360670035045546,8.969065731431261,1.8081751308348826,9.807214756416498,0.24868860417661864,6.951369867109391,198.94037667745567,0.8896550644625303,78.42541768121175,National Highway,at_risk,heavy_rain,accident,high,essential_goods,high,good,low,verified,Low
DATA_00002,ROAD_275,VEH_9751,Guwahati,Assam,Shillong,Meghalaya,26.22912679795035,91.24510374064289,25.37945544175765,92.78638035582757,167.19994476644135,8.180855691931223,1046.8145644168985,63.94872604095387,27.115356274746865,87.92833640854144,47.67999513504346,36.03336503748731,12.568019512323021,5,2,10,26.04085668206787,0.31419270078056216,532,65.65680620927725,3.6194902831317624,191,27,2884,9179,1110,4658,0,0.311904133198442,0.29730200615518676,0.5490945073305207,0.31019328681834824,0.5676687921788325,0.8182583068819816,42.958035359827804,0.36449056936796254,4.936524022667953,49.90150425980441,0.2662534463937056,10.680999579852825,1.0909122393031803,1.4240473788226111,0.5482456517532958,20.68615104257725,0.7544555550540748,4.799439701197157,39.29373388419035,0.4671335005545757,89.68971041920774,District Road,blocked,clear,none,high,essential_goods,high,good,low,verified,Medium
DATA_00003,ROAD_996,VEH_5315,Guwahati,Assam,Shillong,Meghalaya,26.471888098870114,92.1429432985781,25.507681674604324,91.63833406963701,163.81904452027604,31.206751840982946,1530.837891893194,61.23158514558814,22.691572049440857,58.950999579412986,25.56526189251314,31.308432502720734,86.27997981228022,2,3,2,47.28519282163961,0.8347947955165619,1326,36.207802850233655,0.6071220831220776,215,39,1180,1949,793,5547,0,0.16852276165430302,0.48879237065329106,0.1553700147747069,0.7084817322057853,0.7126675434455902,0.20271317159981025,48.26976646691119,0.6123526951212079,6.31526371008432,20.602265157602364,0.19241500840509845,17.57622778061989,4.346751813968692,2.9061838489787384,2.6964804438972916,23.248276727249404,0.3408057443727871,3.8054466217080547,248.9086052487013,0.6549146403476174,45.048006713160326,Rural Road,open,rain,landslide,low,essential_goods,high,good,low,verified,High
DATA_00004,ROAD_160,VEH_4750,Guwahati,Assam,Shillong,Meghalaya,25.567400328110306,91.04711943707953,25.3304284890805,92.16840295575116,84.04977071184581,14.847251361603302,925.2046485558343,105.895569322302,23.480848284868866,82.55086546464369,53.53106913274057,60.33481548046299,29.43977939165796,1,4,3,31.55405300306078,0.42564796918874925,293,24.846540711441165,2.8707815032350763,246,52,2112,12945,410,1706,0,0.42209702568181506,0.3714420843159706,0.7893380290822328,0.2989250671362285,0.2521671267526492,0.45889083826650556,44.531714788408294,0.40890885850020536,5.331363786193816,19.99225791528402,0.022732518814335544,18.542046386244245,4.542681301523879,8.752141942856476,2.7516265622492404,6.264708238122031,0.8994977278889087,8.524248265719567,243.02415788906904,0.8484568881056893,77.89565875314443,State Highway,at_risk,storm,accident,moderate,essential_goods,high,good,low,verified,Critical
DATA_00005,ROAD_902,VEH_8454,Guwahati,Assam,Shillong,Meghalaya,25.78524922894692,92.04488725540024,25.730505317415467,92.51836998702957,172.2304017486714,34.856714973148186,927.3413998123601,162.43971579189875,14.747446681690928,59.79654042863787,8.216581060401467,71.50160251523303,14.876605718121265,1,3,0,25.976168341940525,0.14011386981116286,1076,45.14251914597568,5.18995940626557,110,7,2280,2312,680,1461,0,0.6401700428832722,0.28816311600074496,0.19590929115769937,0.8122298513035501,0.2969722782308999,0.575615322826753,58.35670572324722,0.5144186865019044,3.560812232688608,33.34689157164899,0.3944173606362959,10.932871595107219,9.360121325816987,2.8383327948118278,3.580959003947074,10.96714881539615,0.47705009275387816,7.0452120066397415,92.4993429547215,0.4213240373902978,70.14915939315216,National Highway,open,storm,flood,low,essential_goods,high,good,low,verified,Low
DATA_00006,ROAD_478,VEH_5669,Guwahati,Assam,Shillong,Meghalaya,25.657746832357233,92.25061743195971,25.70353992508737,92.29518109544374,247.06360463524598,4.783907401786054,1211.7597401082455,38.36777620806727,10.195577678803948,86.76968608019578,21.465831370998785,66.43721004762541,85.11440031416831,2,1,5,19.70018900376787,0.19234293633528177,319,57.12083419904994,1.3549635037624475,174,77,1062,12757,1002,2567,1,0.5043272464783898,0.30089700165591526,0.8265272369748575,0.14063911493002454,0.6074275578473554,0.7634784714977755,18.0860733259335,0.4501674039538161,6.017080969938171,15.23278642806809,0.35472838600084705,19.616161122747883,1.7835033674840843,4.976519606747655,3.5283372337999537,19.02267161936866,0.2783117164125345,9.505458451419752,180.4794153450722,0.3043379998349637,12.882251044866448,District Road,blocked,rain,accident,moderate,essential_goods,high,good,low,verified,Medium
DATA_00007,ROAD_462,VEH_7658,Guwahati,Assam,Shillong,Meghalaya,26.47383702263729,92.12421641671531,25.925763822569557,91.80775853189816,57.375406433100885,3.5894966104165977,1459.8079508417243,65.6372727589061,14.426309258009532,68.55324846592089,14.864836488001385,84.7141106669082,72.59091969181054,0,2,3,29.409960829304378,0.6359257034305574,1605,60.53746582871945,1.9674314027695963,85,48,3772,1634,1263,2722,0,0.7532692844775432,0.46824258774315364,0.34415269387088043,0.7362763993222895,0.2820763899262163,0.11893154776116122,28.519085182939605,0.4461964633982799,5.1677336425421725,44.574117681211455,0.2791853415580191,19.37089297691886,2.9354249286743404,6.773335647468649,1.9983919218003043,29.528742179956502,0.5753510127351054,9.453134262922442,50.95189416657121,0.8792804277155595,24.28542529379709,District Road,open,clear,flood,critical,essential_goods,high,good,low,verified,High
DATA_00008,ROAD_294,VEH_5173,Guwahati,Assam,Shillong,Meghalaya,25.54438653371323,91.65408627318246,25.519920348566586,92.54846413061013,177.97714379034113,15.13611024383241,1698.4473046758408,141.55707207666273,28.42594233725751,58.866580809578046,28.72135697937428,86.421214017992,83.66166849744322,3,4,8,36.81043934812432,0.6307099810124355,355,55.98771315069751,2.1517724751619527,188,85,1872,6344,1124,3322,0,0.253472074392118,0.6319435473702172,0.4033162216980334,0.698507648127112,0.23922187456795518,0.5552842038926474,43.4252618130714,0.8252938769780431,6.098018931644798,22.15499797073415,0.06394539793114558,4.993471012770197,7.9004365092802855,6.459954134317864,1.6112461486826906,16.044650420948823,0.6729390632330698,5.6005659718712835,203.59046479885046,0.8718824025781253,68.87691567521773,National Highway,at_risk,heavy_rain,none,moderate,essential_goods,high,good,low,verified,Critical
DATA_00009,ROAD_725,VEH_2193,Guwahati,Assam,Shillong,Meghalaya,25.95541616838009,92.32920536357648,25.575670899409317,92.43384969014868,108.31504750033281,27.56623548117235,779.409866890114,40.43531987951189,13.689283627282455,80.94300858862337,54.09629044162516,80.2308395795765,80.83721644078928,1,1,0,42.24471423685638,0.2750729094498555,1746,67.898302113977,3.3487676274405747,55,71,1220,14899,548,4639,0,0.7411332813778116,0.6340621860690825,0.8903139624531584,0.5763618547755358,0.8600316867545248,0.8131407406483496,57.8856625933234,0.7394554709569754,6.435744091127406,30.19112659297608,0.037561212875248204,16.780814224706887,5.569145115986119,9.07487292909936,3.7182772107979245,16.866860920576332,0.38143408392551353,3.225157637586936,168.47382327463515,0.7360695790080158,51.70398502623857,State Highway,at_risk,storm,none,high,essential_goods,high,good,low,verified,Low
DATA_00010,ROAD_256,VEH_4505,Guwahati,Assam,Shillong,Meghalaya,25.564228850713878,91.61139905449988,25.542611140503915,92.0405065043341,67.57190958831436,10.910755964556142,814.2439802148235,60.45255659183651,32.620961958504424,76.28357363919014,43.25376425738824,79.97124226127539,71.24756608944556,4,0,2,28.313336012469907,0.10471686686719446,820,34.93063261861917,2.644926564350454,244,68,3261,13036,1418,5841,0,0.49058358204020036,0.31834824941060524,0.4885135950388003,0.41108576259690244,0.6350988964983337,0.7385138595361511,65.69269643391021,0.8303792472969189,4.032141169725353,46.78166482675904,0.0773156500449729,19.633717572859542,5.434411569418543,9.162359763280914,2.9594638781395544,21.57499392090403,0.25876322351340014,4.857514926949854,220.04155500890425,0.3272103185594025,30.812505113544375,District Road,open,storm,pothole,high,essential_goods,high,good,low,verified,Medium
DATA_00011,ROAD_153,VEH_6733,Guwahati,Assam,Shillong,Meghalaya,25.72422216571975,91.10292755567916,25.95728560277637,91.552335578803,27.136899742563788,30.92672889997303,520.381616345891,68.24271880154453,30.980721157114953,77.9601045463771,18.119971803889822,53.149274266228964,19.151155688744524,3,2,1,48.17149577758281,0.47202718674817656,624,58.34490491781204,1.4228402885229126,340,14,3385,14423,635,3448,0,0.5629477860073949,0.8431097347256973,0.5606373827299314,0.8264209208379557,0.40024556754025475,0.8531764788330477,28.88308439642007,0.6440733959373892,5.496097044331403,43.22286535121273,0.19871659776095782,5.61413823020551,7.032491424458568,3.7142441693890027,3.421295195833281,25.13819909115416,0.7573590516201483,6.093392998305843,34.24055429638062,0.5729216717173502,62.921707254988476,National Highway,blocked,heavy_rain,none,critical,essential_goods,high,good,low,verified,High
DATA_00012,ROAD_766,VEH_5425,Guwahati,Assam,Shillong,Meghalaya,26.115912354053552,92.37942648535414,25.774641450371576,92.10433590312486,209.9189576367738,33.24857488742221,1107.206852408293,18.996996715919746,18.057614574527953,61.04728260921609,56.404203323770005,39.52497744347291,46.06416001550164,2,3,2,41.26666986394522,0.5558797157426578,1468,38.9494652064132,0.6578499877354926,196,23,2197,4475,1026,3016,1,0.3237267904300688,0.5769240063499436,0.8040858762041841,0.544632822335667,0.5133018013719474,0.2528451388216791,31.894923526087595,0.5048210935028894,5.435181216053568,32.20704846327443,0.18548511510291726,5.566154786360095,4.865712485684814,7.406581658254504,2.240872747932854,5.431081483709317,0.4059649069243481,4.639610158101353,79.74366187227037,0.6647720151177712,39.521636052882954,District Road,at_risk,heavy_rain,pothole,critical,essential_goods,high,good,low,verified,Critical
DATA_00013,ROAD_880,VEH_4033,Guwahati,Assam,Shillong,Meghalaya,25.691540973010543,92.10790698026342,25.27649962696869,92.26646297774903,194.847815935809,12.29482422509546,1114.544258870913,45.25266171616947,34.512765761562825,87.46827634971805,21.293555479582945,45.26167484045705,34.18140710243485,0,1,5,39.780646999886095,0.2012663678783853,193,68.7147465551369,3.5434743173923455,94,81,3757,13333,1305,1740,0,0.5592513757010659,0.47551755594440814,0.4523750385088082,0.2474909363120654,0.14110137374686227,0.8528508774144826,48.44104310859814,0.8165867339745727,4.643455861534999,26.02829769007759,0.06543080167692007,2.4075612348571562,6.368567928129584,1.4824816686327984,0.7459879223682758,19.070989927114105,0.41268485828955936,9.945263104391982,51.65160149757885,0.735110411728336,58.505412099437024,State Highway,blocked,storm,accident,critical,essential_goods,high,good,low,verified,Low
DATA_00014,ROAD_857,VEH_2625,Guwahati,Assam,Shillong,Meghalaya,26.44759020032538,91.31168185873533,25.211025195305393,92.35855657834965,56.123131477601746,13.299419035660721,395.4830321549386,105.93452496979852,11.876621722529197,50.120407517129856,29.777703753973633,61.56678365836943,33.30074312248221,3,2,9,23.101668209460904,0.6655646639032267,1539,62.98033656702612,0.891488680844136,149,33,3426,13963,1580,5731,0,0.4401111728833693,0.5356499029684629,0.6181077787219846,0.8267291561700849,0.7613049277200478,0.15712786948465132,26.61459524545073,0.4307088594606744,4.938523648980521,39.958308882784934,0.2559903820074165,11.814933937062754,3.0283837653972494,2.119182923572374,3.443389956060469,22.49334212439293,0.8598733685208284,5.5042495940613305,136.10392435264396,0.2563092963295107,13.188862734689044,Rural Road,blocked,heavy_rain,flood,high,essential_goods,high,good,low,verified,Medium
DATA_00015,ROAD_788,VEH_5415,Guwahati,Assam,Shillong,Meghalaya,26.076246984602747,92.14466350625756,25.175190727937974,92.17465299328389,121.71276301664666,2.982865910756747,572.8661731521155,41.206394829928854,34.92363687331409,69.61482441846513,49.78347194973318,87.83386652459926,47.60083159682814,5,4,9,29.292183270050536,0.3568466047652573,314,62.88665472001763,2.31392014968431,283,36,2913,7561,1966,5406,0,0.4638607268813836,0.35161372573613436,0.3586190290207958,0.8761477814468618,0.42334004560059657,0.5116770018632841,84.16834503472279,0.6932452898623467,6.498289667509805,31.7037437742878,0.38129878556641394,8.851703845187108,2.038308905666366,4.256014232365077,3.7822157702778685,20.635218553625222,0.7319933752427119,2.832024145152465,148.57441879419963,0.8493709325911134,45.04928760579026,Rural Road,open,clear,flood,moderate,essential_goods,high,good,low,verified,High
DATA_00016,ROAD_216,VEH_8560,Guwahati,Assam,Shillong,Meghalaya,26.447060742359355,91.97156453317564,25.153971124428327,92.71244897791433,87.12815886021077,28.971747353809846,1299.1997708739514,55.935024910800315,20.387258573383825,71.71248096310353,30.972088004687425,51.97505309126195,21.571357478848697,0,4,6,21.67136298317749,0.57950207893992,1628,63.966312757323806,5.252148139357235,171,53,1592,13905,1339,3088,0,0.3262711866262613,0.33884467981741373,0.5695501779313289,0.899121866583471,0.4917122773245608,0.2188763347062313,52.700640439271154,0.45884295626975563,6.469028557580879,32.07669668283244,0.05541949648697857,11.325171196214788,4.662377245291711,3.8959961520613366,0.9432618685355271,22.437460690514285,0.6002583493894308,3.102062014521038,199.49750689733324,0.23055310936811135,69.57641212521567,Rural Road,at_risk,rain,accident,low,essential_goods,high,good,low,verified,Critical
DATA_00017,ROAD_115,VEH_3361,Guwahati,Assam,Shillong,Meghalaya,25.909978619746365,91.9821719896416,25.154361218771548,92.11033778128015,242.91683503206997,6.79735825275677,675.5540978874338,173.76364623183366,27.31761496467205,79.24264936606727,51.84709107928803,79.66389355961252,78.74737473346133,2,0,7,28.300328913292926,0.3533289231467197,1571,64.37193414546616,3.183711169645984,307,4,2729,2121,780,3254,0,0.6974130933903415,0.4471771775385006,0.17875450110655838,0.606998263024633,0.7980633860856726,0.4549428413293647,63.58008139552642,0.8775680465378646,6.141766710785868,11.839638747088511,0.057890445141951796,16.126725838082024,3.0750042044590464,4.373569807977834,0.7278489784969921,18.279157953719,0.5961496433411557,8.13267526492858,63.24632104032191,0.2552778454619963,79.66716789158839,State Highway,at_risk,rain,landslide,critical,essential_goods,high,good,low,verified,Low
DATA_00018,ROAD_261,VEH_2210,Guwahati,Assam,Shillong,Meghalaya,25.941729783603815,91.51834843666462,25.58757170512642,92.33062031306801,117.59105584600647,26.240375978135603,525.1669814930922,82.72268985181158,31.132598128564968,58.96476495990015,26.158128693204002,53.824564274145125,28.97645615420597,5,0,7,35.01729423227586,0.5598495441429161,1532,34.761537694163465,5.878694665172745,232,35,233,10272,1704,1301,1,0.7662711197385507,0.8223479347598204,0.7205927836827047,0.284094712776333,0.7415455660362301,0.27520363114248436,28.30923924939618,0.38797010003271204,5.210443542796318,40.22309294966709,0.3624595809675756,15.581944715413817,6.872379922983823,2.23101314644689,0.4858196490780897,20.68645269541826,0.2275958017725722,8.097494356091385,32.5070195302673,0.45540286311992884,20.512944513638836,District Road,at_risk,storm,landslide,moderate,essential_goods,high,good,low,verified,Medium
DATA_00019,ROAD_363,VEH_8894,Guwahati,Assam,Shillong,Meghalaya,26.467384076166812,91.44271217375874,25.87039695932504,92.54550230018586,127.71621943611993,7.022072314377775,228.00891354148771,97.0933966171958,28.853787326533386,60.152661306458164,42.1978048595184,67.2084361210164,41.792919616263944,2,4,8,44.60105686009353,0.5458500943528118,284,59.53409842944687,0.5765526030549565,304,15,2062,7038,1677,3047,1,0.7579338409814195,0.8522335134236434,0.18667688175938457,0.2870575217692666,0.12001971971718586,0.8073878761718818,54.29851675749152,0.8864419315573695,5.821890478269589,18.854688002959602,0.3671250503030449,2.2011237820437133,8.273782443626386,9.184488745851029,1.510950872646251,15.207396394885318,0.29784390875505473,9.516353795937516,93.48203148010117,0.5448372332847441,17.77535988974573,State Highway,at_risk,storm,pothole,critical,essential_goods,high,good,low,verified,High
DATA_00020,ROAD_386,VEH_1536,Guwahati,Assam,Shillong,Meghalaya,26.190280663747565,91.32590452704635,25.444695859779085,91.80694642970029,103.41778891423017,24.318933130847086,1767.577121150914,130.78784710030348,19.183373962429513,90.57632955910947,40.465474536471525,24.238506241662613,32.07051526892695,3,0,7,48.88724065777354,0.8592086306097101,1787,42.73586842852586,4.145228059340879,358,81,2645,1349,403,3632,0,0.8910567231531374,0.7295824799810527,0.26416446011430117,0.7638542697737061,0.5433662307689032,0.5691064668652496,71.91370867847412,0.3747490092845236,6.256212262854621,40.9747431121928,0.25394784133943943,15.98423133127458,6.040620024709317,3.495473613781147,4.920140659238695,29.688182609154307,0.578150819804206,8.186624412018613,49.733428275123,0.8065135219547606,20.5442583649518,District Road,open,heavy_rain,none,moderate,essential_goods,high,good,low,verified,Critical
DATA_00021,ROAD_896,VEH_6931,Guwahati,Assam,Shillong,Meghalaya,26.013237957609192,91.16358101500578,25.503838689785823,92.72904033586113,29.973958486809494,12.083965316348987,1431.4858931666454,22.81653786830045,31.674522693995957,73.46530466208878,30.19233871537251,87.481832818542,14.866032599560466,3,4,1,31.764366884942714,0.4212938036100484,1505,25.39809148396136,4.41820723193403,257,9,3883,2323,959,5883,0,0.15254578665609114,0.32001279964636253,0.6064613794408124,0.5386851472386884,0.36014835465493433,0.8957022046887388,52.13897862019272,0.5402865631816037,4.404983861693001,34.21707166141252,0.3033528045129184,2.884390771901798,7.0774383017514495,8.675134635660175,3.2545833244065268,24.224068252618466,0.7045879416603194,2.935207596947472,126.59985609218835,0.3599455020552091,37.114529506814016,Rural Road,at_risk,storm,none,high,essential_goods,high,good,low,verified,Low
DATA_00022,ROAD_951,VEH_2398,Guwahati,Assam,Shillong,Meghalaya,25.59323010170368,91.14484664884868,25.738795998488715,92.55530007086061,147.96526919153052,18.217032237916403,1096.9906406571108,119.7194153508556,24.03966034980181,64.83406916372923,11.722720694500762,44.751865574363734,63.227241600233235,2,1,10,41.25994875880174,0.794473719095252,1576,22.572303998618803,2.0819617420603,189,45,624,10468,1339,2642,0,0.6253890423905217,0.27939589528605246,0.18657470554181332,0.776298734881076,0.3940488404922802,0.7100845055494798,55.18700030320239,0.8054160283642582,2.768533232546591,43.80620645313432,0.3707343135790661,19.516385440388454,8.220583223498561,6.522159524819183,3.213495819149157,5.656345786339585,0.8503590036964555,8.465147109636966,85.17573815967489,0.3262912503725981,66.21590182924837,District Road,at_risk,heavy_rain,none,moderate,essential_goods,high,good,low,verified,Medium
DATA_00023,ROAD_193,VEH_9691,Guwahati,Assam,Shillong,Meghalaya,25.71513288003351,91.62974874064676,25.340895981769332,91.9810690202201,185.96707258081483,35.05478284838465,1420.6205539434598,101.93779705704773,24.189838915359932,53.823066798973066,7.893485453403698,31.01869279750072,59.427054554082446,3,0,2,38.58890487145896,0.3176822748369752,1455,41.20073865564976,3.8389180409255848,242,34,1082,13368,1349,1832,1,0.44393090671831226,0.32659717606435945,0.6427890038081064,0.4893062026914007,0.6337060469890796,0.13633389008354202,42.66843772613403,0.6494937177083377,6.387241275032077,10.307483435995316,0.3015682424649996,6.726967878350298,2.2700929963590606,2.235113247315943,1.2775975201072964,13.203058898446027,0.20541093459851836,7.72312711086791,64.53133042206451,0.46614521200066533,66.29370107061308,District Road,open,storm,none,critical,essential_goods,high,good,low,verified,High
DATA_00024,ROAD_527,VEH_5743,Guwahati,Assam,Shillong,Meghalaya,25.615173372663797,91.03128483853712,25.324768179445513,92.54171880060359,162.16881055997524,2.712178390254537,1514.4440522219022,165.80923821043424,32.994243793534615,53.96584465840481,51.44663978980833,37.03215323759136,57.10970306423295,2,4,6,33.338689005022104,0.4166133574874664,735,57.29024132323014,1.7186463239183825,116,9,2290,11374,533,5246,0,0.8247381852640404,0.3795002123779042,0.6819032845391234,0.7551588812198816,0.7520296046000113,0.28901507915737945,25.25109527943861,0.34795385211798746,5.337995846275737,34.09595941092663,0.23789187873662035,15.444090615390948,6.623988303083644,2.5943151605250625,3.864240446237801,17.352925625434715,0.72811207767289,7.838894346469736,126.00368282388918,0.8469079808699616,55.15934267222394,District Road,blocked,heavy_rain,landslide,critical,essential_goods,high,good,low,verified,Critical
DATA_00025,ROAD_417,VEH_8565,Guwahati,Assam,Shillong,Meghalaya,25.951913863700682,91.08533507625093,25.83169663166312,91.59975030152549,218.777507802805,4.594877822838732,1553.9987314753535,79.59745149053127,25.375209710389342,72.81805178002799,30.449141240999975,58.80214599368127,73.34542378122867,2,2,9,46.35568679448809,0.4597869629207251,1758,48.58283432269002,1.5353170578807378,339,60,2253,3471,426,4590,0,0.7487734490580966,0.7699017425980434,0.8859084648747179,0.16746330561965106,0.6169016729149753,0.13131370096053907,64.53351930262951,0.9432395169851657,4.529347541159113,30.96274212680698,0.04134540568096966,12.586302720130814,3.766200004919986,9.261431102052645,1.9370827976155796,24.361619714343387,0.6752284043917067,1.4712896578240564,166.94947924944537,0.4342545430819563,36.3752604094183,Rural Road,at_risk,heavy_rain,flood,moderate,essential_goods,high,good,low,verified,Low
DATA_00026,ROAD_501,VEH_3112,Guwahati,Assam,Shillong,Meghalaya,26.095041228151576,92.40700329934864,25.309581887415963,91.98968309787318,202.08225030861502,14.66775737030115,1482.4141324851616,104.89311262555553,26.752909999868063,87.30315378025091,45.63260696712155,67.97901081943033,52.11146717873392,1,2,4,37.61086872567208,0.43872509305768304,841,20.911526889576635,2.198763385351345,139,43,3338,8967,693,2755,0,0.22395613835552386,0.3366336813236974,0.7304961389371202,0.506151770179717,0.5318166067309369,0.6909152024011741,51.85721406819168,0.6964469280285632,5.293919851247524,45.05571090170967,0.387724672923243,12.74259784437665,6.05301512250196,2.3882748518900936,0.904229835843483,22.321141021530668,0.6373183359677388,9.123903844429943,187.2661745062211,0.23058469956816005,39.143953130461526,State Highway,at_risk,heavy_rain,accident,moderate,essential_goods,high,good,low,verified,Medium
DATA_00027,ROAD_551,VEH_8564,Guwahati,Assam,Shillong,Meghalaya,26.269438551975576,92.1671860558749,25.502906691487578,92.04425907474867,57.27337984655041,22.292423688533923,439.4861434559574,55.70422138130213,25.116586189418758,89.28508640267063,7.869889179355251,53.64134588232775,39.69696852835461,3,1,5,47.70027438991249,0.6691207816952006,1156,62.55830240423894,2.067846577326306,112,34,2040,9410,601,4483,0,0.8571306104094085,0.2776304055255845,0.46090239217656714,0.3796680625109191,0.12133615264235083,0.1426055097368596,50.14049802852648,0.37683355539757446,4.781677573455566,49.78101404953165,0.27775659352473514,8.123340794937583,0.4762379461758706,9.377433142749577,4.195881438058028,21.24901710735454,0.7539664462375233,2.238396289532845,89.54786439548533,0.7808331082069757,65.68575908607869,State Highway,blocked,storm,accident,low,essential_goods,high,good,low,verified,High
DATA_00028,ROAD_533,VEH_2821,Guwahati,Assam,Shillong,Meghalaya,26.276172632635397,91.3564603399614,25.121848345158618,91.80997135449776,166.95889839974637,36.42258458592429,1158.7779661796476,3.4206992839746686,11.570178775276595,87.65094742724008,32.49060722306853,57.523764901984286,60.55639536105139,1,1,8,35.126661013572175,0.6748354622338821,696,41.46194465516669,3.8814527052677286,153,73,1906,4068,1660,1601,1,0.15414345832707685,0.5208475562577365,0.5058621572638293,0.890665188477174,0.5433215619345564,0.4123629860480513,47.90945547109402,0.6767530936014725,4.935520396464214,49.24157690206241,0.37728586074970083,5.819354960315042,0.35917386486768677,8.096680146515638,1.7240124658169564,23.323525536266043,0.6397798737329594,7.943512366988732,190.41707158277003,0.4327630258603894,13.546855063616654,District Road,blocked,rain,accident,critical,essential_goods,high,good,low,verified,Critical
DATA_00029,ROAD_304,VEH_1686,Guwahati,Assam,Shillong,Meghalaya,25.815595820049726,91.46511382440534,25.39822405568602,92.56002790485277,128.88194656567399,26.005962214816837,162.2553116127442,146.06958273256916,26.172512470018756,62.874990299819686,52.417619175808774,23.346282397254395,62.458509404614375,0,3,0,24.56258121398557,0.7394739292145918,994,64.47432585061406,4.588192380357917,227,43,965,9129,1717,4975,1,0.8394483733015708,0.5154206828279536,0.7409184699214191,0.6816650594741086,0.1631416048443743,0.5819626390641818,72.56388956779207,0.6091057980084778,2.6752251026364924,22.84845712858376,0.13150817704651188,2.52130931042491,6.67700837028974,3.7584627048167722,3.013108138652999,15.652901822076135,0.6828353659118404,4.163922853947929,34.52991164127914,0.8090260225394745,38.204744824678585,Rural Road,at_risk,clear,none,critical,essential_goods,high,good,low,verified,Low
DATA_00030,ROAD_900,VEH_8179,Guwahati,Assam,Shillong,Meghalaya,25.534798965798544,91.10085004459316,25.778515373506867,91.97622701503929,108.05651238841888,15.805822964737327,1064.3158909310032,144.1972756011906,25.127370721369637,80.55779256110277,57.18529410960561,46.040936492947864,71.04675774388636,5,1,0,35.087262241686346,0.5235679052290317,915,35.71927206574408,2.0327937146489625,88,3,3213,4048,1322,5141,1,0.8308340046505494,0.19420879639254018,0.7199715868251906,0.6632302489654607,0.2716563403389758,0.5895017462109141,63.57864487285557,0.9489716326326143,4.930291613283421,18.007133639644806,0.0742561979777689,3.5788399368800174,0.9257099839301282,2.5539072758563695,3.566849471819072,29.931560100576043,0.7673592528503423,9.708051127267561,246.97929841955937,0.6674878533422774,66.76323894556705,District Road,at_risk,rain,landslide,high,essential_goods,high,good,low,verified,Medium
DATA_00031,ROAD_667,VEH_7044,Guwahati,Assam,Shillong,Meghalaya,25.967405839291676,92.47451793646418,25.12977122971377,92.64952038088501,35.1220642114942,21.332718316623428,776.8719673105445,21.84524191412224,27.923339962748745,71.53992994618642,27.593731636584177,48.66034692252991,55.99204067811412,1,1,3,19.38643737907179,0.35362213636838546,251,42.498724783149804,4.240599448572695,206,16,3796,14583,1897,5416,0,0.7142253098861254,0.2032263662375109,0.5022910291594997,0.7945693019355109,0.7651126451740331,0.5144817063392131,36.28871799652275,0.32147521966692477,2.6051361072330628,47.3895134655631,0.3203417631069447,5.283935409593868,9.485334740734546,5.670080140637854,1.4202415513222555,6.9714976196373435,0.3374113436381515,9.607164643388783,86.75148247304048,0.6375156530140134,59.15426226465584,National Highway,blocked,rain,flood,moderate,essential_goods,high,good,low,verified,High
DATA_00032,ROAD_183,VEH_1744,Guwahati,Assam,Shillong,Meghalaya,26.44854685397039,92.1565335531917,25.264655907833056,91.77405089361255,151.59155656259475,8.505623676120107,1150.784324752428,112.40625373805983,10.757147464535768,90.00485966520296,35.00676159509972,64.93351025108629,34.167529036369814,4,2,9,23.570726872713006,0.7458794515430381,931,34.871693571487114,0.9013516402794018,60,20,2000,7809,1291,4704,0,0.37215405468142193,0.21493495293010767,0.7891880614659958,0.35545311411738245,0.8904186955736718,0.3762964485607989,42.91016250218175,0.770498746096381,5.955124766480132,30.599205363288885,0.035653835338277956,3.0174947385728483,2.569031037177378,2.10269718175564,2.2479800599783237,8.521940875204589,0.2354237042602032,9.50846403432897,219.43686633154692,0.49269432033441357,87.01486817914694,State Highway,at_risk,heavy_rain,landslide,moderate,essential_goods,high,good,low,verified,Critical
DATA_00033,ROAD_617,VEH_8491,Guwahati,Assam,Shillong,Meghalaya,26.466686630552477,91.32271663378936,25.352895088856357,91.56570252601625,133.82566681079055,20.934090598276534,1599.9771098259419,92.6504710616672,26.35650092224043,71.1764084015688,34.51799121089098,79.30206557754275,44.47422154780324,3,2,7,45.885950582150755,0.6820064506875135,1664,40.16270360571792,0.7488331698119557,56,72,2501,4189,1042,5432,1,0.15882539979427346,0.5034044232985638,0.7115232917657917,0.3237765420991856,0.8912725604965781,0.6443189120950886,23.316771380651268,0.931312111560338,6.280931216276949,25.756148509144285,0.02880699332221339,16.103047339237968,3.5230359395351405,9.450537102598378,3.7748258614639694,9.97644703881125,0.5563857613576275,5.500701132135795,35.19325430509181,0.2959254614972643,36.64325642822138,Rural Road,blocked,storm,landslide,moderate,essential_goods,high,good,low,verified,Low
DATA_00034,ROAD_444,VEH_9311,Guwahati,Assam,Shillong,Meghalaya,26.328289385957376,91.79850974481381,25.70873980643544,91.88972773415864,207.62223164607957,14.462702210187997,726.2082767718083,110.35226179164204,26.845159811825415,94.09541140306229,37.10361780168325,75.7728369751103,68.02593700414843,1,3,9,39.081527792097006,0.12131772397106655,1071,33.27652184928607,4.105750346973329,326,73,1132,12819,405,5680,1,0.23640964939732748,0.6032201929162909,0.5957886444008715,0.7729336999666114,0.21822056664026546,0.644581516040543,17.209935933946955,0.911153878088226,3.696937370113273,14.395820853347875,0.3009413570179696,1.359809982625639,3.2741863377693816,2.362881323074109,3.4525013045926274,15.259435233067627,0.7424806112649636,9.284688549074897,221.38398450527208,0.7150860898880769,14.982502881154556,State Highway,blocked,rain,flood,high,essential_goods,high,good,low,verified,Medium
DATA_00035,ROAD_659,VEH_6804,Guwahati,Assam,Shillong,Meghalaya,26.17586857655637,92.30148160518249,25.680745889569142,92.54474828914782,80.80330215631136,39.92866899940832,923.1061728808959,86.1067770018122,33.933434904835956,62.55528781647905,21.417453865466168,85.9039882429223,88.58082371807966,3,2,2,41.99109941806752,0.663920749469267,1513,55.24941298700984,2.243724097601464,208,71,3457,12823,860,3257,0,0.5587814430989161,0.5345527015906225,0.8166083692321809,0.4156259645126906,0.37610774013166937,0.7184514630115976,25.25332853445176,0.23154986512454415,4.632508258292884,48.212548707169674,0.19467214216744289,2.501559284187157,9.25529439252083,6.903748454958168,3.7366924985900245,10.34967020192519,0.7795661924556236,3.440194497981782,151.45405442743407,0.3901350266940226,18.7381265256864,State Highway,open,clear,flood,moderate,essential_goods,high,good,low,verified,High
DATA_00036,ROAD_105,VEH_3587,Guwahati,Assam,Shillong,Meghalaya,25.906907451546882,92.40254814789422,25.878399621514227,92.12068307657316,65.87487417354839,26.24189378952823,1738.6538661145908,9.448399231103302,18.02919255297917,79.06540630506214,54.936532730459234,26.262250435806145,55.93066825402986,3,2,7,33.73032969127617,0.6784941425939387,176,65.66148628349262,1.4628562651452972,120,4,3625,7504,1913,4958,0,0.8492869958222102,0.869705104066674,0.8408317583171544,0.8013945343343387,0.10741373478407984,0.5543694949315964,22.51104835414766,0.9372454162782549,5.5830642323931166,21.38246609400185,0.0582070638153922,19.792889931685743,5.524344738858355,5.445211783076372,4.692802508704362,26.276493464449917,0.5276145383044031,2.735302584464288,50.345521229534754,0.31374598377781704,46.71315768258889,District Road,blocked,rain,none,high,essential_goods,high,good,low,verified,Critical
DATA_00037,ROAD_946,VEH_8007,Guwahati,Assam,Shillong,Meghalaya,26.015280658959796,91.13010665477253,25.669255853409954,91.74021556136154,52.34073139588864,32.049171248159716,650.1228391446407,102.20062003576908,16.201177091678623,61.73533746794497,17.953668904084367,72.76296562470199,86.32278581239301,1,1,9,25.568104389206514,0.678306022720798,123,33.077657540769636,2.4775364980863577,150,7,2935,2936,1253,3413,0,0.4243332903747178,0.5020163769907117,0.8160946958530033,0.6628456280818048,0.3487823587077282,0.19393259667582108,79.12912700954448,0.4212782001171851,6.0881710471359005,34.58501792575396,0.345335671623914,5.163443417771535,1.5089740655286805,2.378670082202613,3.7386741857542827,20.143473702226736,0.49109193080185726,5.943110579365283,130.9363172978451,0.5762623813852406,63.127555147173105,State Highway,open,clear,flood,critical,essential_goods,high,good,low,verified,Low
DATA_00038,ROAD_307,VEH_9792,Guwahati,Assam,Shillong,Meghalaya,25.649852381382413,91.49217645661331,25.520341541184788,91.65111202884006,67.24234167405316,22.070578714781348,1091.3510533497297,65.12127633436387,12.273541111292197,72.96689093147755,49.478064574748046,51.74026101258474,51.05982745613132,4,0,0,30.987946649915663,0.1461894247460198,1046,53.63838561136847,2.1949326021823317,41,50,1242,14376,306,2685,0,0.13623184218226303,0.37562309324970766,0.1510079296896666,0.8952989283815361,0.8476662391079571,0.15521531692825105,80.36428938094515,0.2238011532673093,6.111552640959235,26.354677432769932,0.3349341405042016,15.61046918908617,7.705111292652376,9.804999564316908,3.2294040904858172,15.509048472058197,0.8949996190066152,4.442316569662348,220.6645641949094,0.8347371180672007,40.05164270415901,State Highway,blocked,heavy_rain,none,moderate,essential_goods,high,good,low,verified,Medium
DATA_00039,ROAD_574,VEH_9920,Guwahati,Assam,Shillong,Meghalaya,25.924128029733403,91.56891470205069,25.229664066787898,92.09881286211318,55.677915836866475,39.728177490948305,420.4167671024621,70.75055372112733,31.880204365593183,84.44704681693024,6.771952320048957,66.21383800615997,59.193856576712996,1,1,0,47.76832756349058,0.8112330735662329,592,30.304081092510707,1.0549319220087887,47,57,2648,12010,1740,1298,0,0.6924328627838893,0.4218122806487251,0.28747142279004934,0.27381536814204277,0.7909841941360451,0.14515522801956876,50.272709425865415,0.4169475885154391,6.413962730716555,42.631450270532675,0.3073481776463942,14.898832179204348,3.3252562244180823,6.381259068495361,3.3626595071845684,13.01662788482458,0.41123510460094226,2.289343907469958,173.54779535741721,0.3547299183122228,34.04007630059357,National Highway,blocked,rain,accident,critical,essential_goods,high,good,low,verified,High
DATA_00040,ROAD_252,VEH_5913,Guwahati,Assam,Shillong,Meghalaya,25.87646018850713,92.13162414585719,25.47351882041222,92.60414321193805,89.16937632288399,3.78159568419329,1302.8805557295527,61.99466935906971,30.144403998372173,91.16335282171575,35.931227227280004,87.74503319826387,54.58294065594185,5,3,8,19.69324628706773,0.2942868128716686,516,36.51314968120525,0.9348873836714294,260,47,578,9775,1783,2460,0,0.31476927028398494,0.6389375365076628,0.5823376359912608,0.7988963667916317,0.2505306351462043,0.709357134029768,65.70136678965044,0.6191378572043955,4.165298533685778,29.17576825883659,0.14111909378019866,17.52000317896622,3.4630502460244488,9.613177844740058,0.07666853114246419,28.428994080056192,0.8734542892801214,2.0558457949900104,249.90370157900762,0.535244613439656,29.40745454765932,State Highway,at_risk,rain,flood,high,essential_goods,high,good,low,verified,Critical
DATA_00041,ROAD_609,VEH_8635,Guwahati,Assam,Shillong,Meghalaya,25.59860823156548,92.47197768526986,25.46949042202256,92.59165053603279,230.2960147464225,31.46952751842327,730.1983664331393,68.51911398712606,20.348254264465616,75.31361273589594,17.17007540739239,30.2145899171784,30.861928792781566,4,2,4,47.71653876037237,0.5633143408299204,955,34.75961437538691,1.5790548049975859,147,48,2533,14653,803,4990,1,0.30586140610790624,0.7572735517538851,0.873206613800275,0.6133555635189658,0.4924764660646259,0.2345869167612328,70.6482860047544,0.32694928314513627,4.5512661600950945,38.812541230483745,0.119393418406434,10.278010103828516,9.185614019004795,5.879231698162196,3.2090473159118327,6.468301289518253,0.2236766300152834,8.620276448644502,237.6673250202021,0.667750880375207,71.14710748576154,Rural Road,open,rain,none,moderate,essential_goods,high,good,low,verified,Low
DATA_00042,ROAD_594,VEH_8993,Guwahati,Assam,Shillong,Meghalaya,25.51573176686922,91.7983187275191,25.411338508217415,91.52174399188343,186.10432597391582,2.347375544245147,1010.7547749706721,91.03192554475172,17.167213413332142,72.59972145104464,43.38224919193843,50.14012460732265,85.17695302353702,2,0,9,21.274339435589123,0.834439075567209,1173,27.444874287012524,1.5556263134538726,299,32,3539,6807,847,4151,0,0.3984412667709457,0.4248219278991088,0.5520017459583753,0.8921864253117818,0.2806858021019377,0.6472333003763084,74.35069714220751,0.6903017896693648,6.235614884392003,44.32876636084749,0.26233686486904917,15.43213115336005,1.1163049531856724,4.413376200158343,2.7635071976484764,6.4028734782241425,0.20661512085789144,2.542452176989429,137.4681384503782,0.5037367563801636,72.75010486320889,National Highway,blocked,clear,landslide,moderate,essential_goods,high,good,low,verified,Medium
DATA_00043,ROAD_387,VEH_9897,Guwahati,Assam,Shillong,Meghalaya,26.063509864047983,91.0493526702302,25.92876636125466,91.90883010119464,241.13791367148133,36.248372442934226,1097.96137694363,124.61178824126553,28.806361746171625,82.07201299772119,26.906281121731713,25.385624400894212,22.99602005717647,4,3,4,23.41652680065004,0.7677204480734016,896,53.85174829383409,3.473093370530859,226,17,3437,12293,1783,1542,1,0.1429571455579149,0.4496706022747994,0.77093972609054,0.3724741971800848,0.7152045226923539,0.8638867175317326,42.76921345162717,0.7801661870984917,2.7973922397026043,11.185026357806604,0.03769354888186245,6.193213543947149,9.927341608817814,5.41543110499714,1.7790559885292394,28.528571124268137,0.5022935623676813,7.11725372279343,173.651179190847,0.259985882345715,59.489271220791025,State Highway,blocked,clear,none,high,essential_goods,high,good,low,verified,High
DATA_00044,ROAD_105,VEH_6050,Guwahati,Assam,Shillong,Meghalaya,25.944735864996296,92.14201973680146,25.102231414113245,91.61348640206165,119.125288674489,7.8603966268897,1046.8745547760873,128.101887860151,22.811021210261465,54.648181730373096,9.929036307821313,58.79538637783004,57.75396442296731,5,1,6,42.45535534884826,0.7909745418145533,125,34.59236756481605,2.6328975765811653,73,71,3907,4977,1471,5168,0,0.6482527934356452,0.23560139619612724,0.315135170824118,0.31472543771936856,0.21674785651723827,0.23376592060730614,34.31733101216825,0.4248141904411724,2.9262036708450445,41.30666496661942,0.14033772689898374,7.8613733335010325,9.453378497187664,7.488095072100334,2.479012183614313,20.416719800894747,0.5205031430339861,2.2194057311260846,26.52265812073109,0.47698438489848405,77.32907093774807,Rural Road,at_risk,storm,pothole,critical,essential_goods,high,good,low,verified,Critical
DATA_00045,ROAD_305,VEH_8848,Guwahati,Assam,Shillong,Meghalaya,25.81418328119544,92.44686193464219,25.968725221746695,91.87888259705407,179.8402865645853,32.988067860114114,934.7124319165739,154.71152407815032,24.396982040624017,60.90909335512579,25.68304162782809,77.15461608030392,41.43481037915679,4,1,4,18.986073826419933,0.5510804069030287,1312,69.86324628652225,1.4895996693478484,311,3,3178,8563,1750,2617,1,0.7381484168251229,0.7650254469682889,0.15532693755010102,0.7782303440311958,0.7360364997931813,0.6383821219164324,24.742538588743827,0.4271244818830182,6.289115688064465,20.107267397243668,0.1418527590425333,3.9287214546612743,4.346653960145654,4.392917362344907,2.2453336041681693,19.948346368825938,0.6075708134514359,5.809306610819054,232.7865446514505,0.8087436071350886,43.464055385378124,National Highway,at_risk,clear,none,moderate,essential_goods,high,good,low,verified,Low
DATA_00046,ROAD_762,VEH_7547,Guwahati,Assam,Shillong,Meghalaya,26.466811133568605,91.49739505312276,25.796231064427314,91.63772791708791,42.67950847379733,26.988862494069096,477.4018352340877,63.90158750072813,28.671325690820396,75.10970373543593,42.82154248385092,35.47222153249754,39.929565424403044,5,4,0,31.207212299346757,0.643644390038192,1514,45.02328908098673,2.3973206317973506,42,61,628,5840,1151,1603,0,0.7650541957657108,0.684120578418226,0.3786629218571802,0.3744533446749009,0.7274159980229576,0.5168918638403773,39.38102076449526,0.2732172733442817,5.080124815627094,38.87975773118832,0.2340237110389107,9.596496671879887,0.8583085324063,1.40214747407789,3.553894948776262,5.564627880077809,0.44015456328972385,1.9842641360629645,205.01127829387536,0.8509457125420148,69.23915877575453,State Highway,blocked,rain,pothole,critical,essential_goods,high,good,low,verified,Medium
DATA_00047,ROAD_129,VEH_4232,Guwahati,Assam,Shillong,Meghalaya,25.94957501137408,91.64432926165502,25.004450043326138,91.77923493659138,84.01931101854788,38.42157962589009,1296.3915636751103,41.73399853405386,29.900201272696954,75.98065573408337,48.972629628769035,57.58223073994509,39.26344235300118,3,1,2,21.89759963016409,0.19116397656412953,1473,63.13182737286537,3.4024326079528047,357,40,2645,7367,1551,4115,0,0.3783397099494036,0.7764142421356474,0.59389014346914,0.7509906034087471,0.664790688756784,0.3379558677594815,58.013916099904364,0.26356397646727087,4.22853780971713,15.357910786028427,0.26338197313082967,3.2393714005714775,3.1927240248478896,2.6474006649833512,3.4671827085822278,17.77062173717902,0.492767374347881,2.2408056868110173,111.33474163847957,0.33002758950493594,60.84013136469082,State Highway,blocked,rain,accident,high,essential_goods,high,good,low,verified,High
DATA_00048,ROAD_596,VEH_3236,Guwahati,Assam,Shillong,Meghalaya,25.69512849163425,91.57591626380193,25.561582077335103,92.34899068879679,114.1009001246112,7.331268333716288,935.9339960409085,56.62440263895197,27.75355932114493,69.9733284264168,14.198941808543234,59.57784594714827,73.67047116819418,3,4,0,22.718532720380626,0.12615606948645663,560,46.880430910240975,1.4251493759011553,264,72,3241,13657,1868,4957,0,0.5581712431562343,0.3143111275143207,0.534484945674436,0.8927148960045681,0.5336347032941039,0.7054289939499528,68.20028916246159,0.5310249347967277,6.307367801951868,18.74167740040294,0.3488984477254367,9.077939048006476,7.412689236810007,6.88304532142065,1.2376581243317175,26.870246156922107,0.2225612768144357,3.365337022671049,218.99491573694297,0.2608881041955123,79.22323763010364,National Highway,open,rain,flood,high,essential_goods,high,good,low,verified,Critical
DATA_00049,ROAD_311,VEH_1972,Guwahati,Assam,Shillong,Meghalaya,26.070074344804997,91.79842119605561,25.5968576858846,91.71889057398401,245.17003597268734,34.71985045826919,597.4789864708969,109.84712447150582,24.318389495339815,92.85788054474263,33.29282435925198,83.01087020003015,75.21447246982166,3,1,9,19.74561172498032,0.7000753091912928,942,65.93843559149127,5.958674241045709,94,89,3747,3174,811,2098,1,0.7627854421589061,0.7091788699838856,0.6409876429599568,0.49156698073251026,0.5619404234433292,0.3149737216699887,43.995756255552635,0.5389937919127732,3.3264786247470934,35.34511053401191,0.07290928705217492,17.722376544839147,1.1123288836176506,5.640521248789291,1.3911284392589185,28.40840285221438,0.4583498218527954,9.552286709788444,98.64008803620932,0.20173115959938934,71.93082323501545,National Highway,blocked,storm,pothole,low,essential_goods,high,good,low,verified,Low
DATA_00050,ROAD_445,VEH_9967,Guwahati,Assam,Shillong,Meghalaya,26.07793364026095,91.8492131663757,25.485337904008507,91.9468615067184,176.98694300143737,32.23576121261812,182.295743957929,71.58885627395948,12.489368547905146,85.27503928282557,30.27699694704618,28.69660254612789,78.61212799428911,3,1,7,30.445008210674928,0.10054074520968337,976,30.115910319869986,4.287255350513307,97,83,1436,3604,861,1664,1,0.30031142283928713,0.3974750141174126,0.8230402150685263,0.23242006332747503,0.4170732535457866,0.3444073958753846,63.96089600672015,0.3756078811133146,5.8133744681952315,36.219409135341394,0.12204399855948057,14.37026275551684,0.21064577617889216,5.2912603743482265,0.663498960199933,10.65477153648515,0.6759879075851054,1.0835825284761413,181.50934913981095,0.771976318839309,89.05239275714176,Rural Road,blocked,rain,accident,low,essential_goods,high,good,low,verified,Medium
DATA_00051,ROAD_491,VEH_3181,Guwahati,Assam,Shillong,Meghalaya,26.141576148516982,92.01570561687856,25.068411607522577,92.23227857881052,160.37342503297813,10.699980963443643,378.9981346440987,16.07959457887268,18.779692970669274,59.58749531405867,46.15478600059134,84.3925887258328,59.2860810080565,0,0,5,30.483435430367948,0.2737957423131945,305,27.000657078789786,1.1773647237021958,226,44,1958,6152,1920,2045,0,0.3215741255558763,0.16739897279838933,0.5427173054277841,0.5800062937806824,0.5860744791324186,0.723175722010608,63.33332525102577,0.8359190783299693,3.697021309647837,36.33621480340575,0.1596734420565949,6.731337337966773,5.273941452412928,5.585703095032414,3.7392182049062477,12.388551281051667,0.23819839171067708,9.081213043212907,239.80109005310936,0.5464214039602868,19.019493008304682,Rural Road,blocked,clear,flood,low,essential_goods,high,good,low,verified,High
DATA_00052,ROAD_276,VEH_8717,Guwahati,Assam,Shillong,Meghalaya,26.454452983940886,92.15555057383692,25.016689401770858,91.58779234005459,80.30261374727543,39.50153624804118,167.70566529322258,168.10639230135885,11.511721489705142,85.5180499546891,32.863583235120984,63.99994872424032,50.08391724056601,1,3,9,29.540119803139067,0.6614485108988131,268,52.02686441561759,3.4571044697482796,108,35,542,6077,461,5088,0,0.8794507074836497,0.22430170498126847,0.36140023702819046,0.5691497304099455,0.7105793049009231,0.6198716263833981,60.02081986239594,0.43262712004785914,4.685424884645403,27.499441722023,0.17992814301592658,19.11513155760537,2.538646404202866,3.200317783474289,4.623138771745696,7.899664538609207,0.6286077560945055,1.4952575771779602,174.86790524334486,0.6606366523985618,24.051672291423678,National Highway,blocked,rain,none,moderate,essential_goods,high,good,low,verified,Critical
DATA_00053,ROAD_994,VEH_5403,Guwahati,Assam,Shillong,Meghalaya,26.23293583755504,91.17708508042354,25.899897426585525,91.93551433421105,118.74465094920646,20.863691435863192,990.5521594627378,62.40692298219326,16.573741270661955,93.87727645001803,39.51430580942967,54.73032982545975,50.86255035407775,4,2,2,16.940368879484755,0.787487826149977,441,38.38438889284059,1.9031384457149296,82,73,2961,12842,536,2771,0,0.13523032581024763,0.790342795922089,0.2956411602853628,0.47741167166219056,0.40638357949391934,0.22006773459292006,80.18120540100298,0.8431138983109794,5.499105536375164,32.11459153983458,0.1613103837388279,18.36500572090145,7.458525115444454,4.774323739265187,1.6090100723603062,15.406414962532883,0.7042015449997379,3.44132162208835,42.52459074255519,0.46096571671650294,50.16327540476662,National Highway,open,rain,flood,low,essential_goods,high,good,low,verified,Low
DATA_00054,ROAD_108,VEH_7044,Guwahati,Assam,Shillong,Meghalaya,25.700671153452955,91.84571011123629,25.303909307268082,92.30953278105973,126.70313883351484,38.25501748349625,1105.8745894741874,12.406758799094117,22.33401689637212,84.76759683277359,15.748233313005292,83.03103080584962,70.83857762573572,3,2,4,23.5794406031804,0.10510230620144326,939,21.19551279880022,3.478498599717992,355,88,3793,1157,986,911,1,0.7792047902231375,0.681772031232778,0.18315921548124772,0.5238515912480101,0.29053407561669253,0.49362310147991806,19.192655295723274,0.9477194525806614,4.71236558129627,38.466098988004106,0.14437435025592518,2.767506128803676,9.228489149126643,9.075587247383133,2.598796092460185,22.52117274246699,0.4607443818518565,9.77099311151426,44.103043941210146,0.2669039037361699,20.681108020076557,Rural Road,open,clear,accident,moderate,essential_goods,high,good,low,verified,Medium
DATA_00055,ROAD_176,VEH_4321,Guwahati,Assam,Shillong,Meghalaya,25.636111846416718,92.15521993023948,25.10897283371844,91.6373550751335,123.40035198027398,10.997325920192067,633.8565892806002,46.97836900624981,13.01841842679764,66.122935067181,47.36852117940778,51.63419538424566,47.06772760451312,2,3,5,44.8368764981402,0.17233671043881993,1753,54.30274214752576,5.045126783668073,338,5,1080,14695,971,2115,0,0.6689259186280893,0.8747200033410952,0.41699557014381694,0.13916049407233821,0.3390725687752174,0.7560716926495827,27.170741276262294,0.9140724551178079,3.5878234873298176,44.18405218488012,0.14086193332111824,11.563121469419377,5.59118474162039,1.8525274929284241,0.5095367433092274,24.84524356942494,0.2850172788528341,1.555022660444311,200.71599853096626,0.3556016928814401,25.85064281444157,Rural Road,at_risk,clear,flood,high,essential_goods,high,good,low,verified,High
DATA_00056,ROAD_967,VEH_6432,Guwahati,Assam,Shillong,Meghalaya,25.622527659257475,92.41342099153617,25.050637700915257,92.70137124319412,119.62596676489441,36.86228609744005,1331.5324401222003,13.4976925248208,22.403159780331382,67.2228247355266,28.46652101356086,44.7760276871184,82.66433726975387,0,1,10,24.624361915848475,0.4568091445173251,404,21.732472186575297,3.9054710186524266,155,82,1408,9173,1143,5411,1,0.14878325514627422,0.32382078995117713,0.20978881370565183,0.25956624533326933,0.807722012979972,0.5206512466022238,59.15280721773288,0.8016260620783455,3.015166195988018,41.79384977207481,0.18850390305767575,19.798668699469143,7.862774515085166,4.232008988538086,2.7225890301702584,17.11698713601271,0.8388739116188568,5.521539299893675,112.38578677809258,0.32587111158850846,35.510205386350364,State Highway,open,heavy_rain,none,critical,essential_goods,high,good,low,verified,Critical
DATA_00057,ROAD_646,VEH_1916,Guwahati,Assam,Shillong,Meghalaya,26.264049723717513,92.42170371732948,25.575692108619997,92.77746402648543,109.33717997077899,22.118427094686403,1689.8502545556262,138.03159032104912,34.788548023481084,57.817041411433486,18.01031230083535,42.260305780431,69.04840808965359,1,1,1,27.55740964404717,0.5732499958765898,1540,55.028040167570914,5.7115730428850835,318,18,2506,4084,1959,4932,1,0.2404454141285206,0.13037099296007978,0.1449343814410171,0.5813302291560706,0.11594239191084209,0.48239119053294355,38.22137955019424,0.6606010757468512,3.46461118061921,42.25781653240011,0.1141856805205977,7.474421841068677,1.939106752008584,8.221820001293395,4.341085490718067,6.488899071125852,0.3033984132902803,7.342267075590918,56.87184947902308,0.277644414399092,52.10359028617708,District Road,open,heavy_rain,accident,low,essential_goods,high,good,low,verified,Low
DATA_00058,ROAD_278,VEH_6846,Guwahati,Assam,Shillong,Meghalaya,25.723237213980642,91.88342523367466,25.17535162999022,91.89887019808735,178.35464110776016,14.789320703350569,316.49222003001034,58.068576787123824,28.220773898399976,92.69546468995794,57.17839879174466,47.412099909432136,89.54265044381044,1,3,10,48.781437910064284,0.12590619434166994,1333,35.91084559300475,4.9484380917357225,343,28,2819,10265,513,4964,0,0.36493474093284206,0.162245310771441,0.3774480997465828,0.35561494331292753,0.6089494161922946,0.8704636996312499,72.51632637998168,0.7025184283355401,5.096721062579256,39.17143788535998,0.3850515981401205,7.379239845916395,0.31167707889588053,2.8871585596044933,3.4658803816063246,13.7620290474329,0.7509140042634623,7.483722291972715,35.83317798998837,0.5067540989280428,43.57225833481658,State Highway,at_risk,storm,accident,high,essential_goods,high,good,low,verified,Medium
DATA_00059,ROAD_562,VEH_2207,Guwahati,Assam,Shillong,Meghalaya,26.299194565756338,91.05011917980286,25.02007799833057,91.83946602297694,44.086761154726815,22.74891077178126,681.0739419548125,18.25714073468189,32.19828169335758,57.24070227100945,9.125133157428678,85.92839004746594,88.24332183188478,3,4,10,26.828270448677753,0.8882208801129146,1088,55.22523232958957,2.8722783378022343,114,77,3844,8113,621,1338,0,0.36487566355198897,0.8795187365411773,0.4274238926005166,0.5432899458529835,0.8404588802455306,0.5321003452853249,61.24185248990815,0.42305048576117465,3.4023309100465924,13.836636856089664,0.3081325465524268,8.465142077681618,5.586693808664188,5.418534482883732,0.27252425852525686,5.095389304236687,0.2613398515148804,8.415075763748451,165.64546458459267,0.5362298782152859,17.758951798519902,State Highway,open,heavy_rain,none,critical,essential_goods,high,good,low,verified,High
DATA_00060,ROAD_757,VEH_9914,Guwahati,Assam,Shillong,Meghalaya,25.887527117020497,91.55653078726112,25.38144518710227,91.74255782350531,30.261892680511412,34.06322482518359,847.5587188497076,55.50361202119129,16.585020241558976,87.66854384605057,36.0335623352987,30.579147209647736,65.71767608372477,3,3,7,18.38459173589763,0.6345129391180955,1755,47.0724503003011,5.838880454454666,331,29,2467,1999,1092,5180,1,0.8725021632642412,0.6496543459111095,0.8490891484905743,0.558171432504975,0.28851361558593674,0.33908168720576193,42.636305564600256,0.8404548662582731,3.560017588470485,11.389139742285451,0.3600534436940791,11.853178770159529,5.264810489449004,6.143368647231265,4.913773820559424,8.686191350274134,0.8644783715161095,5.0413576256924175,238.53883368136582,0.3170153512099043,26.951212768829294,State Highway,open,clear,accident,low,essential_goods,high,good,low,verified,Critical
DATA_00061,ROAD_926,VEH_2097,Guwahati,Assam,Shillong,Meghalaya,25.587027440876508,91.8345463059547,25.552054191575397,92.61361143484012,139.52828083467594,39.5546375808028,1659.1752483315217,78.3707841958513,10.309094933150453,81.51854547141198,37.316684825278145,74.7179962647823,19.001507410074705,5,1,9,20.23748118569695,0.5532751416440852,1293,57.91886939288365,5.668074917429104,84,72,3393,2654,1909,3243,1,0.8023148501568439,0.3113093041362969,0.6238301365708397,0.5576185918388495,0.4784372927991489,0.23775978252538527,43.20817709021037,0.6636833664513486,6.143217942926377,37.232514528531205,0.11799681679535509,8.632678067213803,4.078768893464113,8.910618685062577,3.4525687708548936,6.2322743881027804,0.5326527338071501,3.4172591945028468,108.79915658051073,0.4365062569988529,73.49216479245123,District Road,at_risk,storm,none,moderate,essential_goods,high,good,low,verified,Low
DATA_00062,ROAD_191,VEH_4079,Guwahati,Assam,Shillong,Meghalaya,25.941716598059166,92.37014920812811,25.407170360840446,92.12979842861996,138.7953261990358,7.106649796800738,735.647356478345,175.3594964285959,11.405145510150064,85.61706764365553,8.608933218656256,69.66985788550727,42.270811280995495,3,2,4,42.31807503696782,0.5194289736707961,1264,21.447407966009283,1.5601989575735702,132,7,1221,1541,1234,1314,1,0.6637071561760293,0.31918199877948716,0.7588050333512929,0.5041010999497311,0.6083278472606752,0.19909828711256,17.13942346673955,0.47935007115148043,4.919916529821003,33.761743738086054,0.2969437770424309,4.374090189113371,8.730711564800936,6.281922235801841,1.7487995082232728,9.08784036294627,0.8261443442185368,7.740650210364399,179.9913709635897,0.3995485635043333,40.92525365927877,State Highway,blocked,rain,landslide,moderate,essential_goods,high,good,low,verified,Medium
DATA_00063,ROAD_798,VEH_1145,Guwahati,Assam,Shillong,Meghalaya,25.974097206529343,91.19847113617553,25.173200656482145,92.54112425082178,71.46710729636102,27.75241935145689,1134.184600924294,48.43504426841228,33.575124201450436,82.07332196471168,44.01525080465314,39.276499075192774,81.63863800554003,3,4,0,44.80551605824249,0.4671984151124877,546,43.334900774860785,4.224578860130223,349,50,2594,2676,315,5090,1,0.5491656938036806,0.5750180340352661,0.3261415022520776,0.647530508685735,0.48539073505304486,0.3690269231102524,34.353827497673265,0.44385280270962935,6.368553422915122,21.07539721165505,0.3485593734421983,13.466272499492627,9.531440421531075,6.863198218413592,0.9418004062000396,17.932339639491286,0.36821145437494607,1.5109720695679512,217.89595600613833,0.7670202822985002,42.327874100524376,District Road,blocked,rain,none,critical,essential_goods,high,good,low,verified,High
DATA_00064,ROAD_685,VEH_4111,Guwahati,Assam,Shillong,Meghalaya,25.843167049635575,92.07005393381078,25.68631811093267,92.32980766684089,129.41909639910676,39.90382578397524,1699.1355228586226,46.69672908815801,18.962428291759423,63.50876728477974,14.349266523384507,66.03302792723949,54.659843552789596,3,3,6,25.282441850126588,0.47662469820942954,1617,32.932592528010396,4.945891280283586,123,87,3884,6499,1640,1631,0,0.38422671689586596,0.6953679434742465,0.34566821706576684,0.7304723494460794,0.3650537095766212,0.30844738832456287,35.583578515523996,0.8384104161585577,4.83209480965343,28.82146270682721,0.2999581963823827,17.461474024158253,5.919031273477289,9.498708856000693,0.35607868702037915,27.235651536759697,0.5503341621448931,8.80747979228407,110.8755744562571,0.4088490276722243,14.32495765140601,State Highway,open,rain,pothole,critical,essential_goods,high,good,low,verified,Critical
DATA_00065,ROAD_182,VEH_8988,Guwahati,Assam,Shillong,Meghalaya,25.832629446916528,92.47996055904952,25.31341407175734,91.57541766469275,123.97224257075345,39.51328077642125,455.9500261696321,160.71212219589773,29.338556783014116,75.93255120815164,13.713931455662397,74.96476339883984,72.38019650461753,3,1,5,19.529208514890005,0.4469691314309093,979,40.16967401989752,5.809303120715183,226,0,354,9745,708,3956,0,0.813605113757927,0.7054781903816978,0.5248270284567875,0.11433290050475682,0.10329906717948267,0.68688259273066,30.83859979023584,0.8577388514448876,3.2214270764273754,22.48369041947448,0.3477096984681041,2.951456243451378,5.132697491116619,3.755035828822715,0.3264351123513215,6.142958793454291,0.8639243625371116,5.103336807716541,142.06489275532385,0.5668823505676135,44.69321840284707,State Highway,at_risk,storm,pothole,moderate,essential_goods,high,good,low,verified,Low
DATA_00066,ROAD_316,VEH_1359,Guwahati,Assam,Shillong,Meghalaya,26.08969283479924,91.25347711283523,25.36659145139985,92.34570249415759,28.59358836929691,8.265573337876834,1590.1250339191097,163.24096251485474,16.394729348132323,74.06300453872282,7.672282886995549,89.62761635599453,62.95759326703157,3,0,3,37.87486664402634,0.11579341321131614,1512,25.789491316965055,2.9437285892024314,93,70,1235,8772,1737,2154,0,0.6561536233767272,0.6042490721303495,0.34089316380543383,0.6293316608725776,0.6299863727111175,0.3159817196297513,57.39440358468029,0.3028726422348567,6.439518097973042,43.22610881883559,0.10524211806300394,2.993370501101842,7.243909000258446,2.0596111159351533,0.5700627634212396,7.6565927076598745,0.33905266319439753,2.7977444753172267,84.17363101308968,0.5662022753148064,26.133855198575155,Rural Road,at_risk,rain,none,critical,essential_goods,high,good,low,verified,Medium
DATA_00067,ROAD_213,VEH_9095,Guwahati,Assam,Shillong,Meghalaya,25.649144492666768,91.13512401036388,25.51170534696466,92.44063270196801,43.2968100763802,36.59355184355655,535.0165746761303,123.87670478196725,15.779007162293649,94.48996688409218,21.281219829074114,52.499415006530384,17.9847132046094,3,2,3,21.11456331308868,0.13155561597495488,695,38.01073320269439,4.222215926050313,248,14,589,14946,1852,1275,0,0.7815989800595905,0.6306840219926751,0.23640982108510028,0.3860219233901955,0.4501716134255478,0.5974456266660058,76.49328761782316,0.2697134865780667,5.18653252986082,42.59857158145985,0.021040439641809225,4.474518985769212,4.127619639951379,9.660789371347786,1.3591654537509505,14.642887243982855,0.7954701046256087,8.199091872540551,170.99045887125934,0.7578366899247848,19.044524510211687,National Highway,open,clear,accident,critical,essential_goods,high,good,low,verified,High
DATA_00068,ROAD_983,VEH_3140,Guwahati,Assam,Shillong,Meghalaya,25.983079656365497,91.73218416548823,25.887593928063545,92.07289424434128,34.56729069479524,32.486061793713645,1213.4550670847632,122.11076452485699,10.309005324648352,89.07495223363341,33.864985162124626,72.05366686258785,67.9018834620787,1,4,6,22.839472176330865,0.864609144150283,792,45.95498395081727,4.285329039046101,346,12,1972,11841,1788,2936,1,0.37659958996600296,0.6410364546859529,0.40790129392537144,0.7712264169838299,0.5466753893617503,0.8902332998091818,18.81962806593731,0.6825490374176097,4.945433677101619,16.277094932069648,0.3160824319442182,17.128065920744014,8.54833728417145,8.824740711514911,0.3743262123849239,17.29119902861003,0.3686242716880618,9.731305439050601,36.32891076847238,0.3558945662181593,61.46538518586014,Rural Road,open,clear,accident,critical,essential_goods,high,good,low,verified,Critical
DATA_00069,ROAD_769,VEH_1291,Guwahati,Assam,Shillong,Meghalaya,25.60264332148015,91.61850782151332,25.557131011404834,91.50022063012183,40.905975789652416,32.447928933615444,1127.1455693050557,80.6577454197673,25.476653843659555,63.70690811466419,32.95857571757057,34.47958741949289,63.71794966233249,3,3,5,48.2624295497678,0.3906739820558488,211,60.82943432886828,5.143745917823388,199,71,3343,11154,1528,4775,1,0.6727308002265242,0.19121868668459063,0.7074559608632937,0.277397686256152,0.373085691661471,0.763907108507521,82.5103578418038,0.41898767285621114,4.489493392266004,30.879403464165435,0.06510860378038048,14.339825011939721,0.648625476579336,2.4773983093485175,0.7022459366112443,22.92140281619707,0.7050913668159211,1.962653549675671,162.44164738120384,0.3312803803721224,84.41730073225162,Rural Road,open,storm,landslide,high,essential_goods,high,good,low,verified,Low
DATA_00070,ROAD_774,VEH_9260,Guwahati,Assam,Shillong,Meghalaya,25.634636014430633,91.74824296315391,25.530364347519082,91.56314308732148,235.1209045912801,6.095098396924696,1525.987388154158,74.60466212309944,22.07329908839816,72.87498045823475,55.66392727240906,32.404170695150185,56.28435085633413,5,4,1,40.56731316099722,0.20270542564126226,893,52.87609055658654,3.833884256741607,194,64,3810,7302,1157,5888,0,0.318876703964889,0.8708748301438022,0.8763933199296805,0.4622765648650934,0.20669746481287482,0.43019637824609547,64.00099994279876,0.761320149408437,4.302018387835856,21.95652539821697,0.31341516598214697,14.328391897740314,8.634933952065749,7.406869207556306,4.6775603873126785,20.8145821126816,0.34062235762774107,6.617508302848494,90.3803864828314,0.44170550662900676,63.78989704410536,State Highway,blocked,heavy_rain,none,high,essential_goods,high,good,low,verified,Medium
DATA_00071,ROAD_392,VEH_7920,Guwahati,Assam,Shillong,Meghalaya,26.308304779326697,91.7840949793138,25.025272141254472,91.68892472512263,174.1584611163966,23.366648035154167,439.8341093500186,104.9051287972545,28.754625466751342,57.24209274544535,20.76385514875105,37.53927052207281,77.1505451572137,5,3,10,39.17081976274035,0.3361124527692848,1643,47.05860437166183,2.4727534054006943,261,13,2723,12067,1814,5502,0,0.6939301886982884,0.5490164422326486,0.2900763780529636,0.7274457382967093,0.7390574019916564,0.3301109236057762,61.51454980141365,0.8948636083765846,5.865557209667647,25.502185945679614,0.30419011488310305,19.177337430224707,9.763062676150037,3.813885828051707,2.7606229876653177,5.324130941865958,0.375938789860614,6.585055260506642,200.70810089707422,0.8090826646249345,76.39867855641155,District Road,blocked,rain,landslide,high,essential_goods,high,good,low,verified,High
DATA_00072,ROAD_141,VEH_8020,Guwahati,Assam,Shillong,Meghalaya,25.77911224630921,91.39635939296409,25.160928849756615,92.59981845491768,21.298381284098628,19.054967051313696,892.7632749562844,177.0215982413187,33.43736126177119,51.79732651946434,56.07455311525353,61.781623241006436,71.89287598871104,0,1,2,36.88783318956422,0.7745119849556101,716,44.52754705768383,3.6497234480521152,213,9,3411,12594,950,5204,0,0.865590174102003,0.516485029865363,0.729006591469886,0.2274963940139487,0.5344641240658519,0.42273365313974354,39.4582065603425,0.862547554150338,2.977415245091862,36.53337905761108,0.2993302046899632,7.2902641956147445,3.077028700267998,9.552774487241367,3.091403004918206,16.871429718403345,0.5929342782242735,7.769203810618809,171.09252551183724,0.2803053659815857,37.68058326582148,State Highway,blocked,rain,none,high,essential_goods,high,good,low,verified,Critical
DATA_00073,ROAD_629,VEH_7143,Guwahati,Assam,Shillong,Meghalaya,26.01430906208468,91.76310338950407,25.486804709165185,91.88536416044657,169.85148507563656,16.492159089486538,644.531687152542,143.3171854175462,12.058636201212522,54.31803939888452,58.43958234485381,74.13229627652643,52.656465773183456,0,3,4,36.942657659139584,0.26862517994842006,1389,58.679113318463834,5.257229706419472,247,13,1042,9810,1997,4465,0,0.6975126605394097,0.22300366177411643,0.4673801882080334,0.3653723003738303,0.17001671834735888,0.14341445671315284,70.59503508831233,0.618563153988358,3.63131597711759,32.99849177051166,0.22529017891817335,5.325267063891477,2.734749998113522,4.492293432802937,3.1510863231289394,15.825625865981772,0.2118236778128989,7.059688590949415,145.33773326372545,0.6489959225371478,59.46794871284817,National Highway,blocked,clear,pothole,low,essential_goods,high,good,low,verified,Low
DATA_00074,ROAD_504,VEH_1504,Guwahati,Assam,Shillong,Meghalaya,25.97398767736795,91.80020164571552,25.136381460329545,92.00829033505768,203.42146095169713,13.013790755733043,1027.7315966893984,123.45815862896387,34.00335662701086,56.48339918563174,42.250897502778436,83.99182414692325,73.60136977859673,4,0,4,40.526360181554566,0.3985044119202592,122,47.67620938821395,3.5528836010214406,93,5,220,10383,1521,4128,0,0.3437529218796067,0.6986372693862347,0.8228371007796368,0.3750813198789176,0.4301235968209983,0.61674520284807,50.87868861833109,0.3207157681732963,4.2507045978729,18.83151877429632,0.31080421158777577,16.86021897049318,2.1043969103939895,2.6322218629628504,3.998300268027657,26.30627819418689,0.795971405697832,9.391328788628337,248.7204363457225,0.5228856425827157,53.97316877433334,District Road,blocked,clear,pothole,low,essential_goods,high,good,low,verified,Medium
DATA_00075,ROAD_391,VEH_2143,Guwahati,Assam,Shillong,Meghalaya,26.400118590842922,91.47667890585059,25.450645978214936,92.30124515933728,90.30536256354577,9.501868513020808,1093.0888858368353,104.50721761356496,24.138800197627745,66.40220460553832,22.398323772298102,49.981517507171375,10.38655061317371,2,2,2,23.616129849091944,0.27722056336521583,1615,52.041927216993294,2.0217390926227363,214,17,2983,13009,979,4831,1,0.45628637885297296,0.7198135692207325,0.4895771059493531,0.18706610903602927,0.6164412832655171,0.16557895446892373,34.64311577461626,0.819832754917452,3.4381313949836807,45.65188155729116,0.27509231499641934,4.732206657539742,7.3887372470355865,6.639569965661774,3.6371268360093216,27.302629615856386,0.7947110910342992,6.6846384501512945,207.84453996215282,0.6052305510907927,71.53602039220112,State Highway,open,heavy_rain,flood,critical,essential_goods,high,good,low,verified,High
DATA_00076,ROAD_575,VEH_9210,Guwahati,Assam,Shillong,Meghalaya,26.010411993343787,91.59517773647457,25.50216726966643,92.3614820361923,215.0358232238893,26.84850929273289,1471.1180967774274,26.753937049562868,25.3508994140032,57.46295984144712,33.27751742840102,51.23543106873012,24.331614712689664,3,1,9,48.20491410645424,0.6275306455623814,399,56.795990441741225,3.15926878650087,213,5,1096,13475,1298,2798,0,0.311485692080469,0.28721493508105533,0.634868480007494,0.5143081838353043,0.7331683657243929,0.4104744879583968,79.25313608218015,0.861163985988707,3.6639966408574955,11.596187943395906,0.2986261943409024,13.32197022555285,1.211605126385504,9.715972607525856,3.1678349088745996,11.837382881878366,0.7193367949450109,6.2076829142805225,153.28603416022813,0.4636616986809128,40.28148136454628,National Highway,blocked,heavy_rain,accident,moderate,essential_goods,high,good,low,verified,Critical
DATA_00077,ROAD_242,VEH_8207,Guwahati,Assam,Shillong,Meghalaya,25.665605822428994,91.11563233861187,25.64347700238831,91.77497223537648,62.988305436016546,21.622127722367672,715.7790051656548,63.521641396750624,27.932567711352384,55.32486002705942,17.669048292962852,76.7820840561072,67.62045270999593,2,3,7,31.853082728632014,0.48305171417606574,531,49.53954494045908,4.0599257877730395,240,2,1198,1706,561,5598,0,0.20777923840010415,0.510114252800887,0.8126381371752578,0.21749208006806375,0.2330730930463054,0.8379574965240808,51.164848484670244,0.5040922373497347,2.5263907462905935,48.7697474848046,0.3571253385365022,13.114831427885447,8.809388032939758,7.551768839029264,4.106516550610014,28.681346715567354,0.3516153925243195,6.458733081333207,131.06802735584256,0.5371678793385383,27.549105185487015,Rural Road,blocked,rain,flood,moderate,essential_goods,high,good,low,verified,Low
DATA_00078,ROAD_487,VEH_7315,Guwahati,Assam,Shillong,Meghalaya,25.632213198457436,91.02484394091012,25.522711343017157,92.68214099001636,177.4046011757318,25.682046078642102,1505.0741155017465,91.94488352249357,25.137775446530167,57.98399829427982,54.588452009939765,61.9869657809478,80.22021101943744,1,2,7,33.60004825604351,0.7019065208287024,290,44.11204675562405,1.2168086242744038,338,69,3589,1019,1886,4434,1,0.3963019601990241,0.1347506266691852,0.5238532151517645,0.28358900510324014,0.741840156806251,0.7316444681207637,41.68655473393386,0.6417860646059048,2.7753715881649788,39.6557616912898,0.24668267774899658,15.469245313902345,7.027734510943175,1.8794521751210433,0.6694155281230069,16.9285309251135,0.362759023435859,8.731479225712704,88.73500030201507,0.8137364192352572,42.69173637497722,State Highway,open,clear,flood,low,essential_goods,high,good,low,verified,Medium
DATA_00079,ROAD_767,VEH_5155,Guwahati,Assam,Shillong,Meghalaya,25.761302894763478,91.80415733631955,25.564670237642854,92.2954448801147,248.11369505926453,21.750950129876834,775.6720519323067,67.5053787068896,15.092341529806731,74.84472267531216,35.665947135804046,32.51037184830686,54.727506372279734,1,2,6,31.93160551698668,0.890806611219961,1283,37.217815210742685,4.380220343840969,100,84,687,13252,770,4558,0,0.1802228940395006,0.5066748344931656,0.7288648983147016,0.7406829866801274,0.5912202936235511,0.6476515573667879,18.64369579592094,0.4918277604388273,3.1191143222472544,35.43506473460514,0.15766252011434448,16.28301785685631,8.267903562070568,5.245017940795094,3.001227208799773,7.2035172328502775,0.38416439857512097,4.337516134383958,162.03149377178363,0.7071462993996456,84.45479928520209,Rural Road,blocked,heavy_rain,flood,low,essential_goods,high,good,low,verified,High
DATA_00080,ROAD_923,VEH_9489,Guwahati,Assam,Shillong,Meghalaya,25.786006511708695,91.05041402709439,25.599514912892488,92.17055772101868,73.28432374815416,37.9372025981331,388.1209160822737,147.64117219707967,10.90152832860872,60.76654813793198,5.015799952004287,31.02113325952736,89.74537150617651,5,3,7,42.2885507641746,0.38250213068522243,909,40.27254834252602,1.601707107183224,37,90,481,2477,1425,3230,1,0.37798007108740606,0.7524119035989514,0.2810364103696549,0.870445711580069,0.4638072069270244,0.42316517576519685,15.325601609628837,0.3312760901104731,5.902270545270568,30.24952385022192,0.02406995100266298,11.613983544523517,5.131057829288154,4.059693049811864,0.5850449876093206,17.832167177779475,0.38038537065147704,5.841130504893705,203.51258296036067,0.3750990441883676,45.42149124506441,Rural Road,blocked,storm,landslide,high,essential_goods,high,good,low,verified,Critical
DATA_00081,ROAD_491,VEH_4610,Guwahati,Assam,Shillong,Meghalaya,26.1769129760651,91.34489520788374,25.31573069402893,92.74207939326037,138.7959699571128,38.52707156146135,116.52942591452238,82.59271728014231,30.804426123080717,61.17159242129349,10.115518658915045,67.15885417472697,75.68597515940242,3,4,0,17.661008718679117,0.8451169918685302,1075,35.69363897798133,1.7021137358154306,323,34,948,13225,1699,2457,1,0.689689798353115,0.28788909754412806,0.293645214275971,0.31232429866062783,0.283366025702754,0.7679523840528454,73.54342969731825,0.46702053000775484,3.5312790592776016,41.15753922065773,0.20314866158501765,3.27769136044066,0.9691782118600509,9.602017156562333,2.4633243163610614,5.165591903821416,0.799962536089359,9.621937814208627,215.80238404509214,0.4598375747685673,35.233352477753385,District Road,at_risk,rain,flood,high,essential_goods,high,good,low,verified,Low
DATA_00082,ROAD_653,VEH_1533,Guwahati,Assam,Shillong,Meghalaya,26.002475212121674,91.5905753842786,25.68633864653039,91.72724047075477,244.5966549045196,17.119420919116777,1287.0157657634372,135.03048944324055,21.50176475116075,81.0144747076842,5.650098823574691,34.752666999101336,56.48065751835574,1,0,8,26.390266997039923,0.5902224770894171,631,29.35762209764249,1.9456696905513504,167,60,2711,6621,1049,2406,1,0.43915430432875435,0.43527435481973065,0.7017566107053138,0.39206238898233225,0.420474077937779,0.4605831931822849,54.99868027254746,0.9344543388628925,4.413280306448174,37.4404764856597,0.3237225687563928,16.469622618686593,7.263991502266387,8.23678822906499,2.7767002371035048,26.407718468622004,0.33724424989589014,8.200337124111737,191.1719531465196,0.5310909171698082,10.779383287791768,Rural Road,at_risk,rain,flood,high,essential_goods,high,good,low,verified,Medium
DATA_00083,ROAD_161,VEH_4530,Guwahati,Assam,Shillong,Meghalaya,26.313818069206846,91.7148091365282,25.629862212362156,92.08481126478293,96.97100385834943,31.84265159436738,713.6354357937066,54.00615278762076,24.008750870356614,91.93300590999957,19.174315399883056,21.3884733529632,19.6989991373363,4,4,0,45.357900439094784,0.8704932487343313,507,48.84268782134892,4.074260157124849,305,22,3396,5663,1027,3563,1,0.7197954937012563,0.45754409366627014,0.1627260171238839,0.5909310179145549,0.4710016645891201,0.8652755447915097,75.7780355343989,0.680435489533751,5.262172703842577,47.142666678842396,0.17139272270806447,9.014513269023558,6.200639353707793,4.642954480946861,4.535365256344679,6.977798186615012,0.4405378413181942,3.8213385705046656,171.92794692184907,0.6973034395816227,58.43079784193294,Rural Road,at_risk,storm,pothole,critical,essential_goods,high,good,low,verified,High
DATA_00084,ROAD_817,VEH_2311,Guwahati,Assam,Shillong,Meghalaya,25.710571491471757,91.59556837495055,25.09555371898258,92.71783176021499,128.83273322984397,17.73158431319958,191.50324497238057,33.09951583860912,29.27334263865138,73.57922561038164,59.78075522615623,27.274988281515675,59.44817373470924,0,1,3,17.950894332819754,0.8452716641752203,898,35.46853267749993,1.8606808562335573,175,56,2766,3071,568,5215,0,0.12285703441593032,0.6308393082430437,0.7882950539307141,0.360161053325183,0.48092379252429884,0.8799852363520757,52.84089129745982,0.40431082070923563,6.261749349351982,27.793797294829755,0.2715685681672831,19.42130302653638,7.036704193689065,2.5933297598174088,2.9879209941828035,20.776188066026492,0.6450957954980849,6.075860380491587,142.77845597976417,0.6476697740975684,34.77290624911973,District Road,at_risk,rain,none,critical,essential_goods,high,good,low,verified,Critical
DATA_00085,ROAD_968,VEH_3233,Guwahati,Assam,Shillong,Meghalaya,25.843884917249994,91.70379693286604,25.008317110596373,92.69871491446726,237.80022772966862,13.698991044608997,911.0140197674772,74.19668500695576,10.228314989408329,69.36958909711551,21.110743715131328,36.1850775463411,10.577438800461403,1,2,0,28.077535678446175,0.4293886952529077,1248,41.85531832082275,1.8744286477415426,360,49,3593,7199,751,3054,0,0.43779150620295415,0.29164945195084846,0.7116306352612917,0.8279635227514279,0.7460599523420605,0.6477122323028154,34.927379827141706,0.7571951690983638,5.761519156643553,42.35234596396148,0.020035091630072662,8.845173653751699,8.564123829237719,2.6416646110237854,1.4479764964564272,20.92231773870867,0.6324105897317607,3.4492071740646164,165.11960056199953,0.3314526097808078,11.551631779759708,National Highway,blocked,clear,landslide,low,essential_goods,high,good,low,verified,Low
DATA_00086,ROAD_322,VEH_6601,Guwahati,Assam,Shillong,Meghalaya,25.920243027147478,92.17858800812955,25.498395755871858,91.98281620593957,180.29500463625553,12.720352427880576,153.95310641395068,22.507056509966173,12.005577430789598,83.77563117313372,13.03483041437051,38.65525047701376,41.39374200784247,3,0,3,34.0117182691033,0.245282990885927,612,60.862536199978514,5.055386260668823,92,31,1776,13635,1207,2924,0,0.25934390104314464,0.6882582233607528,0.1751682431765742,0.63280630697081,0.26675770564571344,0.4112983684625763,82.284972755966,0.9021614349804623,2.5588993875259027,16.34445745622046,0.05427485359653682,14.836504480254145,7.498300871154108,5.946219501557471,0.6107075606775558,17.030739828668537,0.4091691586308669,4.243839904574127,36.719690779767724,0.6666863490078729,87.8619248348048,State Highway,blocked,storm,pothole,low,essential_goods,high,good,low,verified,Medium
DATA_00087,ROAD_902,VEH_8786,Guwahati,Assam,Shillong,Meghalaya,26.188406538935098,91.23248791364654,25.770797000001966,91.82333893332637,134.98141751455034,8.35969354351487,1266.105894384505,49.6980078909206,18.46055241876259,93.63432679223857,46.775809074806254,24.20366349953606,38.44141402517253,0,3,3,20.387145240206156,0.5290826606241836,319,26.29137288326132,1.7797104697083495,315,82,3299,6690,1949,4493,0,0.11708226614743458,0.40221514915327716,0.6795193262978325,0.30055699288048177,0.1315908341723807,0.6653007831424474,54.1317353444548,0.6070505576042706,2.6679734760843816,29.603679832749314,0.023393345237950013,11.767332945361046,5.527481333964421,3.9131278812261043,2.3419736055778135,26.69154599892899,0.6190759609649464,8.745047748019418,61.07726704699718,0.5717962012329536,45.95073598365346,District Road,blocked,heavy_rain,accident,low,essential_goods,high,good,low,verified,High
DATA_00088,ROAD_735,VEH_4912,Guwahati,Assam,Shillong,Meghalaya,25.820694094307747,91.09501263489898,25.967163157008265,92.56476465391917,63.66997406286034,31.484880479015338,1261.4811103480574,91.07239192893984,29.143352387746386,56.935918126901726,20.572099594347193,48.68631694364007,35.76192445186622,5,1,0,18.36897040390982,0.6271128241221895,189,61.75966789491457,1.2137584647723534,46,25,638,8952,692,1708,0,0.5568097450837592,0.7690396212851931,0.6263370066279748,0.5206570900915294,0.66105121725977,0.3047508242671825,40.64478140660073,0.6544652181743376,3.956300788403051,12.834958438004879,0.255499150496685,18.674009699371968,2.2456333162363147,5.422649512854467,4.448836625817332,6.998920080821801,0.7607139643076188,1.5463016945744634,150.5544751307549,0.8567707003899023,43.27625621678025,District Road,blocked,clear,flood,high,essential_goods,high,good,low,verified,Critical
DATA_00089,ROAD_842,VEH_4784,Guwahati,Assam,Shillong,Meghalaya,26.031661051402473,91.28419061966001,25.526192021793698,91.82339193777021,163.82476231400497,22.102791589087392,404.1264157691591,132.1740608861287,28.729858949434313,68.68330701123831,10.803280004453566,64.70370099216294,38.6370692697123,2,0,3,31.055220734993103,0.6321938838188349,313,28.34046594517737,1.4921809623003752,235,64,1582,11773,623,5273,1,0.8468159756202941,0.8219879765221774,0.5400650739160954,0.8974802513399965,0.7758832119209738,0.429874633337166,59.326857552984094,0.8196162312805708,2.88847700063065,22.938036801938225,0.38502296326610747,5.573728566614905,5.5471371479071365,4.375567673827513,2.751193528106321,23.61445871257952,0.4520059814539272,5.071631267871693,240.96049695719313,0.20013693949892591,12.773032178256791,District Road,blocked,clear,flood,moderate,essential_goods,high,good,low,verified,Low
DATA_00090,ROAD_941,VEH_5521,Guwahati,Assam,Shillong,Meghalaya,26.419112082970614,91.76690723251167,25.570668205066937,92.24309537933118,41.68603933363667,39.74965636307249,882.6286696241406,54.331497707831765,13.902677658648823,61.924468066682884,53.92939438684705,37.489983411949794,30.49950707618846,2,1,3,25.51058510852366,0.5563897275912657,1265,65.8940901672234,4.538462746326689,196,61,908,8999,1991,5620,0,0.5761849620476641,0.3403146030746197,0.6846314895650217,0.561026956925071,0.16278191673828307,0.14473816705865553,68.9631052569097,0.4609476552146999,2.586805485830398,42.685668001861686,0.34517376169311836,8.913912539740469,8.704744750121959,8.828078627090978,1.1335883568107579,21.31947957900877,0.6216111440215797,1.1029094286634318,199.91918908241064,0.46774087352968424,34.38267143033943,National Highway,at_risk,rain,pothole,moderate,essential_goods,high,good,low,verified,Medium
DATA_00091,ROAD_542,VEH_5747,Guwahati,Assam,Shillong,Meghalaya,26.286368298488277,91.22201860098752,25.33616817804087,92.11861105071658,191.42245874808393,7.821504338977879,1031.859088529834,121.25434362653003,16.563949414543618,67.9337166814658,28.89701111287163,68.85093613808053,70.96263357095168,3,3,9,31.832287569160506,0.25848682217515173,909,52.61242194895844,1.5785461521627142,345,67,1208,4970,446,3081,1,0.358729312924969,0.8393104647160663,0.17167571850138819,0.6373980427597883,0.4388324818925121,0.37864628547721946,37.451685399686866,0.6454078617808028,2.8603318101789243,10.968273213410761,0.23859684446302915,6.791558103381469,9.878988786244546,6.54598895009053,4.950795911356659,16.055252630856288,0.3020729326331943,1.4038979583823592,209.08868202965823,0.33977964952402906,39.90566322564555,National Highway,open,clear,landslide,moderate,essential_goods,high,good,low,verified,High
DATA_00092,ROAD_439,VEH_4424,Guwahati,Assam,Shillong,Meghalaya,26.240012985006015,91.31781297032313,25.546424213970198,92.47546169337821,146.2240126065616,35.012589362508805,1159.171387857721,147.6241121573993,34.8075532058901,81.27820146414626,41.75433200606233,46.36246689267714,82.48322288008234,0,2,1,33.43796816857062,0.30436507564973625,223,34.200677052399534,4.840536719790822,346,34,417,8617,1640,968,0,0.41091611778958337,0.31704830326427,0.7816663558058069,0.6280802986634918,0.7914258188479628,0.11526265914735534,75.71873099981369,0.6870583585641713,4.384761214934233,19.24674480551268,0.13594485902058626,8.23332285629411,9.770797010920571,1.8964334065828363,1.5772798465438986,26.669318638202995,0.5720924516142493,2.677756486757671,137.64643514549775,0.5205903835034464,84.10799784211468,National Highway,open,rain,flood,high,essential_goods,high,good,low,verified,Critical
DATA_00093,ROAD_409,VEH_4869,Guwahati,Assam,Shillong,Meghalaya,26.49599441124681,92.4678817372909,25.275878278999723,91.58061260591097,79.26625387441942,14.675646115969478,758.1900023943449,70.81196720890945,34.998795020367695,94.56627138946925,56.927518401456354,86.43814928541757,28.046615810220345,1,0,5,26.96251534969461,0.4142772773321376,381,24.38975085686507,2.6021391701992456,343,80,3011,4726,1154,2869,0,0.44117199760995607,0.3499062115534269,0.584295107896833,0.459335348261796,0.20541770581458368,0.6219781168614419,55.672149046471475,0.7130364771938233,3.9215125329861333,18.092409331377645,0.28003831501101684,3.6240831901950346,6.9476144769067805,9.08778852756507,4.5478135770280845,15.751607454509621,0.8363014666962909,7.930449979799773,172.65214443155926,0.5953910011200494,22.64383334964288,National Highway,blocked,clear,landslide,high,essential_goods,high,good,low,verified,Low
DATA_00094,ROAD_863,VEH_5485,Guwahati,Assam,Shillong,Meghalaya,25.651957055770666,91.28190040335176,25.131545880323248,91.53405768790232,246.769786408214,33.90185537506825,1148.8090593640984,26.194109550672135,25.140112781346417,77.55629096471526,37.79983809419006,36.16386643138864,12.086759423769315,0,2,6,17.78164006087888,0.7238609998023642,374,45.116229372523065,3.825914677815133,221,23,3690,7348,1306,4781,0,0.23102910037791624,0.28101844806807963,0.4268713281425168,0.8750520647467032,0.8403480665079277,0.860158433991933,30.5787948665445,0.7035043153254879,3.713392419904604,18.113343047433077,0.385254551144508,4.8866800088926405,1.9353663778723127,9.592291622390215,2.196426014122702,20.426484027866813,0.6815038928942898,8.800974146410109,224.7070560643551,0.499288978304019,72.09717753042355,Rural Road,blocked,heavy_rain,accident,low,essential_goods,high,good,low,verified,Medium
DATA_00095,ROAD_140,VEH_7347,Guwahati,Assam,Shillong,Meghalaya,26.0161266830948,91.94597282963908,25.049295449181276,91.87853317090436,111.54917503454864,21.78466546650245,617.7420512978056,81.28972666145917,30.69052519014377,70.76062237837834,28.23542003477428,62.91939954707247,14.363733345242116,0,1,8,33.093937759314834,0.2137916950200733,1799,52.30507539648491,0.9974244421314995,286,14,936,13758,1498,5376,0,0.4144533718440492,0.35876874596408515,0.11992969023512945,0.46294458860346954,0.8172940058269166,0.8166359257813215,76.77839131525027,0.2676347459671029,6.435322574829163,22.962991205369654,0.224390274512263,13.322952175409247,7.172403506976105,2.4759462435943815,3.6663116560706577,7.279781012640322,0.6943586968971707,6.706651764113385,44.19397240772018,0.6950953831438806,68.14990686837828,State Highway,at_risk,storm,none,moderate,essential_goods,high,good,low,verified,High
DATA_00096,ROAD_829,VEH_1840,Guwahati,Assam,Shillong,Meghalaya,25.919581691235766,91.46427745815548,25.768630422360943,92.0801357043938,164.08415542215172,36.66560559524103,299.84176328421574,101.78848413255044,13.289275795302142,59.12832673757508,39.24081803930379,37.71776825826275,46.69141262628293,5,1,2,44.93938697466611,0.5348009276834402,111,50.39919655125696,3.2140673794473034,141,75,2901,8794,1229,4259,1,0.1635239338947329,0.5800816834364714,0.29577053715090673,0.5378732876665171,0.5958128310956682,0.546038918615111,72.76767532925778,0.2366890999572723,3.2154670586930747,15.930246727187614,0.35015104424171745,13.412260686094886,0.559866307859638,8.68446358510769,3.3349827147309745,25.95036089481515,0.40890908264948245,9.283462284425825,36.032056618479785,0.4918698466987507,24.259871340593826,District Road,blocked,rain,accident,high,essential_goods,high,good,low,verified,Critical
DATA_00097,ROAD_876,VEH_8001,Guwahati,Assam,Shillong,Meghalaya,26.34330963008457,91.09738879978097,25.470816844214095,91.65863019900773,217.66382644412118,37.396233136668215,659.6544958352271,16.762731807918524,20.343947731823885,59.44304161751514,16.497803916506136,24.072921109580662,55.70936604126007,2,2,5,49.27724809955247,0.523157298488553,279,44.183149160472354,4.287598530398898,177,54,2693,14890,948,3027,1,0.8416842945200987,0.5914319846787115,0.49711754035774347,0.6833477951994992,0.4981928914338616,0.7463842879528237,76.85645768536928,0.3745412296164058,5.781058969130118,21.61952256538202,0.3610613149702322,4.677553303763548,1.358429917954434,5.183970709362228,3.9836627661409123,23.436709390593652,0.3451315854467082,6.537771947613977,118.29222081720273,0.23184453274052277,37.972003555545506,State Highway,open,rain,pothole,high,essential_goods,high,good,low,verified,Low
DATA_00098,ROAD_441,VEH_6592,Guwahati,Assam,Shillong,Meghalaya,25.89604932609496,91.85338231119506,25.960112825252992,92.58165560087798,64.62358337654477,32.02742910815604,1517.5030102915514,55.39905886390147,33.05699413129556,71.55987230112655,31.097524939842454,22.489077562061365,20.86031167596311,4,4,5,20.438520103335506,0.4684943490747113,1199,64.79643007185669,3.043585414528397,241,7,3620,9537,913,5528,1,0.5441417666428415,0.11497474436916387,0.5619181137412387,0.3653754341574629,0.8329491608621445,0.7366262397384378,19.63491289222933,0.3119786795999483,2.955347051794403,43.62956614231263,0.31147238837428304,7.4438959411439045,3.87735962077831,5.808458585900455,0.8298474390425398,20.142227223062193,0.3311652371036582,2.051601743559116,201.0273858464997,0.4157969936258072,78.62555820614064,National Highway,at_risk,storm,none,critical,essential_goods,high,good,low,verified,Medium
DATA_00099,ROAD_903,VEH_1612,Guwahati,Assam,Shillong,Meghalaya,26.277790391460794,92.37003076925059,25.44377409298714,91.53241520701894,131.01253396376842,35.32785183959011,950.0923243308977,66.88504383968665,14.755291964880357,91.56365455505428,45.2842586715769,56.65395730529062,72.04265673597929,2,1,8,20.01532667824513,0.7974391883507463,1783,69.1136736936956,3.3388064110424,97,26,3167,1598,1240,4075,0,0.10328789538729968,0.8458698752166626,0.6496418645866157,0.575430064629764,0.1696607132750138,0.4735007219862096,18.22978390170036,0.5904332840788002,2.948925089067688,36.3593714671,0.13488095347959428,6.93713520040456,5.860086377212699,3.8092860858861917,4.460677922138784,13.022009246154783,0.33478194773642095,3.4898458480125827,96.80870286283714,0.5087809359266373,19.41206709900749,State Highway,open,heavy_rain,none,low,essential_goods,high,good,low,verified,High
DATA_00100,ROAD_244,VEH_5641,Guwahati,Assam,Shillong,Meghalaya,26.074082942640967,91.25691246320952,25.311377559701075,92.65991603613168,144.3327334675115,38.41532607132128,186.23451233748935,100.73263743915348,10.724817155066052,90.64815834460643,7.775080582693073,46.85197475378209,16.889566437283598,0,1,8,28.7170866225988,0.6637420749433122,1313,51.47353449321329,4.2956869329997165,258,78,1656,6119,980,2523,0,0.8789455111192702,0.7045943484570282,0.4725562904345352,0.20543622429916955,0.7502808141848475,0.8357512336885894,47.77931337660856,0.5416881280600561,3.773939647407892,37.37911899221498,0.15312089241116456,14.494102139498116,4.760886329497022,3.0852479228901446,1.1189722695843007,26.527406926397394,0.6318594610738525,9.215754496090442,113.21730663071901,0.6897302347576997,63.21444948335167,District Road,at_risk,storm,none,low,essential_goods,high,good,low,verified,Critical
DATA_00101,ROAD_230,VEH_9322,Guwahati,Assam,Shillong,Meghalaya,25.602932210308953,92.22632933833755,25.79675777336196,91.92363064678754,169.37382494146016,20.06270575739226,1447.13259721995,63.25934772310684,23.318639148208284,68.0367413652995,27.739304811668696,63.461238719957876,53.835921382320095,3,1,4,49.08621059271032,0.40705316702163186,797,30.41190729063589,4.317329233514786,250,55,2523,13899,1000,5360,0,0.23846836485035566,0.6356841568821334,0.691493635957618,0.6695270572554366,0.7693985550798792,0.19145828838445622,56.725284549620675,0.444033570709197,4.9177609257304145,13.906156367666437,0.31181777561063967,9.459108414853409,3.218750090656115,4.652143274444853,2.99129590797218,22.13771704846373,0.617483790516409,8.378791558818513,98.66685465884511,0.6514923808136235,14.9185777250129,State Highway,open,clear,landslide,moderate,essential_goods,high,good,low,verified,Low
DATA_00102,ROAD_424,VEH_5910,Guwahati,Assam,Shillong,Meghalaya,26.070276407855353,92.36980639785035,25.304550133038326,92.72633328674495,119.98721767285451,19.213027970401352,1770.3865159727666,52.470585630810845,18.606615660766003,54.01793320642943,5.446558882534435,89.04951539434248,42.33579328515336,4,4,7,19.464449397010217,0.3353477302933368,856,65.05378475371194,5.8234473414137975,30,90,2493,14447,1035,1798,1,0.7925437094639822,0.28819293637106114,0.6617775058160059,0.4154146589351553,0.3545018476949552,0.40623169187326824,41.70955315577464,0.6088390909762088,5.226067151946585,36.49950241250101,0.09435331566744622,10.022556846159013,2.044623013162102,4.461355519219852,4.6224102139580205,25.999067168167883,0.30798710362560755,9.977104387094238,175.7648684326452,0.2939942137012029,15.739679723017952,National Highway,open,storm,accident,moderate,essential_goods,high,good,low,verified,Medium
DATA_00103,ROAD_565,VEH_9346,Guwahati,Assam,Shillong,Meghalaya,25.924124684572593,92.23010713737509,25.384714717830025,91.79346319393463,117.69752717801815,5.21721088300921,112.63098554682318,115.60372192464389,22.4539240909375,82.89110210279932,44.1671499430767,38.84753136902039,84.1251561320819,3,3,9,35.17233236017786,0.12676950084110167,177,48.40747888507997,4.376853984051811,87,74,2172,12313,463,2063,1,0.4719490618523928,0.1625876815519141,0.8119323826436436,0.17075708058614314,0.4779612578789165,0.6933488885386999,82.22877328701466,0.25856143879186744,4.992993926399867,35.347506564616324,0.37351818473463944,16.163866572178456,3.2624972701652593,1.4749684492667572,1.7177308550116888,24.463178331178312,0.5282081672387148,5.613967993516443,130.57728822635255,0.7136701832120105,43.681288571902826,District Road,at_risk,rain,none,high,essential_goods,high,good,low,verified,High
DATA_00104,ROAD_398,VEH_1447,Guwahati,Assam,Shillong,Meghalaya,25.786815654372873,91.12376525022262,25.505596109307277,92.60687883286842,83.90522329488189,29.624925135305663,325.3158967707767,101.46712919235054,17.02429828703722,88.60362728359556,5.781165553469986,27.80845830043783,23.969107812721422,0,3,9,35.7119543914784,0.2209084907719829,1014,38.48834149831559,1.4646965074307412,150,62,940,14096,1380,1171,1,0.8872573261523334,0.8738765069548502,0.5764352734919896,0.7573790142187494,0.7700913756844299,0.7022090375041102,43.9063513571452,0.4873752447103007,2.706479539165493,36.42669154411107,0.08425011156266031,14.793982745065678,1.8393759568512142,6.1998165444228786,4.209165176193256,6.358144663695448,0.3850768471422698,8.375779085188725,36.81771932326323,0.5248104496234756,48.0985553868813,Rural Road,blocked,rain,accident,critical,essential_goods,high,good,low,verified,Critical
DATA_00105,ROAD_794,VEH_6172,Guwahati,Assam,Shillong,Meghalaya,26.46176272280703,92.02431446637068,25.04101761503044,92.69302578337998,166.6075547887419,20.034404069034423,1725.5122150123625,26.126969572004537,20.79464696543022,91.31189073877756,52.20956202590825,43.44771846326312,31.367025257537577,3,0,4,18.439687594302274,0.6234746252547313,901,43.055429672133556,4.214101155251265,153,86,2611,13623,699,5159,1,0.6421745281832119,0.8945718775982657,0.3506158622957024,0.10846239133359106,0.10678093333059246,0.15436156399227025,43.78741366296197,0.5939481979454342,4.2952824944855,37.41998208938306,0.3723445599002945,7.678811976081953,7.307456429126194,3.267064964307217,0.1702088126428597,20.48493059201935,0.23981733811612294,6.347247242252898,226.14256693406628,0.35177730221556325,57.95079805736713,National Highway,blocked,clear,none,moderate,essential_goods,high,good,low,verified,Low
DATA_00106,ROAD_359,VEH_5826,Guwahati,Assam,Shillong,Meghalaya,25.966955577287656,92.40427308986762,25.63878050784352,92.6995040080981,83.56821929628103,16.286420724861287,825.8717781065144,137.49439792321246,32.584787321757375,84.64462291192548,22.787227028261963,31.33762221523516,15.919764803223293,5,4,2,42.19870825993685,0.4062392019545461,781,69.79792835565605,1.920312332032854,165,22,2004,2137,1307,2543,1,0.24275373605181674,0.4936458355690865,0.2150980802812108,0.7149658586457585,0.2747091985581296,0.6146705335751158,78.88264559887885,0.7365502383131324,5.282614534624308,14.13148463811305,0.3604806195357526,2.3854705642002383,5.799176686480212,3.2553671523566132,2.229410261614799,27.412809822280217,0.3041979928091595,6.763017423509126,234.90108779454988,0.6652240855495533,31.314918489222208,District Road,at_risk,clear,flood,critical,essential_goods,high,good,low,verified,Medium
DATA_00107,ROAD_805,VEH_8898,Guwahati,Assam,Shillong,Meghalaya,25.621203650290102,91.80295611472847,25.99160138039975,91.93347162668695,89.65045759187194,20.169298191146485,193.83094441043787,72.70429530686769,34.92539490737465,79.11834842771302,25.094544883105502,79.73394548345198,37.205023217473496,5,0,8,44.44135554945005,0.7083624647051578,693,52.38962859031575,1.4714006748021773,50,49,2906,4129,912,4095,0,0.6044936459591542,0.38740889720024796,0.16788998773821684,0.6062330152868255,0.6882593464223414,0.21195436141311097,28.51649032365919,0.7398042760587309,4.037695495908121,33.71781713917408,0.10582179994327423,10.295418459077053,0.8173277822795797,5.864968424965952,1.5386543981613272,18.348501169114158,0.7839752045888055,5.043765497946495,249.06256630043768,0.22592987595125716,14.484356247018928,National Highway,at_risk,clear,landslide,critical,essential_goods,high,good,low,verified,High
DATA_00108,ROAD_853,VEH_3319,Guwahati,Assam,Shillong,Meghalaya,25.988894713326033,91.02859451030812,25.907178878173376,92.30388370796697,75.81698686851759,37.723412005357126,1202.936912491278,156.63600532238164,10.359130124049075,78.46976546382986,54.756429284092434,77.45174561112222,17.783379230609285,4,1,9,36.39290612916744,0.7682817255916744,230,60.89000888819634,1.084821601420553,284,76,3473,11086,751,1416,0,0.44096917115058365,0.7492168237918374,0.8857542022343182,0.6427182698369539,0.3593879528093483,0.8806826155429386,55.31769073167395,0.3029970514863164,2.7881338905357618,43.45708369156491,0.10853455075196926,16.068931728984452,7.689433247199268,6.337767277367627,1.6775186383434342,8.018637238795563,0.2988657618335266,4.736388918105197,181.66655177797116,0.5873854109309933,45.09289696433818,National Highway,open,clear,flood,critical,essential_goods,high,good,low,verified,Critical
DATA_00109,ROAD_823,VEH_5648,Guwahati,Assam,Shillong,Meghalaya,25.916222242217536,92.211117704871,25.77256270852694,92.40006583008885,67.41685027562235,31.551142230589978,1187.7036963449013,2.813458728289957,23.07717160329579,68.54140960251107,56.5949285745635,62.73765920413397,13.009696958227135,3,0,0,21.300016344353228,0.49991010792285084,280,51.35958270225063,4.804206666772058,208,53,218,10137,782,2472,0,0.8892828198087156,0.8814331835251084,0.5951367519015152,0.7901848480768695,0.889425698159473,0.5060326052860983,47.4951204949855,0.6698481838740062,6.20454782513205,18.324348114856058,0.022745118053085208,2.008311366145765,1.3042553991586494,2.3429567528306965,4.218908472678581,27.78710929200292,0.5482603864627084,2.437836341792968,232.60143387839952,0.23781933003218908,39.13544552628071,State Highway,at_risk,heavy_rain,pothole,critical,essential_goods,high,good,low,verified,Low
DATA_00110,ROAD_218,VEH_2160,Guwahati,Assam,Shillong,Meghalaya,26.3950791749008,92.0821046208384,25.592706662265673,91.9237640086173,65.71282097570563,3.646064340829861,1250.6493279876834,133.27503926636416,18.142123973008847,85.05388755318506,22.937272358894447,26.864489366101356,69.01982928073136,4,1,2,45.44602060316841,0.4004259103021929,551,23.676485818248338,3.718007416756767,57,55,793,4541,1548,4627,0,0.4098642431109254,0.20912369166457767,0.6758569728979762,0.6056168935214887,0.8804447130542667,0.2617687126153191,23.904823528577545,0.7191578971333754,4.440245584097616,12.386068785370634,0.3184869668710588,3.5935284876158526,8.546183392124146,5.127210324734557,0.8560065835840841,13.589400205733916,0.820486280371346,6.4327238456241265,202.64806712997864,0.6465994497160024,58.92224723433142,State Highway,blocked,rain,none,critical,essential_goods,high,good,low,verified,Medium
DATA_00111,ROAD_847,VEH_8014,Guwahati,Assam,Shillong,Meghalaya,26.236178859119107,91.36998126560262,25.327295947330065,92.25330713904745,225.11920447141173,34.565003021264175,1106.0117744552267,88.05841174122563,13.724242544501035,75.81653531954683,5.279266968201485,88.6128828905202,13.204694385095532,1,4,7,31.47284206503384,0.7148851126683732,168,41.28488217708532,2.6687608594893018,80,57,2228,4940,470,5475,0,0.6545278712021487,0.42529446452816655,0.27440518815941806,0.3867245453345205,0.29124991683745494,0.8991613274260134,16.115111511832517,0.7017767062680977,3.61668351335835,16.472113342077876,0.33805582997091044,9.726373898241818,5.789731816376817,6.252940999118397,4.882103892223567,16.594016062437557,0.29703674027278515,7.3282140094656,66.61279110400534,0.8100862596876495,60.144876518425804,National Highway,blocked,clear,accident,high,essential_goods,high,good,low,verified,High
DATA_00112,ROAD_801,VEH_2326,Guwahati,Assam,Shillong,Meghalaya,26.120455212003346,91.50354201423855,25.93224326561996,92.16915742478459,229.30094625927643,22.174972424232504,718.7838875469746,53.38619661824707,11.289064457820082,67.23297477850011,30.594408132525828,22.861203443929405,39.31463967279637,2,4,8,37.686043043119206,0.6638989273727292,1248,55.46685679762643,1.6259192620309584,201,30,2410,2860,1629,4819,0,0.7025387987197441,0.7087087227430179,0.35637105317539974,0.8183464304647318,0.5028527777208491,0.4383433000871261,18.812199789552704,0.47961033403068726,3.328585707774515,28.09642597622481,0.2385871596776092,10.527551814965674,8.329686297495307,5.2314746483298205,2.659522394772927,25.634475449632006,0.8296158388598638,5.067805443618904,107.83281665279245,0.6713145357501187,65.45784700441115,National Highway,open,storm,none,low,essential_goods,high,good,low,verified,Critical
DATA_00113,ROAD_608,VEH_3465,Guwahati,Assam,Shillong,Meghalaya,26.374993139537096,91.78103145903466,25.6272761972449,91.88112027452512,243.00215927476268,16.84593510718601,1020.4394287163502,32.186127691768725,13.300684219953586,65.60151110519357,29.412302863404214,65.12791090833963,33.32134377304355,0,0,2,17.20323280074657,0.79743496061557,575,61.74737593064036,3.357912656260253,201,52,2570,6616,1642,3573,1,0.5746858040443381,0.6574908645759,0.7735262963084502,0.45620504294638087,0.3432658706143597,0.2055634015696163,70.25437832962461,0.328802844076982,5.288328443406643,20.400298305386883,0.12485823975927636,10.200619139270065,9.713095674096298,7.9277476341249296,0.23659468249746907,13.828022383969655,0.5191485760312504,2.4972676528071758,232.92961911244484,0.6982685206437236,32.81972657578021,State Highway,blocked,rain,landslide,moderate,essential_goods,high,good,low,verified,Low
DATA_00114,ROAD_675,VEH_1568,Guwahati,Assam,Shillong,Meghalaya,26.165553281582472,92.46703384455867,25.14794421473827,92.08295782582333,244.35710614470725,6.442858722535931,1007.193027530995,178.87914685154445,13.037250585934887,51.1216342315473,56.208790372818186,73.79627160859758,85.82312432410761,4,1,7,47.4733951405259,0.22484261396106656,1612,47.30727939888874,3.290749671474423,181,60,3869,5748,1844,5599,0,0.7396609399630517,0.6828350300006913,0.8378336813575359,0.3709475439140021,0.1898524983623059,0.4831849867115884,17.805663941499812,0.7085062527151404,3.2379863323317575,14.675043913150487,0.1189547349547998,1.4711163016480824,6.2517155277773275,2.983283177120642,1.7869677429080428,13.159161741851573,0.6257058467635427,2.756347717723868,143.44761446105215,0.7468983490389998,71.3676096665425,State Highway,open,clear,flood,critical,essential_goods,high,good,low,verified,Medium
DATA_00115,ROAD_623,VEH_1918,Guwahati,Assam,Shillong,Meghalaya,26.40844695021783,91.54159730372083,25.147945938378303,92.60994529095241,105.01489243511783,27.728408750289642,733.8129566663827,172.37226572430018,17.11625913994763,65.81097650426507,58.76379955192418,81.20112150365345,17.0078904722304,4,3,3,40.47486749345936,0.45537628973440925,951,60.18427522573783,2.087487100816122,247,53,771,14689,1502,5798,0,0.21491142635216587,0.3425849108374901,0.8907059423179974,0.5202408372559448,0.3683333937294231,0.8465223965650516,56.34752238488185,0.481829307350041,4.9126874984824,10.264754715401123,0.20637683690151545,13.137313994570071,2.878622815476636,2.5740370974117854,2.3105998229327422,19.19790811003069,0.8404104776371191,2.7933180531416664,212.2638377241652,0.40262421658416725,49.24684944285923,District Road,blocked,heavy_rain,accident,critical,essential_goods,high,good,low,verified,High
DATA_00116,ROAD_583,VEH_3034,Guwahati,Assam,Shillong,Meghalaya,26.153812972202253,92.33902978846083,25.417156772161814,92.13945245429002,178.20393277928787,10.531768418996931,516.0754445817499,142.41951853365003,12.983866588160089,62.474766538942305,59.68831247377688,24.670737847107592,69.64524588689774,1,2,4,35.33730195326363,0.55245967171233,628,51.39980237406225,3.1182239231349755,91,47,2299,13008,1478,1043,1,0.23027778614553507,0.1468083151944704,0.3557448891463516,0.802653811533946,0.2083979151093093,0.23064708145194246,34.08692475618005,0.5146355038671594,5.836972285406614,46.48418484781872,0.38329010653056933,7.763702138703934,3.0405907367043805,5.766510969031741,4.6815850986848275,17.84666232649513,0.7365097063751589,2.6492274767324653,46.264446785461594,0.7268399545326467,53.4969868198674,District Road,blocked,heavy_rain,pothole,high,essential_goods,high,good,low,verified,Critical
DATA_00117,ROAD_596,VEH_7750,Guwahati,Assam,Shillong,Meghalaya,25.840313091284838,92.36618196773934,25.102417858078155,91.7009213891208,70.85610539661285,5.641669573694258,420.3085344410049,104.40839546392326,32.42641831909403,77.60427617307288,50.727890002632414,56.7956977279848,52.5676522925777,1,0,2,34.28894899472051,0.7050453949128407,333,40.86731287110274,5.538171380163742,89,16,3982,1284,1282,3752,1,0.6528405628357443,0.21121118555688084,0.45355032616690616,0.8900653874733963,0.5184968874668451,0.876089163673193,27.054501173590435,0.42851319440878666,3.9920567804219673,39.77840865092698,0.2169048835854139,3.2533409239709297,1.461401888704218,7.248198131332055,3.4402357871299394,12.685708091658386,0.34688870453203297,9.829986108149921,120.58114134098649,0.7341165814460873,18.937775539001997,National Highway,at_risk,storm,none,moderate,essential_goods,high,good,low,verified,Low
DATA_00118,ROAD_144,VEH_2085,Guwahati,Assam,Shillong,Meghalaya,25.80164580544521,91.01540859514344,25.096503598856707,91.66093162369823,158.41215355129742,6.097060510859808,1098.9251794814859,142.74993269713215,15.00061068400402,80.17702915384632,6.609251387364132,30.18898844130565,69.69584103932677,4,4,0,24.708148115930747,0.563801082061747,821,28.027866801298437,3.2534892841757217,343,30,2268,10342,439,1711,0,0.5230709923326854,0.6726493072005958,0.8714110391250658,0.2374187702039497,0.7032142969198614,0.1034631429527992,65.77445467492939,0.8931740728058781,6.134117193609848,46.81908711916067,0.1982512897639754,17.17463939225201,4.852211937243772,7.283196160975285,0.9256288945550406,21.838142454204657,0.2751271532967237,8.512679384599634,245.79275295446357,0.49686429314309205,51.14008022997034,Rural Road,open,heavy_rain,none,critical,essential_goods,high,good,low,verified,Medium
DATA_00119,ROAD_605,VEH_2895,Guwahati,Assam,Shillong,Meghalaya,25.88478111687013,91.68541864976723,25.73617442184692,92.3931605247336,213.4507404424984,6.192014126104472,483.9848305408434,24.464226582995664,20.182055512552953,94.32330476858806,28.537891510003607,79.97416246587515,81.5803717619528,2,2,8,43.08527400082862,0.8512656013913816,852,28.96486416935393,5.992978291272178,281,86,630,7494,1197,5181,0,0.19537427510838246,0.41584916949644257,0.6560296928319765,0.882056683908237,0.6931457276659626,0.8139421044460138,26.81062478221751,0.47278249510679854,2.8289917805229248,17.963455420324696,0.29441189747625035,4.805006446721075,8.471489109907155,4.638601274079527,1.1643481939326645,15.61760517306635,0.549377078525445,7.883353109817536,197.34373693117266,0.615554979377098,70.50423549979492,Rural Road,at_risk,storm,flood,critical,essential_goods,high,good,low,verified,High
DATA_00120,ROAD_336,VEH_3205,Guwahati,Assam,Shillong,Meghalaya,25.529723518338823,92.10669753387033,25.83031246861986,92.14757538126067,26.1522442368916,39.52588166603631,404.462670165867,92.0546127125644,25.114598102719405,64.71301486248635,21.651393616260375,63.62628330844159,70.8137155035241,1,3,1,38.1378211550887,0.5159591303323037,1108,59.63657076136091,1.6106246494844263,284,62,2267,5287,1410,3714,0,0.8620643959281737,0.12527881855196688,0.44432512450293105,0.8319513268419153,0.40690390139887045,0.35164735825582916,41.34355940654076,0.5447421791179914,4.457365527667814,11.314391844531645,0.06643222283767271,11.57666445917494,8.631534886642905,3.7274011445216986,3.5302960188740578,17.286990216128736,0.2941417695486677,7.441508706671926,134.67735850738364,0.27656739501803107,64.00196641120536,Rural Road,at_risk,rain,flood,low,essential_goods,high,good,low,verified,Critical
DATA_00121,ROAD_428,VEH_2006,Guwahati,Assam,Shillong,Meghalaya,25.52814698659229,91.06767767811043,25.83693415199526,91.95353982413127,190.67314084106985,16.87262314564628,145.7297325196104,89.04440348139495,32.2835722612502,65.35654360149653,10.35425270757191,44.160011928053095,38.58928645368194,3,4,10,27.294424116430605,0.628992004658156,607,31.731104421646457,2.216547405413718,73,88,468,5995,534,3665,0,0.11576959215651038,0.3608934702716924,0.46872750912766326,0.790694817438561,0.554439523904084,0.8211278761695183,33.66332196763276,0.7219688572159031,6.411131777895616,33.51956934399499,0.15405023270293242,19.729530848665327,3.901828415613359,4.512707113487961,2.8626932240175327,25.208164209194223,0.27003967824283814,7.07600165794175,100.59267905924143,0.5519379658104481,71.1923120423481,District Road,open,heavy_rain,pothole,critical,essential_goods,high,good,low,verified,Low
DATA_00122,ROAD_687,VEH_7586,Guwahati,Assam,Shillong,Meghalaya,26.304603019549592,91.93685843508193,25.957941063433573,92.43301889596464,152.9844470455403,9.66682781937841,1106.1699142502598,114.37995607048374,16.834123296154623,75.48927326540169,34.20850113883436,49.89741232009038,37.785318968088475,0,4,3,17.683155706553073,0.7589911598077238,1133,60.20633559670635,2.881007665015845,306,40,1019,7788,1123,2958,1,0.637248198768152,0.5380499910152009,0.8047172547495562,0.6022751492460467,0.5129792920512546,0.24923115120436723,49.9442541964851,0.695604662012963,2.6901254444515783,42.95631997055054,0.12919511244266432,18.82395688353934,2.8257723449483265,6.7413372307604105,4.044667393506404,26.319366203456962,0.8347850792378719,9.41172340583092,188.4883904160608,0.24191716287723708,26.051842191383045,Rural Road,open,rain,landslide,high,essential_goods,high,good,low,verified,Medium
DATA_00123,ROAD_264,VEH_5201,Guwahati,Assam,Shillong,Meghalaya,26.186854903409124,91.35419474623203,25.238483422350576,91.69495092220225,26.371959943211962,34.07663584161381,1454.9760923258139,73.84684724627115,17.76351419541234,71.84220586115215,59.52112081637465,49.54133901957081,82.45244982063993,0,1,6,22.06966780556401,0.31816957078236713,159,32.919842373456746,4.919460006264939,311,22,2839,14967,386,4880,0,0.14426181828727716,0.8172043805356595,0.35112381936073145,0.3383833400438534,0.15086535752162267,0.8640707815111092,77.77412709176836,0.703754055075891,3.64817838806041,45.42877408573219,0.1214352082685386,8.541005961001519,8.430142641793918,8.584752405174385,1.1802057591055464,19.27433448554583,0.5501739699621112,2.0857835240484617,174.4488554933731,0.6062938188371967,72.0092689583037,District Road,at_risk,clear,landslide,low,essential_goods,high,good,low,verified,High
DATA_00124,ROAD_209,VEH_3869,Guwahati,Assam,Shillong,Meghalaya,25.714108638241317,91.41182100146423,25.40837555568148,92.62176991378013,32.86284262524897,31.38125360499408,1006.8989495709424,56.41385927253561,27.49044320522079,55.083260605052466,35.01597682616094,53.23978869461783,29.707735158989035,4,3,3,24.720681762547592,0.7274186011372346,396,38.14990061343527,4.436191760171697,187,2,2843,10925,371,1347,0,0.3023863169713491,0.4077521700219422,0.6111592469125009,0.6604934415987438,0.8225256789460795,0.6481986708763465,52.4437484941386,0.37728642108466737,3.37203354073399,27.69611191405982,0.37549003646291956,1.1494560188501524,9.615330082559291,9.347566603138564,4.589633466882023,12.522203790070547,0.8554256832293823,7.810011357956707,91.92015303177357,0.8015917161343449,22.818178484374762,Rural Road,blocked,heavy_rain,accident,low,essential_goods,high,good,low,verified,Critical
DATA_00125,ROAD_532,VEH_2644,Guwahati,Assam,Shillong,Meghalaya,26.32440086573618,92.04772328131985,25.5063345139203,91.95741325055906,158.4866666624193,12.413387976027238,1482.827682280072,14.417020739433156,28.444638015100423,70.39677889111977,6.50429913333542,23.646917603135815,61.32740091308332,3,3,6,37.05547195314745,0.732815454251163,378,20.15379019106248,1.6004142497154288,186,40,2558,2347,526,2192,0,0.513092712840819,0.8757316694713076,0.764497105176333,0.7105301626330194,0.7775683438421257,0.6486027026791346,70.48496064364369,0.4395493469284283,3.8308888589556815,29.13461919829423,0.3720689435276547,14.968270067398892,2.7546628199524763,7.187201845177887,4.133843046709166,24.988216698504484,0.3390646037390773,4.730467820975155,65.92508210641287,0.8134730090508164,85.58057238738479,State Highway,open,clear,flood,moderate,essential_goods,high,good,low,verified,Low
DATA_00126,ROAD_714,VEH_5262,Guwahati,Assam,Shillong,Meghalaya,25.64925120092229,92.43704929613978,25.17012288382086,92.23741576859769,23.246428558783133,36.46010165945522,993.9240905625361,175.34296291497705,29.333983011541708,91.77281923902672,50.49915985799247,54.59043210965294,27.958715983369178,1,2,2,22.11008773497526,0.8568418613787694,1765,59.10609717153118,2.083790850679849,283,48,733,8066,723,5815,0,0.8961659599786335,0.3263737960261587,0.6417509209475706,0.4346647928975217,0.4268192815331431,0.21675428169234465,35.313507306046574,0.3963495979205833,4.972016198304395,34.7072096022894,0.03891752654607046,18.239236464485835,3.8224498474035427,7.158403775283098,2.2908205570928257,5.258006056562365,0.29324345521636624,3.9092138168930446,180.93030053712286,0.680796714488807,67.06687592476335,Rural Road,blocked,heavy_rain,none,low,essential_goods,high,good,low,verified,Medium
DATA_00127,ROAD_921,VEH_1745,Guwahati,Assam,Shillong,Meghalaya,25.50536098520202,91.75681299663698,25.38093767540535,92.77078103581894,174.39026486357508,23.165999026839344,324.80503131224407,9.380270093048026,32.305648691870346,51.85062450261348,14.865472274393147,31.890654901134,49.427186209158265,1,3,5,26.87118575518121,0.4744678922409984,283,35.86586933965071,3.4173309049093206,102,33,678,6132,390,1947,1,0.7973436473212926,0.7678432302534619,0.6982586941754353,0.8409896339779259,0.32634040655370156,0.8015491084052109,57.90520994418295,0.7711729392039601,6.257287760698543,20.550317620328865,0.3987609859587423,6.947196001408486,8.948183736330579,3.8398862751709153,4.972825329425737,24.091885341340806,0.305885322309824,8.677302951407992,172.9193824771549,0.7587541282772474,14.257775061678855,State Highway,open,rain,landslide,low,essential_goods,high,good,low,verified,High
DATA_00128,ROAD_141,VEH_8233,Guwahati,Assam,Shillong,Meghalaya,25.856520116245886,92.06354371340038,25.485199514461755,92.1408851150143,214.54282071847996,19.869406192664133,1573.6948106563934,29.439892225513706,13.091355850846375,54.21100451922429,52.749521029192245,32.645847487798,23.46360012885132,3,3,1,32.805821737572636,0.3182332430079423,1458,49.2838700906918,3.709510650403984,32,67,3341,10351,669,4311,0,0.29692594866903677,0.49848862097804847,0.17544417910198984,0.3629262210486064,0.32742500115223133,0.8850675802268947,23.539366108118635,0.48016873220170936,6.20882536455723,47.16593770719166,0.3981766624761118,3.0153285034192114,3.3706756763681742,1.2598705197093563,2.3011659022681124,22.69266625112655,0.5358985656338844,6.655210655903918,85.59664810967412,0.660604412138937,36.35415373430878,National Highway,blocked,storm,pothole,moderate,essential_goods,high,good,low,verified,Critical
DATA_00129,ROAD_660,VEH_7248,Guwahati,Assam,Shillong,Meghalaya,25.592551010838587,91.38274585282069,25.24008013282008,92.50214073304214,111.75096944356942,10.031940719519524,134.8704609944515,8.762804748717192,15.205568515312054,67.48263057378801,27.131792870696433,65.30176008253619,86.3545964086439,5,2,5,20.39471316502295,0.33883732849863224,1740,41.6179209708755,4.934942577550925,188,87,2671,3151,1035,1687,1,0.5101225805274919,0.4916984286632682,0.8083304309135051,0.4811517493038141,0.5504456615468308,0.43845646435154884,67.95434504432637,0.8082457697106675,5.4751999697304985,34.55471133779163,0.32329584897386515,9.248012527697078,4.37496756844882,1.3639428065722667,1.7087242369827549,16.588121890358632,0.35696114862954187,7.17612882273435,59.890682692827376,0.5467255776308111,60.36476650668703,National Highway,at_risk,storm,accident,low,essential_goods,high,good,low,verified,Low
DATA_00130,ROAD_635,VEH_8007,Guwahati,Assam,Shillong,Meghalaya,25.795481633905588,91.07159241159627,25.076532519737647,91.55862337475597,44.75539943165974,36.473893019994335,822.3529860536231,85.970045730999,12.362109062197895,79.73848642717265,36.26630157012762,37.736623174563306,30.38881634805672,1,1,10,17.86193465368924,0.5027556539551538,333,57.02580841689494,3.0458341910506563,123,50,385,2364,1152,3338,1,0.5697667105441968,0.4639985189280168,0.6362078931924575,0.599048315333331,0.3120595117886923,0.8733757014162059,75.99413727745727,0.3403938003502881,5.866151817102835,17.403495633071813,0.36310337509330576,15.193557066183816,6.119718159297952,8.844542153631739,0.5316532937362384,18.35940007454068,0.2040929487083382,2.05010434329317,63.640454020762576,0.5339839117386498,65.34449839895461,Rural Road,at_risk,heavy_rain,accident,high,essential_goods,high,good,low,verified,Medium
DATA_00131,ROAD_127,VEH_4428,Guwahati,Assam,Shillong,Meghalaya,25.98111719376313,91.2177312856511,25.241780217258547,92.59471662278382,217.38355228083321,5.330134963642063,1015.5903095346284,24.320510495436675,12.15233868005087,84.63745158802084,13.149110571067032,49.53154572492225,19.316705564323353,1,0,0,46.584536770990326,0.6910249453937893,1011,68.19334353694575,3.093190592586642,260,74,1193,4298,903,5564,1,0.14073774417549406,0.10629942478337001,0.6043279042698713,0.6704742516981836,0.8835895503502244,0.7788930088025523,66.59548193593538,0.6468796629332669,3.252884413570524,32.172181009956105,0.2844923279344867,6.524716106827014,4.977465828633812,5.3749086456015815,2.9551963778068933,20.287382329866468,0.6750675419982611,8.350203132694272,134.77783651783167,0.7000032301432884,52.264704715621264,Rural Road,blocked,heavy_rain,flood,low,essential_goods,high,good,low,verified,High
DATA_00132,ROAD_559,VEH_8147,Guwahati,Assam,Shillong,Meghalaya,25.520806924710673,91.43201617218043,25.19220129750103,91.94700160674411,73.38371602264245,12.17825709230701,473.4939865694925,116.69405143771127,32.72675385418796,65.26188493876235,38.11550730422108,78.97269941914038,62.55665091780858,3,0,7,19.590549848311163,0.33471523358222843,1556,39.51856164626902,2.7927359311427478,214,60,3475,14836,631,5994,0,0.3259657722157093,0.6994034414660447,0.633645161884366,0.20327724321658078,0.2595873782415038,0.5845992058049782,22.063260790286748,0.5119882714546549,5.084719250999811,49.750689415253724,0.25662474212651326,6.769385974553669,2.2524428252647746,1.4234440251689473,0.09065297837506037,27.022652674616875,0.44993071238584437,2.42744918594087,211.288454893074,0.8261202294560912,12.557600621471128,National Highway,at_risk,storm,none,moderate,essential_goods,high,good,low,verified,Critical
DATA_00133,ROAD_670,VEH_5382,Guwahati,Assam,Shillong,Meghalaya,26.396317699187833,92.28011222209933,25.873695675398316,92.28557632990429,43.952665272899935,6.586145247185936,185.7174715047669,40.337214973164734,33.656693182480836,85.95440984197782,57.94559099739666,72.90350353542833,87.97278052919617,2,2,5,42.35783384270995,0.5877246784100308,308,61.18051140102478,0.7308319046361855,83,21,2780,2934,720,3862,0,0.6826794224507986,0.6665306892485494,0.7095717519873179,0.49871280033917365,0.7963941699224367,0.22343658594544513,40.46158353554104,0.8143705871204239,5.580379571846533,14.919338777242626,0.31236208258373305,4.835916275851879,9.702439335542532,7.9229736992813535,0.032937871117743045,25.870334246967957,0.5315643328348103,3.5808246995896433,63.53390398753894,0.3862109404854882,67.21597954919648,Rural Road,at_risk,rain,landslide,critical,essential_goods,high,good,low,verified,Low
DATA_00134,ROAD_628,VEH_6927,Guwahati,Assam,Shillong,Meghalaya,26.443740256352445,91.66386803402287,25.770151861086106,92.43291345647067,138.99020073591063,31.914198165170223,218.28802111836484,24.838979872452928,18.457590698228138,68.07428906997681,47.480495304151304,50.38505952285813,41.46130130242847,3,3,6,16.298280679480474,0.8380150892821894,409,65.12555657869476,0.8179540625030648,353,84,3787,9516,905,4334,1,0.8086262803129592,0.6606323155975963,0.7988370913524808,0.6772408350866883,0.3509561890913895,0.3753258884424103,72.89024889159688,0.8751563913810536,6.307362164628222,34.41604254259187,0.3612647978538734,3.790374422860191,4.158593117987012,6.7949141327008755,4.43789879025613,20.608992015634023,0.6327312235267903,4.979294361749579,102.68138795887566,0.7682817544571621,61.90056050092322,State Highway,at_risk,clear,none,high,essential_goods,high,good,low,verified,Medium
DATA_00135,ROAD_665,VEH_6115,Guwahati,Assam,Shillong,Meghalaya,26.02133586511544,92.1355694864208,25.160027340229018,91.53625859288435,203.21770082551618,16.819754477990788,1107.2561229748526,129.3984971434578,16.033494478506775,84.83710042146888,44.95800855197774,89.0868290168734,18.83535249947677,1,4,8,17.098100851889104,0.39838309442851816,1384,45.374968854514265,1.1809716020713057,93,57,1420,10378,1809,942,1,0.3711842357096109,0.28887786153189876,0.6966064571678643,0.5652750585412813,0.671717696752184,0.8500315405591986,61.58643817402575,0.8333718277265256,2.8712782714269043,19.353515908222537,0.12789258659794264,6.684830586658226,6.735839264772346,8.335713091743663,2.8638286766571475,8.499287313660787,0.46436600732629485,7.637610899125784,48.67605733696793,0.5615162775491054,25.404420985485743,District Road,at_risk,clear,landslide,critical,essential_goods,high,good,low,verified,High
DATA_00136,ROAD_478,VEH_9622,Guwahati,Assam,Shillong,Meghalaya,25.90275370767891,91.83845267652286,25.77882471974777,92.63361923055947,154.38986886091737,33.480629918411466,1181.9839538620242,14.75048941824398,34.912794388845555,81.00580377054663,57.13010185900895,71.22018723285998,43.35378815162887,0,3,2,20.699497089178237,0.5046287126965759,1092,55.55752838317782,1.2116185339106238,292,67,683,12378,735,4630,1,0.12608591167030517,0.22547175850909681,0.5472213528712514,0.8373578843582973,0.19501284719467282,0.7818542385615102,22.723531413530182,0.477189474022564,4.284656348171016,21.583623004043737,0.2009761671842491,10.932772479301583,1.3538736912636462,3.7443213307796483,1.8722988033019035,12.349532374353249,0.21958444978179475,2.2858245244566957,201.35331252713095,0.4952298777852634,84.94565242186363,District Road,at_risk,rain,landslide,critical,essential_goods,high,good,low,verified,Critical
DATA_00137,ROAD_563,VEH_6534,Guwahati,Assam,Shillong,Meghalaya,26.281349348852824,91.71284132265814,25.720033495379116,92.28742262328157,195.24878324464058,2.0792586404715476,958.0985641627195,98.55671392945058,21.52340411426104,70.24682261068324,29.699110636070685,80.64418867938585,36.01730292398629,0,0,6,42.99340674182001,0.631601849934992,938,39.36175608367557,5.4513442976376725,203,69,387,11984,1207,3172,0,0.7927628586626934,0.6657669009256606,0.5575958349115205,0.7369270251488396,0.6659190792372708,0.5488354840586166,23.66471279467637,0.6195146174271704,3.738807516269802,17.697069333543872,0.20284704445125498,12.755377041510137,5.853184715096866,1.4758694739314553,2.851221916144855,9.734896822005243,0.5330849845099982,9.071778522193258,52.063714698756044,0.8553272669933856,24.3794721140723,National Highway,at_risk,rain,landslide,critical,essential_goods,high,good,low,verified,Low
DATA_00138,ROAD_123,VEH_6569,Guwahati,Assam,Shillong,Meghalaya,25.937017419789047,91.6224046352214,25.85964841043876,91.91259716597656,79.15089242857522,5.216621895603827,294.895861041817,96.03789604629476,12.48334082621695,57.56701967001578,12.921883911243013,37.88881677226222,17.170285078422644,2,3,9,25.737797642691177,0.42582114743357047,446,22.945686733154734,5.786178341426692,122,3,3121,1958,910,4094,0,0.3560331710723671,0.4302582495988072,0.3593742326374906,0.4004105266426653,0.7621931189268917,0.19677301080154247,29.1791620610178,0.7641003042292107,5.9478973428561925,33.441163073924514,0.037093784710465025,10.366609377144307,7.573421790773633,4.465438116671245,0.57540685941605,6.515799447584234,0.5253764732717332,4.663688172318964,133.93858974057397,0.48524565282075777,28.69923646076625,National Highway,at_risk,clear,landslide,moderate,essential_goods,high,good,low,verified,Medium
DATA_00139,ROAD_653,VEH_3755,Guwahati,Assam,Shillong,Meghalaya,26.2820236626652,91.8063034447202,25.423752456615507,92.68494055138304,123.90066027352347,13.57528799469273,101.70179964225218,73.21426585522893,21.61630134305254,87.32173031518494,20.908720015870305,88.0457262822741,10.04343453656138,0,4,3,47.67273856150638,0.4857490079003747,1324,32.544447868871586,4.239987884393664,209,80,1071,10587,1345,3204,0,0.22913304411877952,0.5272714290802573,0.1559481757917306,0.17177208301606708,0.6587434477983531,0.7643984862545148,65.75516468996953,0.9491159398823508,3.069468121925152,45.13117177246882,0.31749500325177893,5.006153349566913,5.147238446643116,8.21850898016047,4.419658060450144,28.635211650772998,0.6446189163845208,9.816763131128594,184.2446711053071,0.39110919737927463,62.98216222704765,District Road,at_risk,rain,accident,high,essential_goods,high,good,low,verified,High
DATA_00140,ROAD_788,VEH_3843,Guwahati,Assam,Shillong,Meghalaya,25.913163032798398,92.3429022658224,25.703299675054673,92.491204813947,143.77023435133856,2.603235414122736,1438.418899405185,124.53211087041073,26.22743190289782,53.488540233963874,6.702113629068955,78.24587052407833,63.72904625247524,5,0,9,38.52860696106811,0.3823957858803214,1764,38.81882243881629,3.80720980814704,228,22,3637,13582,1962,969,0,0.4701540253787079,0.8489982795297555,0.4556621254048544,0.27721661176171564,0.11582533573163145,0.3249075870546958,79.49790827664617,0.46836576419795867,6.105779975938159,13.59866077193046,0.20108100102563284,12.655411466058304,3.1711496183459613,7.46028576784081,1.1712897189005878,17.345216789710612,0.454099425120333,3.5268072220350857,228.5142077759708,0.6948776045755958,26.72690570779764,State Highway,blocked,storm,none,high,essential_goods,high,good,low,verified,Critical
DATA_00141,ROAD_717,VEH_3875,Guwahati,Assam,Shillong,Meghalaya,25.565360625000036,91.19236959233105,25.0650493214088,91.83751182491804,151.07775685757517,23.62588479379098,487.54079787213533,88.92203785990087,23.076998987961346,85.20137188840476,15.55183512435626,67.45851018740404,89.35610828984424,4,1,10,39.254503538613804,0.5263532138732466,617,54.0340176821187,5.35706064847554,31,54,2825,12028,1631,1324,1,0.44603853728974785,0.8960851812772507,0.3192284770114284,0.6441387803452925,0.473269382092802,0.3891774744823987,68.13152002574896,0.862851831249261,5.188702186417091,18.981928243328525,0.30074963446683195,6.28072758353828,4.316608277094519,5.039753473149074,0.025796420568930944,9.865203487632016,0.2572662310009369,6.146376552202225,30.708686246048984,0.7162109252656965,88.24764888855752,Rural Road,open,rain,landslide,moderate,essential_goods,high,good,low,verified,Low
DATA_00142,ROAD_706,VEH_6477,Guwahati,Assam,Shillong,Meghalaya,26.34050758369572,91.3707303491366,25.473576525139503,92.74644345524193,211.47902788608937,14.510536073227396,1496.7774530284134,11.311942433409712,22.991876116788223,60.6534649614963,9.010095988707395,61.99752936787649,45.08235857731019,5,0,0,18.348476230257795,0.45716495262941403,355,24.27673495356946,0.8337781991208273,47,48,1483,14888,1720,1432,0,0.1496017868466126,0.7419096794242764,0.14383106411380214,0.5885909117828918,0.44547119179839045,0.18146206544378077,18.905297138900035,0.2391523575126199,5.732236296654449,43.99717252893909,0.20238723966584052,8.631978197550584,6.249559367963976,4.699972034230886,4.322913721188003,24.68687021354661,0.6368057095067544,5.080701220447422,129.44704595142642,0.4996740185913198,59.61685634805593,National Highway,at_risk,clear,accident,high,essential_goods,high,good,low,verified,Medium
DATA_00143,ROAD_686,VEH_3064,Guwahati,Assam,Shillong,Meghalaya,26.1373637356527,91.38442915330147,25.421007003496584,92.44200994750192,122.26359212966547,24.336907545583617,513.3592123839526,19.441186178357434,29.925639600319933,52.72210322876002,22.141677194451734,50.509368970385204,86.77930811149179,0,4,1,41.403077226288815,0.34895059218207547,1208,58.77478321851219,1.310749844330405,188,77,1604,5768,1055,966,0,0.14585411690108385,0.5056862939547526,0.7681399438348407,0.7869617644226986,0.437648912333346,0.2563257037193225,29.02603324382629,0.8813751638006115,5.863117849636511,41.4105522836458,0.24529686942680357,7.489486549777953,6.745029362008762,7.253034191031523,4.909616279132753,19.994057583140922,0.43180180412833447,6.205696739963234,241.68960005435054,0.6312721960972406,43.49562306917849,State Highway,open,storm,none,critical,essential_goods,high,good,low,verified,High
DATA_00144,ROAD_852,VEH_6431,Guwahati,Assam,Shillong,Meghalaya,26.307271307260404,91.56386770537476,25.400312566639816,92.57390962009758,21.54683935230927,10.33742349563715,116.81655589746656,0.6654730065023062,18.94716661982566,74.96112227576612,12.83210851983496,50.82856836623132,60.506766191534034,1,1,7,46.944806775403364,0.38792738940659055,160,29.95614349761046,2.0625548620358582,142,33,3144,3855,995,5442,0,0.24283314464084838,0.1171936224465216,0.7743051365720546,0.8285191601585759,0.11679500836995677,0.6419619031980248,41.52459305406245,0.790560560403456,3.4560761594994722,14.438760381455204,0.2570896066799211,18.786167979199515,3.1897093048006,3.161349395861967,4.047438851458961,21.52271788033839,0.858813228971129,9.793916614288133,249.48135569856203,0.8171646565467316,80.27102691587336,National Highway,open,rain,landslide,moderate,essential_goods,high,good,low,verified,Critical
DATA_00145,ROAD_147,VEH_4098,Guwahati,Assam,Shillong,Meghalaya,26.35443543296656,91.44127411905215,25.14856691902638,91.82132314271657,164.77560246728913,9.283889101721932,576.1246210623349,68.07519529002683,13.16146330004607,72.87212665064106,37.12452224434082,54.229344536711494,68.18388347709637,2,2,9,42.46328280473765,0.7327977756470573,1359,23.24365204849598,3.297375929613688,360,65,1732,9168,1362,4703,0,0.3574585063009671,0.39910297707006737,0.6556077389913622,0.6725198981508724,0.49583362027262534,0.31466836679689103,43.06622493764304,0.8908889177662755,5.044571794407059,33.35930486015596,0.18322526254693405,1.6954852710425272,2.351357570066074,2.8270044704431334,4.315841318457744,14.897499385959229,0.41419932542380683,8.99838036592116,153.55833702066613,0.8548492348916985,39.9285884228523,National Highway,open,clear,pothole,critical,essential_goods,high,good,low,verified,Low
DATA_00146,ROAD_578,VEH_8086,Guwahati,Assam,Shillong,Meghalaya,25.908952775355516,92.2067566979402,25.3170204257445,91.9970822046111,61.300118130358705,21.715187380908787,497.44367935927414,41.431964077898854,26.133871316143953,66.15918208335648,9.533018106210827,78.9822372430827,51.023279158265524,0,3,8,37.52790397208605,0.7286986367489394,566,24.920455485056294,0.8924177250363146,49,69,1020,6468,702,3597,1,0.34217246618992886,0.752451823761957,0.6468314638462557,0.31957164520408177,0.6645141101123931,0.8983965643517083,84.88835684843319,0.7642875174964892,4.204409374330973,39.59284023735691,0.2560278115259268,18.335268072497648,0.283632008334589,3.69526736838078,4.111544279256178,24.578206352301375,0.48266779901139806,4.651826354837059,155.4896006025848,0.6587159552300237,47.760319503600016,State Highway,at_risk,rain,landslide,moderate,essential_goods,high,good,low,verified,Medium
DATA_00147,ROAD_966,VEH_4077,Guwahati,Assam,Shillong,Meghalaya,25.928792974130296,92.41289466654443,25.417687864673024,92.07028504151823,216.17714873286164,20.028653568636482,151.17692527912757,92.84856308743845,13.47375563858234,89.31875948440697,21.80645646068804,71.64635427801073,49.984016901493895,4,3,7,38.05968447924003,0.3837299545992746,561,40.95736579065,4.271695432360798,236,88,2402,5909,967,5708,0,0.5540619420132507,0.1257671947607052,0.21130778881127377,0.8817946669616553,0.895405896486345,0.5545527078499752,70.9402044282123,0.8853141464730945,2.843503424914921,32.955149372501594,0.14945063740706185,8.426831898266599,3.936921919891277,9.538234073785882,0.318546240571535,14.660846030030152,0.5323443582359466,3.959572263998054,241.43608288165515,0.6473023140901375,34.37163716151804,State Highway,open,rain,none,critical,essential_goods,high,good,low,verified,High
DATA_00148,ROAD_171,VEH_8449,Guwahati,Assam,Shillong,Meghalaya,25.557453180615994,91.77779752028414,25.171825716843994,92.61761955158975,114.49808388914325,3.019863196419924,366.960273551283,35.81977227708984,12.76859870723219,74.14038586488809,31.303812830692912,24.81340935252236,86.40774125074594,3,2,3,45.29948228766612,0.20394582671194714,521,35.487858814075835,4.998428567522718,273,20,2672,10422,935,5712,0,0.5019800169275525,0.6478687432942178,0.32035278202118117,0.10595464701107211,0.214153590474913,0.15117603435863627,42.94658401861341,0.8056743743652857,5.138279572856298,31.034260192183094,0.10855498187705949,18.295748239870015,8.816546036387939,5.141841040285372,2.8806637614624493,23.4322677722392,0.40153824949569544,8.92894666098105,127.66899040360684,0.6902215778071257,66.9318346931617,District Road,at_risk,rain,accident,moderate,essential_goods,high,good,low,verified,Critical
DATA_00149,ROAD_682,VEH_2565,Guwahati,Assam,Shillong,Meghalaya,25.893551317592298,92.41853104208035,25.239695257585808,92.63170146946096,82.96854371568442,8.823968173553462,1167.741445557429,111.19257295119695,17.297239763039524,91.23333501073326,43.39241959124488,70.56865724292717,27.380389516792576,3,3,6,32.2720652028526,0.8939117775074291,1232,26.061531229062517,2.528026360429339,83,64,3339,13771,967,4259,1,0.2318712845609582,0.26589767638483386,0.13570813216070823,0.12137430353877239,0.6110932987599713,0.6404976531847485,47.3332778862185,0.45774328641197143,3.2337772756374488,25.973673419884783,0.36611657627262484,4.693668101257176,0.5701916657777587,3.2554515975128435,3.5454980253106716,8.412014306915989,0.6692069003289431,5.178209918460496,128.80532454962554,0.2577840408973394,62.561808372910974,Rural Road,open,storm,pothole,moderate,essential_goods,high,good,low,verified,Low
DATA_00150,ROAD_272,VEH_2271,Guwahati,Assam,Shillong,Meghalaya,26.171392155912436,91.01681592699941,25.273252264808836,92.07285538811618,60.92625260229898,8.482385634354072,1314.5008627962784,3.2519029770637964,32.317192642957735,73.95344622230152,29.31319790572546,23.342921574079092,60.783232934183964,0,1,4,33.30060625400712,0.6300319535518314,1451,64.85049400582659,2.6484011396535254,187,56,414,10800,309,1298,1,0.7136913907631519,0.8430564418417202,0.39971576278660526,0.29083225846282057,0.17310914406799338,0.43734618442025286,84.25034374758003,0.4528374818369367,5.465785932268187,17.68607279061065,0.06717752548432689,13.710039654376045,2.3615649491228417,8.940574518363391,3.9846208257744116,25.761266660710564,0.31751802121704853,2.503425295621995,118.5280022420922,0.275378680012651,36.17131729285691,State Highway,blocked,rain,flood,critical,essential_goods,high,good,low,verified,Medium
DATA_00151,ROAD_769,VEH_6181,Guwahati,Assam,Shillong,Meghalaya,25.51198137841513,91.31915190956119,25.220096193745853,92.35535021319694,84.0452535412263,37.6790826638002,1160.6459701602603,21.744713051866476,11.098473568881165,89.84570227440625,27.610325974109642,73.7281591588321,49.96608196681886,1,0,5,49.666600216653016,0.6700248869429918,1720,69.52656437539454,5.177557685454397,117,32,588,10828,964,4083,0,0.3656372378786269,0.6082827613456028,0.8071736257530755,0.35437358008635955,0.7812433699749147,0.48570430319019253,38.457365268732715,0.6563999916171837,2.5599782884758557,33.40147657659995,0.14287977461499116,8.265056593041841,6.477801156563881,3.091829296430799,2.9373427370424987,29.709521609040287,0.3628241331491572,6.547138071287194,226.77537093246457,0.416194040071051,69.03306271344296,State Highway,blocked,clear,none,moderate,essential_goods,high,good,low,verified,High
DATA_00152,ROAD_842,VEH_8270,Guwahati,Assam,Shillong,Meghalaya,26.239255636016516,91.49303477780074,25.278126443308135,92.33668269308703,194.91359292797534,16.231897882756634,985.4838613124608,53.39065146716029,34.439187611433375,79.16208912858347,20.865030745270104,21.65853326045499,77.7547876434762,1,3,3,26.594459541108414,0.29379918697963614,1204,22.703699062255044,5.547229961734511,157,87,3051,12788,755,5881,1,0.5171775419809639,0.24683637882686185,0.6038260102632205,0.1516935042730971,0.49331383150806973,0.8629289519337741,18.647480341834473,0.9440094266544954,3.452255872589622,47.530981065100434,0.263974780845676,3.3856589924054465,1.9020230815394243,5.9396239033415,3.9761654634703953,10.109333290962525,0.5551971841954824,4.836158346570297,130.09170569538452,0.314911168107179,25.80290093715486,Rural Road,open,rain,pothole,high,essential_goods,high,good,low,verified,Critical
DATA_00153,ROAD_507,VEH_7188,Guwahati,Assam,Shillong,Meghalaya,25.66776603811021,91.66206410627102,25.505292554269687,92.45540653588965,194.8746268142167,23.904029555874356,1493.3264733954352,174.190645921295,29.838965028897064,50.89149847095324,25.978062141737716,79.78295472134873,70.70866579202236,1,2,7,47.25363746664006,0.5761466892790656,412,47.642606842014274,1.4663462483518157,224,59,1452,8431,880,3973,1,0.15755171974440893,0.2093250794104538,0.4754067849857554,0.22377956459600884,0.2517006516705784,0.11026741779837082,50.04898660723719,0.7440090319565933,6.390220801817833,29.65814870731689,0.050406069318838474,18.58813035414057,9.414792855587356,9.734433730540767,1.8657244884981745,17.238777858728696,0.6487341053133118,6.294781048902192,116.9772066110738,0.22717882837899567,83.728259876059,Rural Road,blocked,rain,landslide,critical,essential_goods,high,good,low,verified,Low
DATA_00154,ROAD_477,VEH_1945,Guwahati,Assam,Shillong,Meghalaya,26.150906334708132,92.38977813449547,25.73566420560175,91.81505872995439,27.936741575135024,38.3696813113974,1482.3148974359356,138.82866817977634,25.773817842185302,80.43915194475295,43.36092823454857,65.17334759497567,30.906455877682937,5,2,8,30.94147695637705,0.6448531874857389,620,32.37074010154207,3.6808798814921104,112,1,678,13631,489,4048,1,0.6648558174738909,0.8793164724170902,0.164278653374535,0.827959318094392,0.8008049334463171,0.23265888589471315,44.88100310937305,0.7188775992144991,5.03991897965936,30.025872876549787,0.28946881685909853,11.130824927324317,8.889178678030731,6.274717940180076,3.669667184785343,23.811556301340545,0.8470244140130017,8.824761627613462,49.58666613802726,0.6008281867480559,73.80271574520636,State Highway,at_risk,rain,accident,high,essential_goods,high,good,low,verified,Medium
DATA_00155,ROAD_637,VEH_7829,Guwahati,Assam,Shillong,Meghalaya,26.154521191778333,92.0995633538546,25.170634256127485,91.98704680533946,181.9308552212743,2.243971657059851,436.63489913196213,30.31176453046565,14.549608286957021,92.68174901575387,29.78634313635578,77.0059318459044,24.851043344104795,3,0,1,17.064372273140034,0.24618351941811217,1654,29.594241626319256,5.9062091891654065,239,56,2767,11230,523,2260,0,0.3345004682881061,0.40218283012319556,0.3214097622887041,0.3737215341905752,0.5685171200917967,0.4823176949333807,62.096321457902725,0.2756068565482641,5.285266829068648,12.442258675718527,0.04653976808505192,15.284175233163392,0.270821251870381,6.242009037009362,4.938094170460825,7.421046273981844,0.5656341810096098,1.0653576134219183,160.67159616959597,0.8908277897048034,70.90911761870133,Rural Road,at_risk,heavy_rain,flood,critical,essential_goods,high,good,low,verified,High
DATA_00156,ROAD_487,VEH_1937,Guwahati,Assam,Shillong,Meghalaya,26.4753050607147,92.30961614843743,25.80627020523084,91.50401006187495,220.2245474652268,14.788907647802192,783.0742063587479,122.73479983379985,30.885528975719687,91.62667025811103,6.412423499710893,28.602617761719,52.45034711329193,2,2,3,48.28716788049237,0.7011517930927977,609,38.42149475660848,3.9009343257100646,273,65,1892,11817,684,925,1,0.1133042432890969,0.38816448970696027,0.13660342675207593,0.7460462494839014,0.3604201595659817,0.4554449274156013,57.47341114221163,0.5001238931298515,5.160313141300421,34.503693817246074,0.3775765977595749,2.5460153938706602,4.393579548619915,9.383351225206988,4.6542225210414045,29.67178658737596,0.7999700001601115,9.146824858368198,190.21249217236914,0.40570408124492807,25.606156415904742,State Highway,blocked,clear,landslide,critical,essential_goods,high,good,low,verified,Critical
DATA_00157,ROAD_218,VEH_8899,Guwahati,Assam,Shillong,Meghalaya,26.162642110442132,91.36135242033775,25.211640821177014,92.47922827696408,171.74137354626558,32.279188896040736,252.03408657981788,54.24269489812656,20.872335171953114,82.2094320231302,13.812940277868439,85.02771513801109,82.2118815085231,5,4,7,41.820808833930826,0.276300827975124,627,53.29663406174716,5.733271337571068,93,85,756,9757,1597,4930,0,0.7364323716866049,0.36624089403117066,0.2790449734436271,0.5607776687522971,0.8390780007879699,0.15173362281314456,39.025804597070234,0.8826253443068417,4.285146801324225,39.71871278762891,0.08386008352514548,14.77553362586617,6.608412564490748,8.06573694241866,4.8312399855308605,15.924056322955987,0.36335721132521015,3.3318455371350773,90.46971309727488,0.277967765647155,37.219028318274745,State Highway,blocked,clear,flood,high,essential_goods,high,good,low,verified,Low
DATA_00158,ROAD_294,VEH_7359,Guwahati,Assam,Shillong,Meghalaya,26.479849498150486,91.4794644836852,25.365023842435466,92.38309282149451,203.21001961119987,6.841863724787171,983.5773499933086,56.407012430819506,25.040440967451033,59.99637007561599,26.742181111167138,57.68050603319214,46.84822160954846,3,4,0,20.064527530708748,0.854311926942012,548,44.99163325130229,3.00681491800278,337,36,797,13239,1662,1181,1,0.34711314143167726,0.8922680895841121,0.1987712101546081,0.8974788835505799,0.6652178142903563,0.482626197523338,73.00811130627508,0.5712691438840429,4.860239134299846,38.16561906531325,0.1381035872065743,8.157463916521063,9.815199392587392,3.998300920235515,4.13942347156876,10.265327142192039,0.7128606718339252,8.293767869663577,182.59166807337294,0.23679641296126314,79.23455165388509,State Highway,at_risk,storm,pothole,moderate,essential_goods,high,good,low,verified,Medium
DATA_00159,ROAD_500,VEH_7407,Guwahati,Assam,Shillong,Meghalaya,25.571823220907483,92.09013190064252,25.282364083054485,92.69998292217865,181.2549942503721,39.66040216996894,1031.617054115334,98.62972371735724,12.432989167217292,64.55383635202044,48.52026057929621,80.60988021161427,14.329864293223444,2,3,10,47.7101400109795,0.3432592061610967,1440,28.184723398520575,1.256585277098123,277,37,3875,3372,729,2686,0,0.6882551172449469,0.10730601169005496,0.6807660094269591,0.5605456775542964,0.6426542448133186,0.8907873502876208,25.332382145217842,0.9127986158208952,3.8932286428723986,27.08444257958092,0.19990021494268945,16.99154172983941,9.27465629988945,1.8644295871276753,4.870793799827834,9.49082198460832,0.23673048080610326,9.822490838460002,171.27200608074148,0.6153746731853112,87.57815787110825,Rural Road,open,clear,none,moderate,essential_goods,high,good,low,verified,High
DATA_00160,ROAD_914,VEH_2468,Guwahati,Assam,Shillong,Meghalaya,26.277730811116648,92.2973436841912,25.65031093643681,91.85778085233297,170.23495899421874,17.072502289472396,724.4491951147028,54.48412972567333,13.00000964042314,53.718664575310946,31.90701425282294,66.81545468861975,50.77987982328835,4,1,10,15.805936646012714,0.5583855270585378,1272,43.97491830353617,4.315492187436492,78,75,941,7290,1291,4452,1,0.5571384795024182,0.1795530040575801,0.15079864092927064,0.8271044186485439,0.7361798616499369,0.24791187885600632,71.90075560697863,0.21480979133656175,5.603399237745847,32.24240655227388,0.3031760890978666,11.191919005558017,8.159523335060918,5.39706936162252,2.594505579663214,19.61803848649967,0.6996243869750151,8.110609232375815,52.92009893461575,0.7270917337032008,87.25448349629782,National Highway,open,rain,none,critical,essential_goods,high,good,low,verified,Critical
DATA_00161,ROAD_362,VEH_1573,Guwahati,Assam,Shillong,Meghalaya,25.584610327928726,91.18707568019049,25.298577922311125,92.75615901505765,59.46873565988095,32.41949292975106,1761.0752679920822,22.148154579443997,26.453984193519794,61.17516881620138,7.539144471599185,86.20562155813735,82.36956106591333,1,4,3,25.2688889806756,0.5272819187934416,386,48.85357346029684,4.323058219411584,297,45,2682,9818,1345,2619,0,0.6300935972914892,0.1357884421175739,0.12938715927644762,0.2133338648063494,0.7848681380309331,0.2721703526820119,24.394560397789675,0.6140529700519888,2.851283716037756,33.671325552184925,0.26800339014276786,6.270518656383082,7.34522316231329,4.7981351067814,2.7492430528613685,11.5168610553783,0.6548382582706358,2.469874371592211,127.61524352231746,0.8613183384979186,64.12205363830527,State Highway,blocked,rain,none,high,essential_goods,high,good,low,verified,Low
DATA_00162,ROAD_719,VEH_3687,Guwahati,Assam,Shillong,Meghalaya,25.91968647257662,91.23023711498485,25.99244899144608,92.06371527085173,25.959268523186957,39.82365222318883,1126.132319277123,125.42452809365705,11.938114924379667,55.607955075175745,11.04945728643878,58.385814938505646,15.276748734329644,1,2,9,37.406212114647744,0.390255587752136,783,58.903547552694754,1.3048129810296332,145,35,240,2604,1072,2720,1,0.8614262885153455,0.7261868949272386,0.198802794073411,0.5211805387039626,0.8004095393809649,0.5710616399129823,71.4758714606859,0.2716554179543263,5.782032832843883,23.956008464233737,0.26978086014205976,11.871003422458235,2.963567891755058,3.439485702419299,0.49533076199033244,6.199082130705456,0.42259747283575844,7.766856234565898,65.6513089512579,0.7642594972171484,64.22495065212266,Rural Road,at_risk,rain,pothole,low,essential_goods,high,good,low,verified,Medium
DATA_00163,ROAD_154,VEH_7064,Guwahati,Assam,Shillong,Meghalaya,26.207502415608825,91.37366744143756,25.60870299054864,92.41882279139104,62.11404093325734,28.0930172615907,1776.618668450433,128.3800790309044,29.961722468708793,72.60031605442526,20.170263591363263,49.94355579049606,85.33416075615096,5,1,2,45.84856985012753,0.7512186004445798,725,51.78176241290624,0.9781825669929427,186,52,3356,6123,484,1551,0,0.6839624240400596,0.8558935588218785,0.2320905004460615,0.1459292178427286,0.6947275655618361,0.5433278198813737,49.499537323298185,0.8557647213937416,5.4416894992402165,48.48665325295826,0.16394425254816627,9.055688849565595,5.185087149872824,7.577176296918506,2.3982797375993874,17.875287176132545,0.8985680980514132,8.992724804518254,182.02343939286175,0.48383001617886257,59.302928561081885,National Highway,blocked,storm,flood,high,essential_goods,high,good,low,verified,High
DATA_00164,ROAD_790,VEH_9577,Guwahati,Assam,Shillong,Meghalaya,26.403798619099472,91.26222129250083,25.367050937111742,91.67331444075548,101.25705271267314,11.280597387108457,186.54115958979617,133.01696731903655,22.387696537951896,57.6717784017158,58.33506220003846,43.657101720446065,64.32505384073568,4,4,0,44.11042421213676,0.7806216404820318,341,34.503236971489336,3.157185756523145,165,27,209,13091,1592,5559,1,0.2739705558005355,0.34385583954518434,0.8464891550489363,0.614378908369118,0.7605819099749199,0.12834330162652954,47.41398865338097,0.6633115186263907,6.358589535013804,29.530658441035964,0.2508019476420266,7.759137214064083,6.232196434672684,3.9569662115361974,1.7694637219296416,5.1288602780032315,0.8231373936362825,2.6754193575576894,104.769772864836,0.27093644515844184,49.36368954035308,National Highway,blocked,rain,accident,low,essential_goods,high,good,low,verified,Critical
DATA_00165,ROAD_473,VEH_8017,Guwahati,Assam,Shillong,Meghalaya,26.392193385825916,91.80464107705143,25.26948167464655,92.78618002064633,170.9443182725624,36.69814627261208,846.906391345846,1.2438813448955943,13.496860033597383,83.61909895783816,5.319562031015905,81.85033858519782,66.73755478767433,5,2,3,18.87329750981068,0.327919811250307,373,39.72730026433459,4.5915819281464385,46,20,2928,4260,1281,3077,0,0.4368762581888904,0.54009893831949,0.7398560683830766,0.6714567668881057,0.35991015881949606,0.7115141676684468,76.72365716093273,0.5763939369059794,3.99723787007585,46.94245002922213,0.1988654983806338,17.018195358568033,4.010715367554822,1.987595056139732,0.53939792486701,5.52880516762353,0.3088793921536534,5.500008382818405,197.6616140752917,0.36555345458111077,64.26482548107847,District Road,at_risk,clear,accident,critical,essential_goods,high,good,low,verified,Low
DATA_00166,ROAD_355,VEH_5606,Guwahati,Assam,Shillong,Meghalaya,26.266727604828922,92.2962502084322,25.994257060445516,91.82156068210475,208.74016574551578,12.999731903705653,437.3011805535689,87.46726389878005,27.661522474645995,86.44786108015418,43.562972472422715,55.163376053996615,24.4950599602872,3,1,9,49.73930839389948,0.572956959181475,1399,27.43630499742336,1.1625365408333161,235,4,1321,4148,599,4392,0,0.5931738865354269,0.1727483443281061,0.14076429236145405,0.4258377523718546,0.3451567572364739,0.6066479800946971,31.199935417803125,0.45213338859049146,4.54495934208811,29.167809504672803,0.07794837547178907,10.687410161751387,6.509956923918604,3.73860990994047,1.3462304459354335,12.013898518495026,0.44571715964458825,4.762667799165231,96.96419910638706,0.23328947594185276,13.271130323729468,National Highway,blocked,heavy_rain,landslide,high,essential_goods,high,good,low,verified,Medium
DATA_00167,ROAD_442,VEH_5986,Guwahati,Assam,Shillong,Meghalaya,25.611528613395148,92.00342131048808,25.6829615127427,92.5016027377588,49.970859931250644,19.938210238859465,712.9668031647544,163.52675549070483,30.250881158073426,83.43194089864473,37.39010914480249,62.32996654519036,29.060177594571314,0,3,2,24.65814312809084,0.5674617730620465,278,64.35968999056723,1.217669728864524,338,15,368,10610,1640,2460,0,0.6637280431137669,0.8404005116143072,0.15990368093143703,0.5372632182777546,0.37431837500021703,0.6802805273187071,84.27512305430443,0.35149933770424246,4.465145390140451,38.83077864458333,0.11585995763811997,1.8324110167384653,2.0787259302920327,5.9544611379834125,1.2626275379801783,26.9268835632792,0.7974068059940755,9.161333628320056,244.4033853944495,0.8264391195491583,45.87857760778942,National Highway,at_risk,clear,accident,critical,essential_goods,high,good,low,verified,High
DATA_00168,ROAD_396,VEH_1744,Guwahati,Assam,Shillong,Meghalaya,26.4558029216988,91.09119008624245,25.972473999066676,91.74724819185532,207.34270610975906,21.90298495732716,941.5440310834368,171.43996127468716,23.31174631980354,73.10694633960149,9.124204025443655,50.642146040133724,50.74226938733483,0,1,9,34.687450656876166,0.4121975207379398,1343,33.574709447817725,1.5123648719474894,111,73,1092,10701,1726,972,1,0.503054211781943,0.6764633329217029,0.30706769408828116,0.7819800628443737,0.33709094946536244,0.31481172175497363,23.337237700653347,0.3679470876917939,6.369947765139766,31.342631649439564,0.12417648348769818,6.545022612383385,6.468230362622193,9.478414006176756,1.38878252086222,8.324284827417664,0.8113679897296049,1.4636797516175954,245.50532386471937,0.8926753884284733,26.797790845987155,National Highway,open,heavy_rain,flood,high,essential_goods,high,good,low,verified,Critical
DATA_00169,ROAD_432,VEH_1938,Guwahati,Assam,Shillong,Meghalaya,26.12595530462207,91.01561228734178,25.355483153606055,92.44961968030628,84.32865515834916,14.333351143921565,535.178260145545,170.35700892644456,10.390962238868454,79.57929170909753,52.73900663703851,85.7311834740335,56.66089719917936,4,2,2,40.29107679502623,0.6504923128007708,1439,32.86725844071276,3.9442630260339415,339,70,1044,14383,1205,2707,1,0.31503480198334827,0.5653310396063367,0.7461863688124497,0.7023181581226791,0.22451318172249737,0.2853785141099208,65.84002867619134,0.47648000502028043,4.945928135362129,46.0867257353684,0.1751702952486842,2.780130180889832,1.9788327299209165,2.6652522037951787,4.31176085681135,9.721498036693406,0.5433628682818155,7.565319930193272,170.70196113333074,0.21473311273092147,23.033491900714065,State Highway,at_risk,rain,none,moderate,essential_goods,high,good,low,verified,Low
DATA_00170,ROAD_868,VEH_1193,Guwahati,Assam,Shillong,Meghalaya,26.10329351648487,91.56681269463886,25.02071591548648,92.57453092275274,195.59252389534518,4.737850205622696,1195.6195919882666,44.14569021690151,11.093501063469617,61.175432500655155,9.597755035170213,29.98449240402793,60.19075012185405,5,3,1,15.472391640648356,0.8730886102282772,1721,25.316947230089514,4.548723306509886,203,90,548,4314,585,4835,1,0.752371938008931,0.3459079941019792,0.48312670680590464,0.29504708681032354,0.5348211508514952,0.3139653124063363,53.05290340345566,0.21590592875103412,3.049165181123156,11.781033904199392,0.2952366305900801,11.3481999087187,1.2051476777577075,8.978111814918744,2.0764233597306543,5.030260516734226,0.3570189216494606,3.0400762695388406,111.71118753522421,0.4473169383313895,32.94769658201002,Rural Road,blocked,clear,accident,moderate,essential_goods,high,good,low,verified,Medium
DATA_00171,ROAD_186,VEH_1710,Guwahati,Assam,Shillong,Meghalaya,26.104506381981842,91.26710166516112,25.530480640641183,92.27949493032526,176.2696616933215,39.64918603140976,355.3740607075381,40.41404231125507,26.68183462455137,63.57036950524242,49.965939974675365,44.38699782846981,18.3138050264676,2,2,1,47.06820243950022,0.62938537221618,643,60.535970742622254,4.412186752205785,69,0,3729,3435,1892,2100,1,0.21822414631008843,0.4573563141902891,0.7374805914494161,0.8810713975336075,0.7517198089797117,0.19053122745658682,44.92172119893858,0.7450307965938532,2.973403881802961,15.786712792648974,0.25396477182817023,7.138014829908772,1.449850319194412,7.907818723210369,1.7630437880499579,17.355161909727762,0.5369019850000335,9.755639789443455,160.39220097316695,0.6456229294346689,21.05770218499954,State Highway,at_risk,storm,flood,critical,essential_goods,high,good,low,verified,High
DATA_00172,ROAD_639,VEH_4593,Guwahati,Assam,Shillong,Meghalaya,26.203093313330786,91.35278960349086,25.002866105759736,92.7920769058598,23.945569868025473,22.47239512416187,1049.2365956729261,88.66825309280603,33.94039428487284,91.4406845342892,8.276756444013905,44.45432741388751,77.90011993010587,4,1,6,45.33703779617429,0.7552083619794207,703,43.019419291667724,5.093887848356493,312,53,1193,4452,1995,2739,0,0.6975962885487157,0.19378864742548452,0.6566245895860365,0.2144612632838534,0.6864652158400231,0.6568980274493288,44.729611918463526,0.24056250882186977,5.359684211666607,14.240393240078483,0.05177473411534944,12.05053440780666,4.872900383225713,6.345330818252957,0.7908659812132168,8.672166795515308,0.29889424484443144,3.205412236553338,27.807482541100732,0.7817475949942907,43.31958958489729,State Highway,at_risk,rain,flood,high,essential_goods,high,good,low,verified,Critical
DATA_00173,ROAD_757,VEH_1526,Guwahati,Assam,Shillong,Meghalaya,26.10417359881947,91.26037030484486,25.160348787984756,92.01530789719882,117.43277606649558,19.867011022849784,1712.0113371995096,130.06033570111288,21.357412776752547,82.01330447441578,19.192989807972772,60.044559353076444,34.48271674475241,3,0,4,22.956019936714014,0.8451601872253456,656,68.65611646024007,3.368255746190112,94,27,1840,11142,414,2693,1,0.24695501817765805,0.6967965899466717,0.5474354303186142,0.7733703915906504,0.7532470684792196,0.474748876556255,36.923276228375705,0.6814181257324285,2.740003194843445,43.090147191426176,0.062281333202400715,4.131662830999205,8.072724753919882,6.819824761286355,0.9736529465734794,7.71002205170692,0.2544660035810704,6.428711503812487,215.48708677650336,0.219634201881818,32.57655451462292,National Highway,open,rain,flood,low,essential_goods,high,good,low,verified,Low
DATA_00174,ROAD_187,VEH_1735,Guwahati,Assam,Shillong,Meghalaya,26.063739322025285,92.18533855472289,25.04568061268366,91.90895437986534,237.00710252656873,30.747814734042485,114.41384231240114,55.64162026192161,18.916228590845954,62.70809809225243,26.897501368164157,33.64185945699417,70.14738165774423,4,1,10,40.399084370242846,0.8790805943579488,1539,53.73432088545704,2.3222500327235167,287,12,2256,14229,1887,2130,0,0.5697404074434597,0.4056893853959622,0.5690865628052494,0.7816216769063966,0.33209550476803185,0.22123024870380148,47.41743561262413,0.8639029046108166,3.4613406142344476,13.73163460279056,0.3730967252872838,14.650791439412767,8.867140267143714,8.267284304895531,3.2711007498526055,24.220642879336054,0.3127329185261699,9.673006232936524,141.16767941611067,0.7101044477978142,62.11159320073549,District Road,at_risk,rain,pothole,high,essential_goods,high,good,low,verified,Medium
DATA_00175,ROAD_725,VEH_2228,Guwahati,Assam,Shillong,Meghalaya,26.458015651646267,91.85035129220549,25.994404528271577,91.62662785609174,23.436603194498858,15.692021516650085,1402.7394345386156,154.07145954091402,17.738557746100433,89.03901542427107,48.85606671109425,82.65943911747439,49.91298085100293,3,0,10,30.918275013418153,0.23577411135468465,705,28.07362424886295,2.040645272812351,216,45,565,2165,666,4674,1,0.8889146475390252,0.8827870086194652,0.7105170957842938,0.4536363104003195,0.8393286176946594,0.8518635757205857,83.01764517881975,0.566194246558059,3.3352825640740837,24.53888441890575,0.16730102323637927,6.445876290037074,4.208525657643447,6.57715153138534,3.4029239091643775,16.020691947402852,0.5587354763700436,6.6216872004300695,95.5702173268698,0.2584433837051736,43.05553883668328,Rural Road,at_risk,clear,flood,low,essential_goods,high,good,low,verified,High
DATA_00176,ROAD_262,VEH_7541,Guwahati,Assam,Shillong,Meghalaya,26.353829190678734,91.33457693518947,25.874158885048914,92.36989573032821,100.25573124849682,30.15961729021701,896.430786641118,44.06702135469132,23.377893883758503,86.82303854017246,11.001547796429989,32.61913516539684,18.66786653844138,4,0,2,48.58418507342917,0.41755590300689127,987,29.9735499924125,2.3079635043039426,192,43,2675,8967,735,4801,0,0.3227000502024808,0.13062587109256515,0.22459289400895638,0.47597403613039135,0.612173105558575,0.35614929537896256,17.19262778123283,0.6508080600250821,3.662642400736263,25.21139295768745,0.34416271805773113,18.792733664528562,3.7426290373331272,4.870987652294691,2.367048196994544,6.35193787729235,0.8076144212190799,9.573805085029807,178.8260740798494,0.3888936771187923,60.85498343474008,National Highway,open,clear,pothole,critical,essential_goods,high,good,low,verified,Critical
DATA_00177,ROAD_288,VEH_1880,Guwahati,Assam,Shillong,Meghalaya,25.592441260032032,92.35246260570587,25.342019147898,92.47912886579317,57.8426547026576,5.104946235841497,693.7696404852031,157.2796601667792,20.477526948158676,71.39747380538122,42.88567712986586,31.248241197997984,65.73520686434745,3,3,8,27.414233177460158,0.654321149410706,896,61.15078486872148,3.584996434352532,335,25,518,12841,1667,5638,0,0.35898605980910625,0.8890943576306332,0.8511752470395362,0.6942690779282744,0.6893754287548459,0.3532122314821885,25.535439571403543,0.5439943004426699,6.072293557508207,15.899463444782992,0.10135986324001005,17.421725623397148,1.3133473855388513,9.729785122465401,2.0319331907779983,18.01729245526456,0.20257382386749256,5.055030707194757,212.3149362793944,0.28800204354528436,45.94629206592821,National Highway,open,rain,landslide,critical,essential_goods,high,good,low,verified,Low
DATA_00178,ROAD_795,VEH_1235,Guwahati,Assam,Shillong,Meghalaya,25.870256415112163,91.54569168034409,25.301944471125715,91.89905504847103,208.38184915173332,28.464951327080104,312.067098087364,139.3891911946102,22.478266591003475,94.95716762185012,27.77295494505222,44.6210284877925,76.2548688307208,4,3,3,29.90472185098338,0.879256127864606,787,25.66899997232439,1.4669759275282144,249,47,924,10056,1518,2232,1,0.4052506583036657,0.7760732868886328,0.6508405249135604,0.4499949373847677,0.32659869016464127,0.5963011916750761,79.75949178197826,0.8427479503632993,6.309507524703712,49.81452884901171,0.1522725105264035,16.31285548886251,1.2173579877499623,6.846621276049602,3.0813018579966105,15.281991605400162,0.5474834503603023,7.765540827918285,233.62650459680773,0.26979145067533555,45.52826851806731,National Highway,blocked,heavy_rain,accident,moderate,essential_goods,high,good,low,verified,Medium
DATA_00179,ROAD_459,VEH_8601,Guwahati,Assam,Shillong,Meghalaya,25.912934742182443,92.23062696283526,25.703834956769906,92.46349897395484,21.7491810479154,10.469416093241048,736.8944617340958,81.83337836925554,15.598414970107527,62.762199022191844,53.37839384546504,38.51493493853336,77.07873398224893,3,0,3,42.82983732839539,0.4317732195454884,594,20.20787786699356,5.499824779332143,46,1,307,3512,1918,3967,1,0.36807195049769126,0.8673284743558612,0.8942632998825293,0.29346489045464735,0.8787922584495687,0.25412832269828267,60.11040506908477,0.8214124246588776,6.302205983532684,42.05326584933411,0.34541020019678925,11.979218700177567,1.4629305512162945,6.726461421800444,4.88677817315283,9.342931770369226,0.8329199606380422,5.655493702188081,123.41535707539423,0.26970454675717204,74.09375794311183,National Highway,blocked,storm,pothole,moderate,essential_goods,high,good,low,verified,High
DATA_00180,ROAD_256,VEH_1455,Guwahati,Assam,Shillong,Meghalaya,26.11809964260143,91.81550872982213,25.97239988355914,92.2433319851542,25.816671555773247,38.050611542548054,1348.0875784302623,36.67726380218413,34.58535478519392,78.55084179652914,47.767436166827935,33.058861991618066,62.20181757087066,0,0,6,22.761432829441784,0.2550631316627098,602,56.31563103945141,4.9390356788282475,223,33,2900,1847,863,1579,0,0.6019504071661282,0.6107092558431496,0.5634836606200876,0.18273538417179297,0.46730217890262027,0.5767155535381098,22.49536573833582,0.4118472788221836,5.580128925838714,45.78419154305091,0.024384486667661114,2.76276567928677,5.043601501564022,4.252575861025393,4.191579416691231,14.770005215084499,0.5437258702278809,1.197612715689138,41.55459317912451,0.8714520211367154,16.105014807162263,Rural Road,at_risk,heavy_rain,accident,moderate,essential_goods,high,good,low,verified,Critical
DATA_00181,ROAD_451,VEH_6681,Guwahati,Assam,Shillong,Meghalaya,25.983910992703706,91.92100749462836,25.546482771672416,91.70590474887396,190.590270672256,8.832644562070735,1675.1914047204639,1.8252524931346659,14.821131491309174,51.32998592494382,6.267099630011023,55.82213046600869,22.18768132704885,1,4,10,45.34059902855137,0.1918307655964635,544,21.474880921669204,1.262107612257347,72,88,718,5384,860,4845,0,0.8625834887741198,0.37884270374824747,0.5411976912732394,0.33545670191671695,0.6961555648387178,0.49664136431254136,50.88595827105788,0.49995661371768324,2.6258018945815302,17.722169533399686,0.25052884641906165,4.286230793294701,6.933163075828184,8.985834020797649,1.4054138199192023,14.820648115667439,0.6085537787914816,7.898039805056229,95.10665414684973,0.755869668305533,86.30096597794315,Rural Road,at_risk,storm,accident,high,essential_goods,high,good,low,verified,Low
DATA_00182,ROAD_747,VEH_2052,Guwahati,Assam,Shillong,Meghalaya,25.949403384083876,92.33417452909529,25.958097439343906,91.8289827589909,114.25590103491332,33.00390358352996,1126.599562208108,112.12397321582316,31.931302295084663,92.76701370948207,34.1774002788509,47.88146676194516,19.171996223869456,4,3,6,43.31641634027541,0.44350944036779627,480,37.88722583849659,0.8995218216144505,220,47,794,13771,943,1901,0,0.35487131290610086,0.1087208194542087,0.36309551128013384,0.47230130176227836,0.736191536912687,0.8189951791325136,54.314840843055094,0.4891931624167464,3.911662023483529,34.07207644348596,0.09589389425154007,11.01798486807797,1.2086178980573659,3.502436216521193,3.0395218709957246,27.08400309224175,0.8019388472284485,1.6734177631552178,225.849404524347,0.4952250985614385,70.49609627437923,District Road,at_risk,rain,landslide,low,essential_goods,high,good,low,verified,Medium
DATA_00183,ROAD_434,VEH_7272,Guwahati,Assam,Shillong,Meghalaya,25.73642191720317,91.03190304657485,25.017836299863955,92.51829732740622,152.424510249716,32.5035573003404,107.89992697382961,89.75717431621649,21.544296198406407,55.89761229510552,58.17694550122763,22.590573673755422,52.67736072423129,2,3,1,33.46297890968031,0.36991189506516253,133,23.472705732991304,1.0231589977754367,242,38,1325,6196,1843,3732,1,0.16381376717358942,0.7196907479356208,0.4950548804540673,0.13765821691350633,0.3387550514725264,0.8871734705840453,49.533563698880826,0.6808228516978352,3.184558916134556,46.418872809831186,0.06715521806521967,17.018437222422776,9.38949680519234,1.9246924986212965,1.1200717854438063,25.636413248329614,0.29711409638520314,9.941863342417264,218.8124733396601,0.7069773517919906,28.10730050217596,National Highway,open,heavy_rain,flood,low,essential_goods,high,good,low,verified,High
DATA_00184,ROAD_370,VEH_6395,Guwahati,Assam,Shillong,Meghalaya,26.187921595668424,92.18744174553997,25.379556464179696,92.40826427952528,232.7174336588797,37.49619352931654,1091.870447122897,156.24267704373878,12.99753549067093,64.36997062552922,13.140081550306938,60.8891210864923,78.01229594101683,2,0,1,46.34169760693078,0.6095229175494893,1468,26.11866545742888,3.4017391042625826,325,61,2908,9029,874,3537,1,0.28066441471457104,0.3110496268642067,0.3369873506509148,0.16623541923171095,0.5468121876450901,0.7982978656433598,61.16365444138198,0.7514512091271401,3.7171603761625938,18.235649375607093,0.038241288214288974,2.4823178457300625,9.723299047702076,1.5424023562094509,0.06564053410660298,10.403386702416535,0.7729580109532337,2.6912568687558927,48.52031153888465,0.34606302060035454,57.24184796905668,District Road,at_risk,storm,landslide,low,essential_goods,high,good,low,verified,Critical
DATA_00185,ROAD_898,VEH_7556,Guwahati,Assam,Shillong,Meghalaya,25.687953472648854,91.41675765167655,25.16419632499118,91.8992908137809,220.06121741805762,36.73676005707904,1202.2510362677974,39.381269551854594,13.682243351070976,89.42883062975707,45.97642962679978,36.839372300812265,81.52784434607435,2,3,7,21.546041811529424,0.12286899969721087,1455,46.54427046054636,2.435762531762443,90,70,544,6806,1183,2637,0,0.4175424009692096,0.444678738760512,0.366991603691322,0.4530724780117802,0.3958245402444166,0.13930752067936503,41.77657701999033,0.8960149691771067,4.553856170267484,17.757265059353674,0.3497863390727465,4.599543039881809,1.9311220245188605,3.483331298575287,3.037240672618755,17.965461506241063,0.2764291925490824,1.4488430456601358,81.01245511895891,0.2777579557426708,19.215032489977936,National Highway,blocked,heavy_rain,landslide,low,essential_goods,high,good,low,verified,Low
DATA_00186,ROAD_943,VEH_5395,Guwahati,Assam,Shillong,Meghalaya,25.995171660227367,91.25654367863082,25.203575479594118,92.32796897645585,182.34626991415084,22.221005542868493,589.5636748343695,49.58270595046655,10.07767176148343,58.328547162158834,54.92803423498509,63.548284496166424,69.1272600324894,4,3,6,44.83973787526318,0.6503487362779348,448,35.75562495046947,0.8820004866760223,125,42,3885,8458,590,1004,1,0.4423380394819626,0.11666147814700034,0.8794966832627784,0.8050060217200342,0.23658008980275946,0.708208601791201,15.681371253582542,0.46410773379472003,3.37955319088472,28.95320641492571,0.16929646148156835,1.0191229826050938,8.757541674566285,5.253114201012805,0.2258825979726925,5.434770540756493,0.6760323821998325,3.615927126394445,76.3647259636638,0.5522025295876958,70.39939829503473,National Highway,open,heavy_rain,pothole,critical,essential_goods,high,good,low,verified,Medium
DATA_00187,ROAD_113,VEH_6777,Guwahati,Assam,Shillong,Meghalaya,25.801134032831765,91.50060830516412,25.517831055630193,92.36311813081832,218.97938055916404,20.645150303266718,1534.285104369849,63.14058824004798,22.108870989226006,62.14718506381129,33.561989516406165,64.78602172025225,21.832030998848335,4,2,10,29.36116315401564,0.2762044826708252,390,37.85972025164672,0.6699757117332732,325,89,1964,6888,722,1631,0,0.8365178045917416,0.40222260736664384,0.18634532669456638,0.31913911030974407,0.6015133659768195,0.535933136339315,78.86733160502354,0.9404987493062733,3.957157327495538,45.04371360746231,0.2048674592103362,4.324092716283181,9.121207885852831,4.139605507194654,1.6559783514971365,19.72869597697524,0.8616865500491901,3.486224180340094,67.87884950077155,0.6056617823545218,66.146850790545,National Highway,at_risk,storm,flood,high,essential_goods,high,good,low,verified,High
DATA_00188,ROAD_396,VEH_3664,Guwahati,Assam,Shillong,Meghalaya,25.803645599535294,91.43238993061277,25.799785064866594,91.52027011953307,29.419211596137426,12.959524275267434,581.1294079072775,174.50458021089642,24.82679045264344,52.393697701219395,21.820182541608535,50.122597997321826,62.82026519424322,3,1,7,15.022459899981106,0.30114677034448856,817,63.936104805493926,4.818948143903597,287,85,3349,10187,617,1604,1,0.2141154050583497,0.6864425074859107,0.44564062705770036,0.8346078698677893,0.3326416207483874,0.1257093517373667,80.30543345827056,0.38654637864814556,4.592744677265628,37.14001108319898,0.2787507658979784,8.33857587746309,4.1113133063591025,9.137465423965814,4.4651682027154,28.004853222895907,0.6179271550291408,2.559717722797159,123.05866090772838,0.8131526837180252,74.35041998515571,State Highway,blocked,rain,pothole,moderate,essential_goods,high,good,low,verified,Critical
DATA_00189,ROAD_658,VEH_4004,Guwahati,Assam,Shillong,Meghalaya,25.875965943801447,92.31388221867962,25.436892815649824,91.68019283774899,121.63730621077626,17.819867544343943,632.5427856779528,35.914171592825696,33.37199536807151,82.06693273849899,30.760838087504066,49.93684196962922,43.64045319643432,2,0,4,29.359051854498233,0.1221383506808179,1244,21.321106015701496,4.717233365886304,75,17,2719,5954,1911,2887,1,0.20181988847786034,0.5346156412357831,0.5524596803057505,0.3346745494218827,0.7042681386775216,0.4141274578925124,43.20594882149656,0.20446463448633145,5.013275309239458,42.299241054950805,0.23533273422945353,17.623306578711848,4.710163378895379,1.4891161081338806,0.27346377336140093,25.747357231783404,0.6549159584562051,4.001351090886125,46.914788968388194,0.4034038468883215,48.517432028408585,District Road,open,clear,flood,low,essential_goods,high,good,low,verified,Low
DATA_00190,ROAD_972,VEH_3535,Guwahati,Assam,Shillong,Meghalaya,25.800892208727,91.46633624344105,25.989158629898213,91.50838604083137,131.5396831441127,28.65976129317618,1269.2169848173094,92.92752538582192,12.867721592475112,50.0016070297807,38.208486425835254,28.472409221437417,17.749090938094902,4,3,2,22.15027789493088,0.47899392261896356,1135,42.19079374921094,0.8060923896226614,92,38,1857,8925,676,2824,1,0.757349166946173,0.6450563576169601,0.787451110232826,0.5937268145274909,0.44588295904544806,0.6089577318528764,27.936549707636473,0.8139125753823582,5.20272304533923,36.29861451407727,0.10494656175464306,4.244734344771391,7.468314259174175,5.920129230642015,2.3807919949466907,12.250904718311322,0.6672748705000711,9.631822729847388,135.91693068035966,0.6673897616015891,41.29513763536261,National Highway,at_risk,storm,accident,moderate,essential_goods,high,good,low,verified,Medium
DATA_00191,ROAD_766,VEH_8282,Guwahati,Assam,Shillong,Meghalaya,25.542631796807857,92.36058765301176,25.962796525204954,92.10827923973763,186.30501162574097,3.0628850368413643,570.7368665598638,82.27481038587368,34.54384214399653,66.09864482677524,52.07117644962831,55.2243934925989,37.90672654065521,4,3,0,39.71786158812752,0.41249946065571996,228,28.72484395500989,1.3327149296944474,318,43,2082,12717,1911,2047,1,0.7279687509692166,0.6267551559384458,0.8387815498943849,0.15456808755493176,0.7714603939362407,0.4869957290680571,82.37885067628817,0.6543813485222225,2.6363341702553327,17.214981489193125,0.24060446810014097,14.46150348798061,5.168406192950162,6.930145902401992,1.2961300883226827,22.44421763794061,0.6121964698183254,6.226522469020313,156.51097550192384,0.7809203876751787,15.405597713547428,National Highway,blocked,rain,landslide,low,essential_goods,high,good,low,verified,High
DATA_00192,ROAD_927,VEH_4876,Guwahati,Assam,Shillong,Meghalaya,25.60543180927481,92.32113311634211,25.72816315958256,91.99930850179909,243.8635372863182,27.2799169125883,1668.0388577984932,89.89810279132502,11.548166128230024,61.27177320533484,7.05800512115733,72.4954459451267,45.322276212782825,5,3,5,28.101273970519493,0.6050352444689235,160,66.17754227447034,2.266375680209215,260,48,745,11443,1475,5458,0,0.25657435806092577,0.49288241527983456,0.6430792169933875,0.2803972315859362,0.6937231252317999,0.4472504068245753,51.99706142102968,0.7925031631754478,6.4253135851545125,13.44073193732141,0.30876552692043135,1.4606180262058786,9.606356912500045,1.8658550369132794,0.16619595922562624,8.514064828546907,0.2036653999365322,7.969471042396473,152.86638139173903,0.8051438104389279,37.256904950919356,Rural Road,open,rain,flood,critical,essential_goods,high,good,low,verified,Critical
DATA_00193,ROAD_994,VEH_2161,Guwahati,Assam,Shillong,Meghalaya,26.069152422831532,91.19078857581005,25.517246866958043,91.63118690515537,134.70381597453286,21.032310838848574,187.5143149683794,64.16733467076862,23.5134505724385,51.01441152454134,50.17302927921685,40.292753611200546,76.25188008033147,4,1,1,28.66492435048942,0.38632415573568835,423,68.40574088993259,0.9112741756389356,324,30,3694,9482,1551,4996,1,0.4193757272877986,0.14531855908597474,0.6580143266428016,0.18869957675202198,0.4767829652841501,0.8339130698736544,33.41371503268361,0.2224835222527835,5.001882802728361,23.521809703530575,0.18677366377751872,5.956740996313942,3.4785042055150472,7.882623236883638,0.6964431406644472,18.677183690809155,0.7137108685875417,9.317568360389044,174.2506286522142,0.8147891256483641,28.849376138183544,National Highway,blocked,clear,pothole,low,essential_goods,high,good,low,verified,Low
DATA_00194,ROAD_840,VEH_1683,Guwahati,Assam,Shillong,Meghalaya,25.604061216381194,91.74489508018945,25.225245041030174,91.95533498794563,129.84629563827974,38.09649574620371,1428.6211248093614,107.66657317483492,31.911245020379432,60.248981162644526,56.21855939212896,21.844767363018736,72.54580486498068,4,0,8,21.86609989923615,0.5865111163872151,876,54.09706081583912,4.558579635616553,312,61,413,7342,1868,3990,0,0.4437749189218151,0.44146686523881506,0.2102163440917921,0.45036228369469977,0.8177173830011677,0.8860276454898791,40.73960695136515,0.34523422164726425,3.017858304694545,27.4609932059254,0.20193316429636074,2.1005276257189656,2.4739275626950703,6.297557265240302,1.1356294308999733,23.686892232404844,0.8218347368047723,8.13862758000164,152.81093761548723,0.8936571155580653,11.191884799752119,State Highway,open,clear,none,moderate,essential_goods,high,good,low,verified,Medium
DATA_00195,ROAD_399,VEH_3125,Guwahati,Assam,Shillong,Meghalaya,26.106123845262964,91.71805204813461,25.12237635744058,91.59984498395988,77.54573677349933,18.665123543609322,1024.1985324767502,50.86727595232052,22.37323129647508,83.08483825329034,24.632707270757923,84.05706048096128,27.62298312398304,2,2,9,39.959685061835955,0.8531415901597359,1697,47.5702920901341,5.279340185933123,155,67,3857,5383,953,5335,0,0.14319802729270129,0.8203403020550838,0.6644013401899543,0.5974974244010908,0.323827076425827,0.2628439480784488,24.599204204229817,0.9319538044985101,3.476977378073001,19.221437068265438,0.26897940172524293,15.0962645151194,2.2655423924545266,4.351509865553653,4.08189854725972,8.54903080237427,0.8845367905838315,7.285077452380184,171.22931943791502,0.5176340897912641,19.1390907891331,Rural Road,open,heavy_rain,pothole,critical,essential_goods,high,good,low,verified,High
DATA_00196,ROAD_491,VEH_7302,Guwahati,Assam,Shillong,Meghalaya,25.944019735190388,91.33667267716375,25.379326978209814,92.35790340349384,142.47314566388513,13.415688197559087,1222.6841764059045,173.71736537820692,10.782652486404247,84.33483399935963,56.547313902002315,83.70378019371442,70.35824590514264,0,2,9,26.7676403916959,0.7625260526385879,637,60.51218433429239,3.7502724468036948,44,43,3172,14586,1572,4455,1,0.726090143497146,0.8428531809771924,0.7019205752439415,0.7459173566651952,0.5426353298909101,0.8619788749295295,80.27308871938189,0.41556385713730426,2.5753939110867026,49.63564632474663,0.16589577874717004,11.160466222513826,4.353583206322081,7.4729817592704855,3.8450617536497433,11.502517715571235,0.8722135057069638,5.20599225692976,248.33794223553505,0.36675883451335795,82.61700750302279,District Road,blocked,heavy_rain,none,moderate,essential_goods,high,good,low,verified,Critical
DATA_00197,ROAD_775,VEH_5104,Guwahati,Assam,Shillong,Meghalaya,26.28242628762894,92.21538924543073,25.607999175878906,91.6615983366889,150.74144737406513,31.310889770288565,645.6819655090543,53.24848518338666,16.61293861411375,58.04529782363318,30.449834771079324,50.79364955887905,47.31516005814299,4,3,0,48.805992249811645,0.48416632793988634,1239,30.89212499879706,0.8222165978523843,70,35,3874,10999,1429,3472,0,0.45235161292436066,0.3064055667279769,0.7293885664710066,0.3076326422038994,0.4959431417418866,0.28193513530694353,27.21467226954642,0.8534293868650642,3.9467794677241845,36.239126041406294,0.25390795472430105,5.420776621807251,6.615088125894348,2.6582994398472635,2.5335959293160686,16.007722016403584,0.42213410533494433,5.980669539095604,76.2892947620369,0.8661926545216492,89.35769096556588,District Road,open,heavy_rain,flood,low,essential_goods,high,good,low,verified,Low
DATA_00198,ROAD_308,VEH_6337,Guwahati,Assam,Shillong,Meghalaya,26.0703658936274,92.24370677943557,25.681016261994614,91.59281112651864,118.08932596032486,24.82199587612212,581.2434818091624,62.95133709646334,10.617365041103312,77.313503291215,24.815782036067677,88.25691803224107,81.79137805222166,0,4,7,28.115046258821902,0.8539836405128312,702,51.09581844179236,1.3817205058459976,52,37,814,10686,352,1770,0,0.7464273709839926,0.5086369139895914,0.7246990009668076,0.5065458165613839,0.5651891989281191,0.3752421971555938,30.040810380270912,0.8230450770781539,2.8098009001308295,11.30398114235977,0.0630093740984313,14.798935471858224,3.934678699624508,9.980387664160942,0.3922248615018781,6.932786024850822,0.8548625088827579,3.021229066614966,138.28657455375728,0.6021074730249274,53.85864241954758,Rural Road,blocked,clear,flood,low,essential_goods,high,good,low,verified,Medium
DATA_00199,ROAD_400,VEH_4998,Guwahati,Assam,Shillong,Meghalaya,25.828684503160964,92.19850893058974,25.97747475923572,91.8001579127652,92.40776652159768,25.069876387331693,1753.0746474579628,118.65559663177022,27.326828323499573,70.0253368763322,57.66846983442063,48.69480695822597,16.37520572661436,4,3,5,34.61599951757133,0.16115501472136684,841,52.66649636781011,3.8287022096434535,259,53,1141,10328,1995,1926,0,0.7211586171940907,0.42609395190540034,0.5678042689913669,0.21051212314096485,0.3082231628647801,0.3295081516597974,36.9691037256828,0.2611294679818831,5.844035761810652,26.840903611488915,0.12228943388245227,19.681707261648572,5.844915157878118,6.693667895592534,3.8632248788365797,27.496811706557068,0.8134839878816038,1.1396102644573034,52.177490250697424,0.3843632857192806,54.36630231820456,Rural Road,blocked,clear,landslide,low,essential_goods,high,good,low,verified,High
DATA_00200,ROAD_497,VEH_7919,Guwahati,Assam,Shillong,Meghalaya,25.85436777120421,91.60347626019562,25.55694078088876,92.42557856501199,47.376818041994454,33.686625289871955,1625.6247453541791,4.307663472059231,32.45884730231771,76.61651009614829,38.91462766325063,89.5893872570438,13.619015856833778,1,0,2,40.85619481075801,0.3839661058778706,1019,65.53371124300165,3.9695759860697786,253,37,3303,8816,1733,2002,0,0.6789659724590522,0.5716465050956121,0.7560848530329553,0.5074991886841624,0.2218051188921879,0.10622699614496992,56.51337940909842,0.7054303183187065,4.617238727766961,28.141086214594417,0.21566089503030772,7.088300640383018,1.931878168768722,7.502798671221195,1.3964979329991372,24.32515801804114,0.3625844814490078,5.439641200527957,35.864788121950255,0.5623743491479094,52.015491473572375,Rural Road,at_risk,heavy_rain,accident,high,essential_goods,high,good,low,verified,Critical
DATA_00201,ROAD_730,VEH_6150,Guwahati,Assam,Shillong,Meghalaya,25.599466535056724,91.42718643507651,25.118551077603126,91.85600305000415,120.95085122760885,30.777408143727484,1605.0935774135985,171.63246024977698,17.21197052657695,91.29618794973422,59.384306582356686,72.74281633964449,83.96126820544873,0,1,6,38.32517642343048,0.2128025001047612,523,47.6081721629165,3.2978399407249395,116,3,2651,1651,1405,5306,0,0.10533208542088204,0.7660035957240952,0.12062184434855316,0.2625127511133999,0.8534447666876303,0.5569321300178919,66.24625929547642,0.5906704213070424,4.800551291691772,43.24151261265557,0.21727128882510485,6.603890042319212,1.2742257924322693,7.3568997999478345,4.223720622060469,16.110126578971695,0.5025861639177716,3.3675087897611733,219.51311905521194,0.8951540752866658,68.53069941324924,National Highway,at_risk,clear,landslide,low,essential_goods,high,good,low,verified,Low
DATA_00202,ROAD_175,VEH_6157,Guwahati,Assam,Shillong,Meghalaya,26.39227250907369,91.05753526575913,25.100438802930473,92.41663479233128,139.89826435619037,14.430397197273619,423.6777509036121,91.27083108097828,23.95425715691045,87.69357677169747,39.43444380134336,86.44277814339698,60.182803873998274,2,3,10,23.60698055319945,0.5690746985447946,550,53.66738155323203,1.9590732573392595,107,62,3533,4065,1802,4969,1,0.2054335427199183,0.6078181795827385,0.17096936673422308,0.5130449822971629,0.6786268815365194,0.27135125996588294,45.40231469801283,0.5680183639250909,5.18832590511577,34.44868749634831,0.29949826311231226,14.489819693447542,0.5803647525456659,7.191834936795117,3.0668911106992596,20.775659602861655,0.36430105080008685,4.138333978936802,144.35375591972257,0.8680346550497786,80.23117202526365,State Highway,at_risk,storm,accident,critical,essential_goods,high,good,low,verified,Medium
DATA_00203,ROAD_873,VEH_5706,Guwahati,Assam,Shillong,Meghalaya,25.919594026873725,91.67075936859918,25.247396257984775,92.05232486911538,60.5247212714647,24.718000080964405,1725.7363963286587,97.81439666876665,26.515321491944842,65.64103589477827,26.894912039973097,28.964050592167112,80.57371585591954,2,0,3,44.40422898654077,0.7912073820184133,1330,40.600145938702646,1.7917302225477543,178,34,2278,4524,1903,4250,0,0.5498058484303872,0.3585536137914971,0.6399912376261851,0.42898326749431126,0.7472244348642322,0.44015942453551005,33.24895682830967,0.2409750245603764,6.023580756688666,29.420215704496755,0.06269962002269325,5.160015713103036,6.435408690732278,1.4106568155929136,2.2381817329604754,10.532751152758614,0.8129353829963102,5.8241178829655595,200.39920054889816,0.27722093435760176,87.46045924026009,District Road,open,clear,none,critical,essential_goods,high,good,low,verified,High
DATA_00204,ROAD_470,VEH_9773,Guwahati,Assam,Shillong,Meghalaya,25.698439814040192,91.23548936662989,25.53569881167655,92.61763968641435,72.74692771392405,5.429603007856561,1462.1851710556975,126.85149371617923,32.76634450515358,64.91759507807186,16.8588303805315,71.33340446210848,85.20110369541698,2,4,1,16.262624037205196,0.11602269861174702,1178,25.1260365178806,2.688655744138278,278,5,842,5638,917,1098,0,0.6052444027209976,0.6504560246903225,0.12702241106306458,0.6999323137023616,0.750396673584304,0.40228538903758504,43.05256552385928,0.8137219150021247,4.574595994069082,45.06486572921236,0.2688740014933182,17.377690200607596,0.9499654034087386,5.540586967013894,3.5174462110693,23.315970788780604,0.2141079247766677,7.6838678454776375,146.8820395774854,0.8432821952275431,17.64453395359122,Rural Road,open,heavy_rain,pothole,critical,essential_goods,high,good,low,verified,Critical
DATA_00205,ROAD_690,VEH_8723,Guwahati,Assam,Shillong,Meghalaya,25.876580724799922,91.64430185511405,25.222252957276154,92.02822993121517,84.06831704952113,21.469513984414693,583.5190753864629,4.21775128236201,27.57198656596316,72.7967077196213,26.03245847632504,89.520776903573,68.20459627726386,2,3,3,48.301008440895515,0.7101603063737237,1563,25.415214766662697,1.732334730612763,42,50,3358,4802,1215,3929,1,0.550522614174774,0.6142548520005334,0.3659483798967078,0.7477446295613874,0.8806539421298178,0.17631122804215799,26.847899887991893,0.8486207858217505,6.377049555064758,29.592458484592893,0.05787810311036244,5.749412108912219,1.5850395422526573,6.548396233786892,2.367573288209947,23.075810342961923,0.5966474438638025,3.091867823380206,197.66690776511274,0.37641669428572805,34.91639658243127,District Road,open,clear,pothole,critical,essential_goods,high,good,low,verified,Low
DATA_00206,ROAD_767,VEH_4862,Guwahati,Assam,Shillong,Meghalaya,25.821837957660644,92.06330225783955,25.514431115648204,92.61624878318302,248.33373254989044,35.11426080921089,238.43832512268173,48.26608124577642,12.626096909065176,81.46650037532821,25.66273277253312,72.98206941003886,22.96744914051235,1,4,7,41.185206690815974,0.23295757888178592,996,63.487458665637774,1.1251552456232954,247,63,899,11259,1944,5197,1,0.2118923112690057,0.7993720385258499,0.4345178747141699,0.10740682063550366,0.19406662246870632,0.8965954500092486,65.3960095684075,0.8601696443372395,3.7520647036872887,20.844305313372644,0.22732371948607172,7.125336711756207,8.917541914001045,6.074293448418278,0.8297283627658186,12.25491950721503,0.6795167128974444,8.225323554322111,239.19895671871922,0.45987731563721485,58.36142256929836,Rural Road,at_risk,rain,pothole,moderate,essential_goods,high,good,low,verified,Medium
DATA_00207,ROAD_168,VEH_1091,Guwahati,Assam,Shillong,Meghalaya,25.8118405096342,91.28151164054051,25.694045171840845,92.19905094277986,96.13807999927067,8.241052016067364,203.88324158231686,128.71465734611036,21.717352568070304,57.04038596156791,24.27490361034046,59.140926240638066,28.082360830877686,3,0,5,37.00876135747531,0.8423035990753214,662,34.20937881646843,5.5133089592644,248,74,3187,6009,1052,4203,1,0.5488898369134485,0.6132794836721871,0.2620704893915422,0.5741113016153682,0.18238102633153241,0.27315317559233626,27.482768210810665,0.6227448241914928,3.101396306469841,15.06816351320877,0.1781951183684602,10.924038225107074,6.519335257316623,4.446518644477738,2.8782785598925753,26.335005497964094,0.6233426451240944,9.699929999304533,190.88474341519722,0.6311210346814083,82.73837952220848,State Highway,open,clear,landslide,moderate,essential_goods,high,good,low,verified,High
DATA_00208,ROAD_179,VEH_1855,Guwahati,Assam,Shillong,Meghalaya,25.636974927125166,92.21085158109318,25.425405738240794,92.11319580096912,89.58841394697332,5.470854217728897,1392.012625928253,144.60368909453052,16.019322305944772,67.69609974309004,47.565579237074715,69.43712140033736,38.39933056340327,1,1,2,44.35272990367933,0.35357753950766024,260,64.16428044638819,5.132051715079296,115,81,3614,5550,1756,2070,1,0.5483886923888136,0.49207480368077605,0.7311720445784273,0.6482940680994975,0.5463240677104123,0.4483306983237989,39.37263423547795,0.21897166594567763,2.5009874797862133,24.627487020305487,0.2006763201382261,9.855441731543472,6.76638315611122,7.556423528616886,1.0688998034959356,18.994850567783196,0.8985300790103101,9.454664340010703,111.05291850266097,0.3253039200099908,69.8102796050539,National Highway,open,storm,pothole,moderate,essential_goods,high,good,low,verified,Critical
DATA_00209,ROAD_379,VEH_1549,Guwahati,Assam,Shillong,Meghalaya,26.147218117676314,91.96251109032409,25.39829400214491,92.79445920291654,181.98083183317428,2.2133524587389783,566.0955120843627,55.870325707802756,11.43067500947801,75.74814131147903,6.673457156681958,70.26206593908546,47.66474306418394,0,2,4,36.264119350376745,0.4635845749992161,455,43.67242081088423,5.3121525724345195,309,13,356,7054,359,5921,0,0.6645116611492405,0.24152613801308398,0.7807544894912731,0.16625969660027373,0.7672515442717261,0.19554141197233196,46.036460434075224,0.7329431522395022,2.5519780101410867,22.569462089978295,0.21106147535290049,17.299915785622492,2.9192860248487706,8.673182828334282,3.2755261143298364,23.436340804523685,0.4328654914058109,7.0479183020745975,227.42495869255112,0.8284155308940728,23.5370838080196,District Road,blocked,clear,accident,critical,essential_goods,high,good,low,verified,Low
DATA_00210,ROAD_276,VEH_8264,Guwahati,Assam,Shillong,Meghalaya,25.54450842943434,91.91279353795964,25.688716705929235,92.03202696610137,166.11893342264398,33.83323360512743,1531.6108489361516,120.53541147013762,33.527248390619526,64.00240352242695,35.83076629256951,28.240020006162474,47.300182323559085,0,1,8,44.26369696386327,0.16887618640774055,1048,24.408097682990757,5.549061007783483,123,11,960,6201,1510,1064,0,0.7309893429901523,0.274020681607399,0.39962364709585374,0.16501994655846586,0.6794214126064617,0.2973856944309611,73.6115825747128,0.6817380436285814,3.5665437008133143,46.05916794079122,0.07605529961737753,4.630635128920972,7.607158926378807,2.1946133359848226,0.26667652202063963,22.647849076814307,0.32460282515938854,2.26383466337144,95.99672047902735,0.35817226607123526,25.059623284816396,State Highway,open,heavy_rain,pothole,critical,essential_goods,high,good,low,verified,Medium
DATA_00211,ROAD_949,VEH_3793,Guwahati,Assam,Shillong,Meghalaya,25.53673109374691,92.2520862883168,25.38568069156784,92.19933341919872,68.45244332077945,12.052715446886854,1293.7186936851647,88.1794189209309,18.673038267718248,86.49087451913059,48.794927044793184,34.52128703856976,65.97230611353544,4,2,5,32.63178381552095,0.7638861462064491,1726,33.447505642010825,3.3229985032509974,137,33,1093,8662,834,1157,0,0.51362385546167,0.604890931763801,0.48016785466560885,0.47379749767077417,0.35839276535679543,0.5510155402297386,61.08133652200814,0.8759561730577599,4.592170937349591,22.89488187470683,0.31350080686728543,2.987646355926763,3.717064643795976,9.109216526680326,0.7937524997222334,16.887398051975758,0.43567028905091365,9.126818864806513,67.10009169175092,0.4506031745254467,23.01965145280434,State Highway,open,storm,flood,critical,essential_goods,high,good,low,verified,High
DATA_00212,ROAD_482,VEH_6535,Guwahati,Assam,Shillong,Meghalaya,25.98255759238121,91.60172965713039,25.04012896843825,92.70768639699118,73.88970103509564,24.55584056591002,1689.082557197447,125.00971882264558,33.17216033245637,54.85348920482672,28.424182590648414,38.85526870771301,56.19903945967562,5,3,7,35.75766176729971,0.23122077293517798,440,66.117679886737,5.376273853947827,298,25,2526,13318,585,1964,1,0.7308555362219411,0.14304007870152669,0.17231891935630755,0.7342907533992714,0.21316875697070137,0.37688195978828387,42.719570708080724,0.5454407937871844,3.510299078326596,36.344344063845575,0.33695663625421907,4.807724176169485,1.8862706553382191,3.7677407765640125,0.9229682846435744,26.44405491711981,0.5055842173331739,7.517209486682658,59.68103579476888,0.5887437618670455,72.0486816014396,National Highway,at_risk,rain,pothole,low,essential_goods,high,good,low,verified,Critical
DATA_00213,ROAD_823,VEH_4977,Guwahati,Assam,Shillong,Meghalaya,26.26305617330186,91.14373729438604,25.128502393650685,92.49195758637667,50.711041778126486,19.890426389079575,1414.542746961788,123.62155892646695,32.45053225815195,86.89059842648902,45.17046591637737,49.72147078652472,41.50802882559012,5,1,7,17.507987857910628,0.4906474630229275,1616,68.51128331811314,0.6479294837960392,341,22,3345,4852,1055,3867,1,0.501164745230902,0.10127323037723608,0.5793361529808311,0.4185446078454613,0.16181570676313203,0.28405878030109344,49.996478134080306,0.2331859395535607,5.825387968524813,22.077516745150273,0.2740060031636864,2.764156695098775,3.9638520375612405,2.6188808070972702,0.7537378476919276,12.7773018529295,0.672691052965019,5.325868512045144,83.7293870051605,0.8685119494439351,24.361436464514057,Rural Road,blocked,clear,accident,low,essential_goods,high,good,low,verified,Low
DATA_00214,ROAD_619,VEH_7291,Guwahati,Assam,Shillong,Meghalaya,26.18629864942053,91.01738298855133,25.65381723612488,92.37125340493184,117.16512551466167,15.158900991607407,192.66919057833155,131.88071845660295,20.62453002830018,83.39292543780262,11.377713070809708,76.49875630564456,82.65686956064101,5,3,0,32.572155505783,0.7248028246971803,1558,36.753175424102096,3.442632912432673,216,14,3417,3930,1168,5255,1,0.7962514381093914,0.1640072891139222,0.10556538305947588,0.8585609730135028,0.6660517727741778,0.30626924155719903,51.0427400983755,0.6608900867083785,3.0149580411518278,44.88820775001924,0.08113583610378051,9.262872814553441,4.754679105883812,1.358600021108709,4.3394835848220215,16.506267891657373,0.23505145775091757,6.393954025041228,108.09169416705915,0.49799177599119554,63.99970251091983,National Highway,blocked,heavy_rain,landslide,high,essential_goods,high,good,low,verified,Medium
DATA_00215,ROAD_849,VEH_1599,Guwahati,Assam,Shillong,Meghalaya,26.031268535097542,91.59432185346589,25.175233647853485,92.19548076035785,48.99256435901748,15.56164374834514,345.8953393695058,3.153418752689856,22.336257366668534,90.1722505119542,23.996245476990207,52.06216140262363,59.37929048782628,2,2,10,47.1571296371147,0.8228643824751252,1600,61.02428202463639,3.6298755334415107,50,9,1537,7107,378,2102,0,0.4055303961791531,0.8842131896340791,0.16301189266307786,0.8419524409576717,0.6994135993837474,0.4380239272161698,16.56684326287451,0.9127691604947692,2.9467331277502917,20.274320161817656,0.033533728915423014,13.405013241700926,8.852668547458768,8.531679855369923,2.1671764167085303,7.910635768183467,0.3341505460413291,3.348781734364224,93.22031932701044,0.5598277008340532,78.33949195964543,State Highway,blocked,clear,pothole,critical,essential_goods,high,good,low,verified,High
DATA_00216,ROAD_508,VEH_3969,Guwahati,Assam,Shillong,Meghalaya,26.17820824894989,91.40901910519284,25.407182791882278,91.52433463347454,115.29471316306993,10.177952117527449,320.60380330016244,168.3860878545807,16.676331993647146,76.95857529015555,58.6743692302489,42.27115762830033,27.70589484263943,2,1,4,15.632552316898835,0.3596870673957927,230,50.56931394630347,4.504901836933082,341,58,2608,7893,1600,5776,1,0.5331663393321008,0.4804823096386951,0.5461256981645061,0.3743605753218888,0.3557142457149405,0.7581029620431844,25.624503883245055,0.8407669917265204,2.6829687239117193,29.958985808681664,0.2105939721699585,11.112566957300766,1.8661314218883382,4.510551283517728,2.0146911230782605,21.51746236761877,0.5999193040833364,1.7074766582433623,134.47116670234715,0.8894630397983598,16.647359852523323,District Road,at_risk,heavy_rain,pothole,critical,essential_goods,high,good,low,verified,Critical
DATA_00217,ROAD_525,VEH_1383,Guwahati,Assam,Shillong,Meghalaya,26.251388408045152,91.4258315215607,25.744052018901385,92.78658431176196,106.31539726160871,27.63105207503173,1013.9076070776996,5.3216222529268915,19.460721091762508,92.69685915287636,11.792170407875549,47.70247880579066,26.904413695413414,4,4,2,18.872146829784477,0.331479180923834,425,58.3437319761234,5.914104901548727,235,70,1873,6767,1838,2683,1,0.8203671252682717,0.32310377549769576,0.7163997373770158,0.6042205280401634,0.6313876622006765,0.6494751033797228,59.31858087571501,0.6771593417102941,4.759569747195565,30.09218678940148,0.2572207520426662,11.117659572149023,2.405972281238098,4.635693717401466,3.7841409245101336,12.157085617284928,0.8471852296189899,2.412710229420624,221.50192681674653,0.48003805206630723,10.266990383068144,District Road,at_risk,rain,none,critical,essential_goods,high,good,low,verified,Low
DATA_00218,ROAD_241,VEH_9247,Guwahati,Assam,Shillong,Meghalaya,26.498909883800938,91.89935225513486,25.73214799470287,92.72913572512331,94.75467138183768,24.045997491612738,524.8992821796244,75.25798242810762,24.232653682212366,71.2361094787444,10.003154220816004,45.920713853764276,69.43722999175941,3,3,3,45.92293681685474,0.6232928358873091,1230,45.56677269318635,1.5616736797742508,112,58,1711,12846,790,2335,1,0.8497127098607571,0.8371085476862508,0.3581793614187839,0.3343855325270463,0.8155565263681993,0.2656058167076244,47.282571138020636,0.3837852281537154,4.975503868585605,34.12995947708284,0.26183841251608414,19.804553230075456,8.008184857170308,9.75524758661282,2.5010746956385392,7.7789324156356905,0.6228047571071447,3.9813331130800327,232.03505839778254,0.31148660981211373,46.97697861316577,National Highway,open,clear,accident,critical,essential_goods,high,good,low,verified,Medium
DATA_00219,ROAD_762,VEH_9751,Guwahati,Assam,Shillong,Meghalaya,26.214764215228858,91.65778168083139,25.82775383238518,91.57772215068975,206.6823505731765,34.76242088259751,1508.1231564129648,12.66581044307121,28.1287634687054,51.7957906898245,26.96861911128725,84.91729308522626,60.341455727594976,3,2,8,30.40160324424951,0.7299388237241319,312,27.29918697739779,1.9437450481107255,326,14,3157,3768,1050,4282,1,0.21356008000954738,0.2944549369546955,0.48607280379584417,0.31160616336539804,0.3640205481173727,0.6549728457574221,47.076941452500755,0.7318121620914542,5.606386113374738,40.10009892127765,0.06597315022350879,15.382630973607236,3.5559404409964555,7.202747046962743,1.6533060665195416,16.25940395510973,0.3805452316832678,3.477690818532207,33.042544657719255,0.2980146877737103,51.742343478459375,National Highway,open,heavy_rain,flood,high,essential_goods,high,good,low,verified,High
DATA_00220,ROAD_550,VEH_5831,Guwahati,Assam,Shillong,Meghalaya,25.65444128769437,92.20779797839093,25.12855308612083,92.28968424856687,217.6039539901326,29.124518923955375,537.4197936244007,55.19929148303376,15.697950726003327,88.29136181268686,37.077670407761715,30.38543545377578,10.965337311876517,5,1,9,27.745662817656083,0.5068732484904362,1158,40.292231618230915,3.901529952511355,117,44,2837,3553,1502,5004,1,0.5186699353120481,0.4023829928958933,0.8408658414199697,0.6187012026853613,0.7966258080317787,0.4856419871770582,48.879889717693274,0.48490427516903317,4.401139369996751,36.749792679234815,0.26087994035930717,2.230299327559567,2.4032867240251687,2.857863336941524,0.7504426046578416,20.21603088416426,0.7101332742906508,2.0763227779415985,69.31199621567748,0.5491531716400773,55.552639313162864,National Highway,blocked,rain,landslide,high,essential_goods,high,good,low,verified,Critical
DATA_00221,ROAD_647,VEH_9810,Guwahati,Assam,Shillong,Meghalaya,26.372615613635237,92.45565582958517,25.05597479974205,92.23671280950184,77.03354765682826,27.241275260209587,535.3225235295203,71.72842020356926,28.48589446073112,81.03645672749731,40.79439686360764,37.156093612192535,65.17099602066297,0,2,8,30.962311783508014,0.13218623387442519,1347,33.28816695212411,2.026121065039005,127,8,3911,3171,1370,3380,0,0.26618563668481254,0.2951524769406163,0.7093443964795496,0.48182584324044764,0.1786161871965744,0.8053125666464126,18.575795980692526,0.7925120951639806,4.713137923528437,12.922181843646117,0.045535136335789796,10.08768185385854,4.53060109479118,5.28432224524443,0.49937954330328216,19.7343967510376,0.6188056390066554,3.699648641973461,27.160557217043245,0.500828954598288,82.39910728426212,Rural Road,blocked,rain,flood,critical,essential_goods,high,good,low,verified,Low
DATA_00222,ROAD_619,VEH_8918,Guwahati,Assam,Shillong,Meghalaya,26.014200235037176,92.4271535461241,25.299637267471848,92.62743925669675,77.27506047832016,39.705032110354416,567.9901924158061,45.314599989509915,24.031607937638142,63.89618078743277,29.202409022531302,88.40602981271486,85.65576146971003,3,4,4,32.06531543454606,0.35536603864054195,1143,43.52531645290104,1.3972198030603928,63,55,2956,5991,493,4530,1,0.61030638031339,0.530872075692163,0.2461245369529456,0.7230334348005754,0.7102821185100245,0.27057315890312394,50.124576921588684,0.4400118956328585,3.20612750436781,31.215980789624346,0.20718995302787954,2.9554252327246955,3.1406019068509687,6.485740191434527,2.855042132433028,8.864941247508941,0.3094714077884915,7.897576440618633,201.80750369019722,0.796650099087955,58.809858359450544,State Highway,at_risk,storm,flood,critical,essential_goods,high,good,low,verified,Medium
DATA_00223,ROAD_844,VEH_6798,Guwahati,Assam,Shillong,Meghalaya,26.32923129011105,91.47301997001888,25.308016884515418,92.23227232554261,195.4199071670952,31.630686667604703,109.64329686595985,48.48897353686575,33.4996826209279,52.488834139634655,27.48332760817302,65.20548996609415,21.194422826162427,2,3,4,30.991140096237515,0.31936585318732036,1776,55.21694548510503,1.6473497311867802,161,37,3610,7119,348,3536,1,0.7327359758758922,0.3605481061820278,0.5479778095425186,0.259561716303078,0.2719838834855308,0.5023547377592513,74.94824095947601,0.2801259320662929,3.7249295512951064,19.725512611990553,0.16090062972228883,7.184177702174587,4.900890444417616,7.4913758139048685,2.349358795286914,29.278329302874972,0.23219996502145793,6.934764120806508,179.75521732821787,0.8362211428176021,48.963307887224026,District Road,blocked,storm,none,low,essential_goods,high,good,low,verified,High
DATA_00224,ROAD_237,VEH_2212,Guwahati,Assam,Shillong,Meghalaya,25.824545517393787,92.16286436169351,25.41377737987273,91.69730436381799,54.59650222700769,4.132353531613121,608.0545699294642,61.684547436895365,14.99985768680207,53.960232136560634,18.487466782564788,60.091321753419635,71.02297285836386,4,2,7,24.125169623521003,0.5248219836789966,696,54.47850645402514,1.272571621437027,64,89,3113,13108,942,3859,1,0.6978185587202621,0.2718502532490493,0.357013705184021,0.2821458247947913,0.38976303537495194,0.2591881434778499,83.00070665243433,0.3942693661266441,2.9441231629801052,34.144675656452854,0.37097031509883277,18.720943707522956,1.5746453729872865,6.780162131019015,2.136654645067005,25.151620262555316,0.7586678999187182,8.485070010688725,38.56443040386583,0.8927501548721131,39.87794877064303,Rural Road,open,heavy_rain,flood,critical,essential_goods,high,good,low,verified,Critical
DATA_00225,ROAD_215,VEH_9712,Guwahati,Assam,Shillong,Meghalaya,25.658223918069833,91.77025054223425,25.85148594593801,92.24610281362568,127.74276301493673,12.74056403221926,1205.2957988382468,60.07546256622145,14.772186419350533,53.28876033067843,42.61742307768814,77.24290377930211,47.257213265471805,0,0,9,46.1274524839142,0.8954797431167161,411,52.52218489737415,0.9016418270707574,324,43,2059,9646,1899,4442,0,0.42117285474978583,0.3350510299584505,0.5989517976535715,0.4119579971961478,0.10683032408493719,0.357907446784673,25.534644410906033,0.8416809738961419,4.733162575381643,33.37505926923105,0.0550145377979164,15.587797933859871,5.417169894918669,6.882514305327957,1.0016577605131198,25.538118774898052,0.8477495830375827,9.039191819152277,185.8535043532379,0.6037992544980596,25.1077900963974,State Highway,open,heavy_rain,landslide,low,essential_goods,high,good,low,verified,Low
DATA_00226,ROAD_991,VEH_6166,Guwahati,Assam,Shillong,Meghalaya,26.428465502188384,91.98725056509086,25.201701427272926,91.71227558219111,247.93083423635306,2.996530639156978,496.06404521848145,108.34586434073039,32.99695652299296,84.75554016225422,6.501304190994566,81.43463159294109,85.55093076207694,0,1,8,19.30885347869622,0.8584109567112561,152,42.19762312901496,4.591683083758015,136,48,401,8320,1198,4170,0,0.2645058141409381,0.4044039105785918,0.7515995331087668,0.17428145390298236,0.2400774270695646,0.8306265686649295,65.71628381427178,0.29127781444908857,2.7770675220328878,40.26425427485644,0.15243744822420943,3.2868081768842003,4.993262578981307,6.443635688912221,3.748412951654105,12.921989525692139,0.33368680065296,9.866368933149566,204.95302296470695,0.45190093543071497,30.422762935599835,National Highway,at_risk,clear,none,critical,essential_goods,high,good,low,verified,Medium
DATA_00227,ROAD_544,VEH_5926,Guwahati,Assam,Shillong,Meghalaya,25.72935883700629,92.05182090123502,25.650432643619045,92.5532202512517,221.46661779592287,32.529643580023425,126.94505018908919,72.05550263138394,34.105861647933,82.83331002392757,54.35321575239227,23.17586444207658,77.79318466722853,0,2,5,21.207543497981682,0.10741915779082954,1162,27.787915743969513,4.32288615840651,49,7,2642,14146,729,3300,1,0.5940440262250684,0.7586005637495677,0.4353913198257684,0.23970998487646328,0.5148797450381529,0.22110439981202284,71.65923123599869,0.7015008571461663,5.8461385388763425,24.60272040339631,0.37937807781840155,18.574135304081736,7.908256459171045,1.2698211407512314,1.0203844795400208,15.091357422119469,0.4612288850269213,8.57282489826256,164.93055315495553,0.219934726866247,12.066402632941031,National Highway,at_risk,clear,landslide,critical,essential_goods,high,good,low,verified,High
DATA_00228,ROAD_328,VEH_2509,Guwahati,Assam,Shillong,Meghalaya,25.919882878573176,91.09948858744364,25.968730401066612,92.10376331566556,115.467673964145,3.7669791020456476,1626.8437796267585,67.86661876179583,21.0103957605372,88.56120524665116,49.51838161816476,20.05051398128391,48.099477570943215,4,4,2,46.48421471268611,0.3054892964851773,761,52.8187136128493,2.5107049961610097,344,85,3134,2579,1278,4937,0,0.200666381235785,0.5117872245896317,0.7443579849141189,0.2140764249894132,0.6273679440151988,0.6945481902050327,65.20876473388594,0.4117248338847491,2.559753845592332,34.60058215416318,0.08010557977887832,5.745797085003886,2.656572885880933,7.570272460090549,1.5055407333607134,22.761511723316598,0.5235044141698588,6.317061921054514,141.30348063903,0.8913500496633946,31.338069891866212,State Highway,at_risk,storm,pothole,moderate,essential_goods,high,good,low,verified,Critical
DATA_00229,ROAD_286,VEH_1234,Guwahati,Assam,Shillong,Meghalaya,25.6429544660049,91.05117105881176,25.794772216959515,91.71045076635325,94.18244699160662,24.016005262610257,1072.5474455752956,168.2323938096666,22.096121508196077,65.47557963765168,39.57921067494095,77.18926420774,56.17611849645188,0,3,10,30.82364398795707,0.2718689528297996,1372,33.140231946810864,2.9192464846969033,173,83,3347,9429,990,3662,0,0.3042275389491498,0.7455907992838091,0.4898841188669668,0.5391206291694403,0.6305984562427008,0.6344101480019949,38.96625163725653,0.5893046915318632,3.2915846103289907,12.524710828648287,0.038247004015699346,7.943022646783111,6.494468395777472,9.68278194881878,0.631140846557301,10.678126397559025,0.5202034069676291,2.000232697147873,148.85457314816455,0.4069994031519404,79.86453911520496,District Road,at_risk,storm,flood,low,essential_goods,high,good,low,verified,Low
DATA_00230,ROAD_327,VEH_1273,Guwahati,Assam,Shillong,Meghalaya,25.698677120606693,92.11689369776029,25.52557468862039,92.51391900105254,149.46309080558288,38.7191169630346,1001.9546187861031,174.90235783793233,11.174880527008321,73.99203152447586,34.670146202097044,68.55863233135227,89.7739878480852,1,3,8,20.836371318299502,0.22699983775697988,1493,28.281775800476723,3.9887194165898445,346,28,3653,13306,1766,2145,1,0.7866361570489175,0.32273710399217703,0.8672454116889619,0.859119286542373,0.3371971451626562,0.8207652957543645,83.04062053180105,0.8703083709434374,5.860051264779996,28.720165885067367,0.09405363361425102,3.5862776764437934,9.393804634659986,1.0031825130718524,1.2566462050505374,18.893934463731973,0.4181237455168989,9.307469372459831,162.9513851079837,0.8714930269626555,14.737778160077069,Rural Road,open,rain,accident,moderate,essential_goods,high,good,low,verified,Medium
DATA_00231,ROAD_298,VEH_5072,Guwahati,Assam,Shillong,Meghalaya,26.33432902656799,91.10579745724394,25.963357343890145,91.8590832328988,225.30685501047464,31.05453135773249,309.90141730132865,145.25788974584574,28.49137462413492,92.49534975926787,13.351541096871417,51.036694869165046,63.77904550759213,1,3,2,41.6204608340668,0.10861522934887767,340,46.03101406662188,3.383325260612123,351,76,2129,4804,1652,4490,1,0.7577922947696715,0.5330075844699843,0.5880285588167157,0.22294128579141337,0.8041815041243611,0.7034002060324321,65.40047730428282,0.8564266082203171,4.06399865720917,47.9795163833974,0.2655121573747957,1.7784610111157029,8.412178968883634,3.299071356769935,3.134491684530887,15.647764352146268,0.3179192067188741,7.38784603940645,219.73888169044636,0.541112878403974,33.28855408706272,National Highway,open,heavy_rain,landslide,critical,essential_goods,high,good,low,verified,High
DATA_00232,ROAD_962,VEH_5519,Guwahati,Assam,Shillong,Meghalaya,26.404731357482603,91.96039813579422,25.328829671588878,92.36707203006137,77.78728549264311,33.794946451937875,706.3241939340436,173.38399542753336,10.323152747215886,82.08930284730805,31.70518173538842,61.00488830095772,27.71105086272027,3,0,10,30.181846158929147,0.312603331231865,1699,61.31304126550596,3.1832408091700755,340,72,1739,10938,1362,4034,0,0.5813298470246653,0.5722744276416638,0.7348799743811951,0.8632571822320028,0.560500419705591,0.19397869090276718,68.48214720713348,0.4705256207666661,5.579782345301019,36.90437576452055,0.059972236966815196,18.172002527656478,4.333927400334021,4.543705899004645,3.7215488791415434,13.682611332663981,0.7516954459858802,8.670097300013055,154.00260757109174,0.5659357735968631,85.21576011102958,Rural Road,blocked,clear,landslide,moderate,essential_goods,high,good,low,verified,Critical
DATA_00233,ROAD_969,VEH_5153,Guwahati,Assam,Shillong,Meghalaya,25.85858893259144,92.02451754745897,25.352378450137223,92.75526517199957,83.62546952502136,2.9174880829439176,1432.3066635523624,170.27095645079913,18.112810078673917,81.4596992700838,39.91440303232188,73.8027797308182,22.847368841994413,0,2,6,34.54672177864843,0.7907863232331139,1427,36.094057537877845,2.7072648006920166,208,22,3659,9189,482,3634,1,0.5931221815242455,0.6918874609777669,0.7689885197037675,0.2820567388327964,0.7629464882960031,0.181038534129687,65.53584669776464,0.6795888033103119,5.4162294702715625,22.516973800003445,0.3247201935260172,10.446661167964526,2.0246830270762133,4.444267457867726,1.3234019598355884,22.684902154922604,0.4454157332770591,8.253077499120845,226.5505519235821,0.7283395924527358,86.74466679605436,District Road,open,clear,landslide,high,essential_goods,high,good,low,verified,Low
DATA_00234,ROAD_812,VEH_2244,Guwahati,Assam,Shillong,Meghalaya,25.698619612256913,91.13581332614645,25.597969382365772,92.64001296581438,113.06653064495345,36.53555239165226,547.7290775463077,126.04109418105625,27.897202510417245,73.97724886179704,26.821620667850787,84.48808280353852,18.290082123881266,4,2,8,48.46262354977341,0.7516584687022235,1735,34.69561294221134,3.6355872999064545,72,41,1120,8250,1991,1234,0,0.5383897731006849,0.6340170621435479,0.319030636706109,0.49559434190075746,0.7665983718340342,0.8866098357377956,32.17462168082234,0.3693744888921598,4.091884929492204,35.91580206499258,0.22453665649596657,5.1033938211363346,0.32169987193176675,3.1931218108632735,0.10386976814014237,20.30551286102706,0.7865515038912365,4.730732567659773,149.0258846404689,0.5976599911940648,42.98588525417926,Rural Road,blocked,storm,pothole,high,essential_goods,high,good,low,verified,Medium
DATA_00235,ROAD_809,VEH_3203,Guwahati,Assam,Shillong,Meghalaya,25.82166255161125,92.24117183669942,25.702434817305917,92.53422420173703,153.16044754993823,32.53019124616356,264.2563951590563,47.440321278845104,32.93698634658355,94.34768995520042,43.95946548257451,57.475193976938236,18.38460970357272,2,2,3,43.920281463438315,0.28225954008165743,813,55.87822679510134,4.047312787702021,313,28,2105,5409,1476,1335,1,0.5950447525851187,0.49770635718740774,0.4489474002400503,0.8625312089669025,0.23707294477292998,0.5479669836072223,54.129722904558704,0.24315932409376817,3.928296687514795,23.90412404436661,0.14165879477068977,17.483965817241902,1.6492252008990411,7.138063089472879,0.32706379721813783,22.971719852851773,0.5988275384635362,9.526160143828097,188.74611281756177,0.6995285318673921,49.264785308140524,State Highway,at_risk,rain,accident,high,essential_goods,high,good,low,verified,High
DATA_00236,ROAD_516,VEH_3363,Guwahati,Assam,Shillong,Meghalaya,26.266300250139928,92.47026783244299,25.586872460800844,92.62155429354912,243.3043601379299,22.45903662215044,190.0505662753679,121.44017185895883,28.86165800659908,76.4351453288328,47.60415061380313,24.97093769140193,15.090298968417626,2,1,9,29.47990045371139,0.2289657755646487,498,32.43997662506325,3.8083900791074194,121,23,320,11639,1313,1878,1,0.17128458079195868,0.8569177115175443,0.5592023116405523,0.8592239122709814,0.4099609124953386,0.4260593496637982,63.7490538746754,0.30388212751931815,4.531819729395741,23.731813485321283,0.32339821124723633,2.8214026981049187,3.6805381293492565,7.3653665622565745,4.395322660059263,17.492045590790823,0.32919646637405375,4.612849792878818,75.9940460623812,0.8899452161271697,60.64058606718086,District Road,at_risk,clear,flood,high,essential_goods,high,good,low,verified,Critical
DATA_00237,ROAD_641,VEH_1206,Guwahati,Assam,Shillong,Meghalaya,25.504661026052084,91.57713028013256,25.02765355855255,92.67668855964021,149.57388152340266,2.77522894303089,1560.9096610394245,109.10869681061922,33.892792532666206,58.48169430078327,39.14798183292951,32.72506935495868,27.469908580645537,4,0,10,27.083678680612163,0.7976776759814088,416,49.9859152638049,3.6569175643705245,255,90,3665,13648,663,5056,0,0.7514891792475906,0.4560851575752596,0.5976660909579651,0.8482344361399998,0.8105868337037049,0.7349179800790787,23.419815648379462,0.9006859740894213,3.174052447132137,47.40130045754639,0.16179585305069627,3.047723543882565,6.893714110315473,6.310956945019957,0.8369265459563807,7.493039238760442,0.3352117875401106,2.39727358502207,162.96811258047674,0.4361776870226322,46.37336726701645,Rural Road,at_risk,clear,flood,low,essential_goods,high,good,low,verified,Low
DATA_00238,ROAD_160,VEH_8871,Guwahati,Assam,Shillong,Meghalaya,26.31090736272634,92.36450209460773,25.70763743485966,92.59078086442108,42.719485126346754,14.857069815370757,983.7344643072851,65.82483191377406,26.587814996913846,64.42488786603522,34.003561854100354,60.25607548024068,52.55405457119514,1,3,3,28.796472039016493,0.5371048965644748,511,34.12807789456711,1.245116177674197,131,37,2765,7984,1127,4464,1,0.1659111111787876,0.11906732017540574,0.1834548015684753,0.5490023939854174,0.5877305888462583,0.34471806584366915,84.46011509779987,0.7780555789574641,2.666361551234764,40.83370944382322,0.3217405047537996,14.279131420308316,5.369991272287969,1.3746928773277256,4.733899276300798,12.67799576597149,0.6112289013229009,9.102487103204982,147.1270821169445,0.6486526997354443,69.14056423184634,National Highway,open,heavy_rain,accident,moderate,essential_goods,high,good,low,verified,Medium
DATA_00239,ROAD_479,VEH_1732,Guwahati,Assam,Shillong,Meghalaya,26.410662101317147,91.14797610182949,25.949964301181623,92.66006290009645,183.85443317645357,15.367093180411382,224.03791855170408,96.79746068595607,15.090205836161077,59.30316236392811,40.22316279795719,21.09148966644981,83.76690708487554,5,3,8,22.21104436748642,0.6515116162081421,694,20.2369392307087,1.822130617706239,199,22,1797,14542,767,3945,1,0.13580542895751588,0.2133355355188348,0.2969385303364023,0.6348262444626408,0.8055558319221603,0.4382724802517636,54.93778131687692,0.8478075342369515,3.213160470388698,35.04761645488121,0.21911408664810583,4.892649336644879,8.811074252446712,7.629702115234924,1.3630746829958036,22.257031427738703,0.4911211585736904,4.722758683518959,87.56950378114507,0.8307530629087057,75.33797131730635,Rural Road,at_risk,clear,accident,low,essential_goods,high,good,low,verified,High
DATA_00240,ROAD_910,VEH_9004,Guwahati,Assam,Shillong,Meghalaya,25.566500314946165,91.80540955805084,25.167366735216252,92.46212082530147,239.7229569897673,28.448067122331345,1315.5397384021642,80.8430767297736,27.375480830334972,62.816305303064766,20.754142743786907,79.88556653192327,30.91993517189744,5,1,1,41.63462504132855,0.4159249950818865,513,67.51045371834303,3.5511249278150396,284,25,720,9490,373,4741,1,0.18747511572484152,0.28291606329698116,0.7664757870916358,0.24758266260390294,0.7100331288195657,0.745127290889027,31.92262918141785,0.6614906201375754,2.961113606659288,27.524342458947398,0.26228688093620944,3.712415452289972,6.0506144682872325,1.369467161341688,4.6680779570199284,24.169754530211463,0.332278596892837,2.893882218928571,96.5322949725801,0.59816094569823,85.8871532396737,District Road,at_risk,rain,pothole,critical,essential_goods,high,good,low,verified,Critical
DATA_00241,ROAD_330,VEH_4014,Guwahati,Assam,Shillong,Meghalaya,26.12721362854793,91.50383294364079,25.72118108301514,91.53290257552817,121.32201370565639,9.62467332377573,1533.8179150061264,115.94433061895569,25.041501359745226,62.95129418416612,13.860389835275631,58.298635017069856,35.40428463024683,3,3,2,18.89780300830825,0.15210507756426433,1160,46.7136883055649,3.902224238683682,116,41,1717,1629,593,1750,0,0.10472128618486752,0.10273676253981386,0.14673403390470777,0.41002181630549095,0.5535638220288878,0.7856024099857691,68.35233750924513,0.22639641555196838,4.522378386963885,31.823301337338687,0.3797920899904231,1.3760738173752256,8.275184377476217,5.287854160628456,2.857459360539546,14.651368722779385,0.6799269902053054,4.480904236786371,229.80424309757066,0.36636833383155476,49.24498713768035,District Road,at_risk,storm,accident,moderate,essential_goods,high,good,low,verified,Low
DATA_00242,ROAD_497,VEH_5214,Guwahati,Assam,Shillong,Meghalaya,26.381937490107987,91.55211714364594,25.020937125621263,92.54708562262218,53.11626806696969,19.260481494555453,881.884518248077,158.2999760271931,27.76714564856235,74.36743366215947,17.484208601056892,48.156166439888594,77.2108278432488,1,1,4,27.352948056783767,0.8535048747407935,962,64.18108963136584,3.033198464914941,261,56,1791,8594,1044,3667,1,0.6322987401418868,0.2064917428690654,0.523949415719003,0.29680569301223336,0.6700718891082112,0.5547092747366543,81.36035033428989,0.7469800997115261,3.197412638754835,41.36503118839152,0.2620954213870454,7.904883199235291,4.741084115001664,8.761948159901717,3.9603915217596324,14.370415963977582,0.4148292880465058,4.535466047167654,130.80230131332792,0.5799800944072471,46.185584843349616,Rural Road,open,rain,landslide,high,essential_goods,high,good,low,verified,Medium
DATA_00243,ROAD_810,VEH_4382,Guwahati,Assam,Shillong,Meghalaya,25.88597067123199,92.00049030600869,25.273319981870298,92.46976320955767,149.5737211177141,22.964336796232587,364.9546607591572,28.209482422003617,20.046912091797054,85.18365104524534,15.879536221083843,48.79028120751938,47.48638108116297,3,4,6,45.38105346892996,0.2044440672553793,1096,35.81073016314135,5.631611195941712,343,67,3211,11290,372,1695,0,0.16860004676262177,0.10693494629962315,0.7897994152871594,0.14220216471856012,0.7820807402726827,0.35063510496355677,78.12626298493701,0.3522553027248996,4.271921367163521,16.02411745725768,0.08851978867065702,5.047225258079728,8.438649432711498,4.266460564800241,4.546228025685997,19.586213027036774,0.7797781565236444,5.275785990413926,183.31072378474508,0.40281873429021486,18.11995911737437,State Highway,open,rain,accident,low,essential_goods,high,good,low,verified,High
DATA_00244,ROAD_387,VEH_5086,Guwahati,Assam,Shillong,Meghalaya,26.476124727080467,91.99580363495724,25.146646290340907,92.078375055091,193.80490801525875,22.227596853589986,330.51785898502214,111.2920006643413,19.52372857794409,67.07163893773856,14.375187659208441,21.396788366379408,65.049719803198,1,4,8,43.62830964985078,0.844753744846204,1297,48.59551242807271,2.9603337937365044,40,62,2951,10286,1004,3683,0,0.8091925643084535,0.1551119934155671,0.2079547204019493,0.3400836329303572,0.4148926014707327,0.21958879894597416,84.50277615675346,0.7932256539934188,5.299450456598491,36.756154655555434,0.25889934628036404,19.269927099721375,3.3428461213784275,7.402673632912611,4.743808872497724,7.0768173699661805,0.621968790803102,8.193859021758653,28.589995316557527,0.8237333887310767,43.41909288865435,State Highway,at_risk,heavy_rain,landslide,high,essential_goods,high,good,low,verified,Critical
DATA_00245,ROAD_344,VEH_6023,Guwahati,Assam,Shillong,Meghalaya,25.763113390273833,92.4942308973478,25.33751782805067,91.85468751396982,248.8722402210978,39.317382944944505,1216.3787586893795,162.7703769867607,26.48526304964799,64.98134888565045,6.725559399915797,81.04280180094693,84.12361241827585,0,3,5,15.373725784662692,0.5589220823002586,719,39.03355576084643,5.4749415113453965,224,49,347,12391,1676,3114,1,0.36850792984243563,0.7425168246780885,0.7829013287642781,0.7272962833912028,0.4257560295300514,0.37370295007431575,81.00343789336634,0.7393378302171152,2.7080442800940605,32.09530597713692,0.3642103281871612,10.287777970367532,2.813390793028474,9.22021615541628,4.593880574100014,7.1198825548356695,0.666355815822923,3.8675253074862974,139.47803844928225,0.27946769011099054,74.86040659458985,National Highway,open,clear,landslide,high,essential_goods,high,good,low,verified,Low
DATA_00246,ROAD_926,VEH_6589,Guwahati,Assam,Shillong,Meghalaya,26.370159595526093,91.9261910029171,25.156243790557646,92.31396429207427,220.41035721372992,4.468448444099968,883.2970952444147,102.94358539776704,31.835035892371206,85.37592347653369,10.820800577782725,28.53848765739537,66.331810437867,1,0,1,21.983245850578513,0.6968512649927254,266,29.278740395495248,4.4503992105473245,76,0,1973,13969,1704,2809,0,0.13999890516387925,0.16352956525624363,0.3563239611712201,0.5234667849101936,0.48083528767556505,0.25783980314873234,84.1550705184864,0.6540933689453117,2.553788892522559,17.442595204475655,0.02366519268438744,6.473206392673625,6.826361474392996,8.78507403841682,0.30633171806172754,9.623196182322575,0.20441937413581318,2.5826582146265595,69.48711245681238,0.30072494011166434,53.359874829908655,State Highway,blocked,clear,none,moderate,essential_goods,high,good,low,verified,Medium
DATA_00247,ROAD_715,VEH_7754,Guwahati,Assam,Shillong,Meghalaya,26.006654453580044,91.42810452228328,25.426523307345434,92.57180914169689,189.15192548466666,9.10782605593964,1001.9364365329683,57.85298031666519,26.37105418193267,93.56625691621673,18.84174947052972,72.80079656309255,15.172266996872166,1,1,6,17.19740418558796,0.37537860216315655,1601,23.020198874117945,4.656075682471464,250,10,2960,13524,1766,4553,0,0.8817341312424463,0.6396008973612289,0.35471843831621774,0.7171088869353138,0.8315813324539648,0.6584607820575286,57.38548001254862,0.9194720752493226,4.869232812426075,32.76804514599958,0.26141283137869353,14.815829604527192,3.326827001703621,4.223012742994232,4.054826851205855,14.261084813567797,0.4101730230032558,5.401787115791977,147.83130250719876,0.7214785481482708,28.248930327432824,State Highway,open,heavy_rain,accident,critical,essential_goods,high,good,low,verified,High
DATA_00248,ROAD_868,VEH_7317,Guwahati,Assam,Shillong,Meghalaya,25.91959716342117,91.03671973057124,25.139432026358435,91.91174054813307,247.64529079316267,35.43903676824516,1174.7281637337258,58.386199669691045,19.98545631127619,50.62775741925207,48.52563086865294,66.32404501270773,23.82239589157024,3,3,7,35.7528007262312,0.24712769518490899,294,20.819468271468445,3.097585222307213,168,43,1010,1355,1318,4113,0,0.3428177048550734,0.8641566089023033,0.5394629077772474,0.2821914326545361,0.48922781709924335,0.6789833635040335,45.299936983417936,0.910498168235256,3.0683315616208073,16.39282598714296,0.19182703508451757,19.41289836652573,0.7856520836280296,9.652954749421056,0.33453039649688876,13.08206251003297,0.5336901756038692,3.603896701882036,77.90929445416933,0.8603365916457928,74.28976369881859,Rural Road,at_risk,clear,pothole,moderate,essential_goods,high,good,low,verified,Critical
DATA_00249,ROAD_388,VEH_6588,Guwahati,Assam,Shillong,Meghalaya,26.224756750265918,92.21068642685393,25.864097536564866,91.98043780203854,243.1990622647874,14.86605933276894,207.31248654504583,55.91014625974269,21.176955210046565,68.7650260409336,16.520079388854807,42.83404319122228,28.67506796726353,4,3,9,45.51558231256449,0.3500296332470859,1075,59.340306922991324,3.5524766137761272,325,42,3060,4184,560,3536,0,0.666483906464784,0.5875096931279771,0.7506575156429827,0.2992792516266579,0.5506384162292036,0.8124456406795817,36.94220338588381,0.8605461226529403,3.0177123108397934,25.36573372787008,0.06630200749385365,3.8187537182013163,3.3522183269025025,5.763120043415309,2.3134463132396252,27.510763423686953,0.8630009991734544,7.5504414543067355,40.05822558800955,0.4727035346940402,25.454537744093876,District Road,blocked,rain,pothole,low,essential_goods,high,good,low,verified,Low
DATA_00250,ROAD_249,VEH_5468,Guwahati,Assam,Shillong,Meghalaya,26.456667626798417,91.7270465715075,25.314168278908515,92.64817755220237,66.01341813468471,20.002383525447943,1478.2386064375241,40.19999738002245,14.704876422458456,91.56691247143911,38.27947755619834,40.69337026282693,14.845036110576908,0,2,5,45.967009192876574,0.5188017535141021,1132,34.122812914932695,4.848901175469525,246,89,3552,14970,322,3342,1,0.2633920201305127,0.3368826986866218,0.12305698783180095,0.6151906237743713,0.43713858174508613,0.39490531960093667,69.305783314157,0.9447348133527567,4.430212484654126,27.867403812971673,0.33343797650819984,8.258369680866767,1.738388495293867,4.997253498629884,1.5704350586140476,28.422574489107735,0.5191602654245839,2.7800262000908744,161.47205607593085,0.3993339450212625,56.91842682870369,District Road,open,clear,none,high,essential_goods,high,good,low,verified,Medium
DATA_00251,ROAD_431,VEH_7480,Guwahati,Assam,Shillong,Meghalaya,25.677998433460374,91.91962308625959,25.76053150023918,92.33670727065042,94.52325709232599,22.99785465098811,1386.0353370495168,66.38795901473992,10.984536834668296,73.02687672908353,44.75271693952279,69.95648860358203,49.73412875168198,2,3,8,47.44320569467778,0.21192914933901977,309,46.1390291763029,5.670675336764722,150,11,3291,6903,1031,3670,0,0.4301134308789557,0.7006805543278248,0.4939645612273209,0.5360891047844317,0.5197434748193795,0.6134549664838832,42.71931177840428,0.31623800665939694,4.237038482616196,42.91383805557302,0.029676799617546257,16.47291888250289,4.595281830123011,2.0372423296040045,4.557121875459889,11.518867281711874,0.3674857626822585,6.802827217815052,150.47903009094796,0.2367381710561498,77.43145447807775,State Highway,at_risk,clear,none,moderate,essential_goods,high,good,low,verified,High
DATA_00252,ROAD_786,VEH_7484,Guwahati,Assam,Shillong,Meghalaya,25.51925573133116,92.14830501328751,25.492227263923834,92.37053469590221,180.3386913644962,30.82405421764623,1035.0528382922307,170.9938839634771,11.003250516974255,76.53508977309056,16.486013513973575,60.79174298347945,10.57218989693017,1,4,5,39.56384739147097,0.5652665727236685,853,45.45743171072712,5.0597017213924635,233,27,823,9785,315,3205,1,0.5450101755517756,0.508703699042915,0.22789065739406553,0.26126873346669355,0.5860948101060285,0.3675885927425172,37.89406584840244,0.39525638628359383,5.523852307627516,14.766706422109195,0.1427210966293484,6.422252875427497,0.48241128598396255,6.430310716551639,3.257043088668822,17.795127699154737,0.48398357438454803,2.663488336013566,34.37351984662348,0.7632450712823178,69.42507263009759,State Highway,open,heavy_rain,landslide,high,essential_goods,high,good,low,verified,Critical
DATA_00253,ROAD_322,VEH_9373,Guwahati,Assam,Shillong,Meghalaya,25.523812527283294,91.01854050401326,25.82958719269126,92.61846541266226,67.46112089534344,15.715656218108766,1709.5516258768853,9.78615981794458,19.714293055230616,64.73114569190737,59.13262170919397,62.12690854646343,23.22058315325912,5,1,9,32.208879007444864,0.5486638939186357,684,59.750158781849294,4.168633723374267,157,9,2724,2757,300,1155,0,0.7857327819538826,0.8574296908034761,0.8441275417805283,0.342757239610318,0.40513673263042105,0.554488730199387,26.164103722619167,0.24015338067738204,5.874248571763413,18.612345649532113,0.3582784756724876,4.624923456071791,4.3470234891034325,8.888001764978384,0.3804975107304259,15.437175753270456,0.21567617288402424,7.933993170521666,227.16738247884226,0.4114350803143282,31.018052373485354,State Highway,open,clear,accident,moderate,essential_goods,high,good,low,verified,Low
DATA_00254,ROAD_123,VEH_8859,Guwahati,Assam,Shillong,Meghalaya,25.563283843781306,92.03770227901595,25.215475574621244,92.01680061579812,106.80775520858589,2.5450734218828166,163.17398507609832,15.49714885998982,20.81218809456587,70.95657124041834,14.626259084864639,20.928834456006047,81.79264905693157,1,3,9,37.98135095987736,0.8675431058975044,675,55.49508723675035,4.453789603974234,133,34,299,11997,856,2440,0,0.6517401602744408,0.7482831418630397,0.8966699638973606,0.13529848380995324,0.5505695750438718,0.785598572703269,54.126107742266726,0.7272102010726609,3.5925382158180126,41.678550908422736,0.28406905928126747,14.595817149584551,7.476754460211742,3.578653978379913,0.4420799984801216,14.1824288398507,0.7744999411011682,5.901316683553549,108.98517890412583,0.8312746253601504,68.09588822783473,State Highway,at_risk,heavy_rain,accident,moderate,essential_goods,high,good,low,verified,Medium
DATA_00255,ROAD_606,VEH_9884,Guwahati,Assam,Shillong,Meghalaya,25.907825778129165,92.44207962339794,25.086445559577285,91.82916039861891,51.65754315663081,24.048048073557087,1672.022428436106,66.97978484740219,26.13660351681619,70.2845935070265,34.65664865373818,67.62363680824137,81.17927255794747,2,2,2,27.0208816433128,0.8346389464122744,1380,27.252524643686613,2.379074334883397,353,20,3686,14086,1474,2042,0,0.7597484033895422,0.41708014060105914,0.7587546969591145,0.8045784122459886,0.8924031466328123,0.5351973893760349,51.36981924822234,0.6315984435605286,5.506636914295825,20.188686530144587,0.3294064430565388,11.458522719354194,9.434440630779255,7.657401375778324,3.4200534488913776,24.69310610273848,0.5424259944397578,3.929385688801797,213.20547650982007,0.46132548811968777,84.95424532589942,Rural Road,open,heavy_rain,accident,low,essential_goods,high,good,low,verified,High
DATA_00256,ROAD_919,VEH_2766,Guwahati,Assam,Shillong,Meghalaya,25.995202914955883,92.3737655439102,25.69493739269756,91.89852270718204,193.83413123643078,10.580963032974564,614.8579307116145,115.9024082247744,15.231100608029752,78.7211877058925,57.33528144506506,33.37045998607124,11.297599691806699,1,1,0,25.352442519647205,0.26566991916724514,1795,58.803392529666986,0.8923488286779833,159,57,687,7912,1032,4201,0,0.658254811749225,0.34017238225441926,0.4101978503162619,0.2667587238775886,0.4428191043094264,0.5717526371452551,48.49076393593379,0.661102382801489,6.377121850982638,11.674995326732818,0.35940974341009346,10.335335921967443,0.508876775949817,3.876686626400594,0.1552016010799323,22.515787570476064,0.8028224107510016,4.453797450484794,146.27889318914833,0.26860477250733344,65.08729135222715,District Road,blocked,storm,none,critical,essential_goods,high,good,low,verified,Critical
DATA_00257,ROAD_841,VEH_2540,Guwahati,Assam,Shillong,Meghalaya,25.954686197488392,92.12357833240982,25.24137863966531,92.77920032076585,27.898694457565814,3.469519857951952,626.683082725583,87.74071199170427,29.42909428925069,88.45889870303836,16.910544475573662,48.742496495297274,10.823516061200964,0,3,4,19.493445424512156,0.7901733498289745,1699,21.411787396497346,3.2846199530688285,65,64,942,8588,862,5528,1,0.7410461421309738,0.5285303393227,0.6794647398514442,0.30256344429052506,0.19413485347161627,0.5133890598481834,27.174307503985773,0.5387944491210737,2.831858731668875,44.14220248542612,0.22661928232743261,1.7565133759040106,6.090979408084399,4.8405844195713925,3.434036789640642,29.214119247603126,0.2537744554831546,5.339315730156206,81.0345985090793,0.4711125749574458,69.56246185708204,State Highway,at_risk,clear,pothole,moderate,essential_goods,high,good,low,verified,Low
DATA_00258,ROAD_218,VEH_2663,Guwahati,Assam,Shillong,Meghalaya,25.664433279180567,91.19799850963454,25.978796936174277,92.28676776387991,25.445986395793966,10.490060664137268,943.4476235758407,155.8018058757928,29.85843380893044,69.34880573991084,43.96248436633227,82.83826268141601,39.46306385685921,4,3,3,34.021962014745796,0.4348996727088571,168,33.945110304762096,3.565048574367632,246,8,466,2429,838,3829,1,0.4210615784353826,0.8354195609285352,0.8252929921619162,0.8004263826461272,0.1968087018973188,0.22959625772462797,54.92944369521253,0.6984807122304124,5.7336740404599915,27.844084697920664,0.2912546204699072,19.93388838598474,3.8585052852497332,3.367060149467868,0.3340944264406476,24.749954092551526,0.3298571296593872,4.719301902075473,150.92498089332167,0.3625738050171218,21.790978491510806,State Highway,blocked,storm,none,high,essential_goods,high,good,low,verified,Medium
DATA_00259,ROAD_410,VEH_3245,Guwahati,Assam,Shillong,Meghalaya,25.819529197519508,91.36551422097443,25.480389168867656,91.77762936759939,172.72836095984798,4.27977147242016,913.0682424742608,141.85567663751374,15.353062245817297,57.75880871306053,35.41678994772442,63.89208568556754,78.69542408220168,0,4,10,17.482148856773478,0.6336658783373569,1144,27.270130835915154,4.682849123134964,274,65,497,10275,637,2923,1,0.7718167580701322,0.38937801085477197,0.2802736391304471,0.30997476223940523,0.14773841352683867,0.44549682761972487,75.94681085969604,0.7854739997235807,4.622077197100445,11.106609461488034,0.12103725688545167,13.761463633205068,9.32164381788735,4.516986050072722,3.0321825607259734,26.673385654524164,0.7240259545687997,2.145937154548557,163.35154949584808,0.7533273157230249,81.09953129680862,State Highway,open,heavy_rain,accident,low,essential_goods,high,good,low,verified,High
DATA_00260,ROAD_891,VEH_1654,Guwahati,Assam,Shillong,Meghalaya,25.869521128217798,91.58990101457573,25.46450709290927,92.54885480018469,230.9354761879221,18.444178035804836,615.9447105359405,5.5645221107971565,23.382273838910436,64.71894950695116,21.947802506728763,86.39471600125604,50.9151968287155,0,4,1,28.513284858387852,0.796927242514537,1509,49.47805512519537,3.581032250665105,339,76,2907,13874,1475,2024,1,0.3696602051913004,0.6531392603497238,0.8801813205624224,0.526191291314349,0.5930933274708144,0.1503474965786513,59.03849608283351,0.9006206508982062,5.608192060755604,44.990060713573385,0.28770026206096394,12.294242544150652,2.4328538437776714,9.341378540935347,1.6208217630988964,10.985369824993409,0.3338866035935226,9.751066146471565,68.1654716714503,0.4344989393828081,64.08800924512103,District Road,at_risk,storm,landslide,moderate,essential_goods,high,good,low,verified,Critical
DATA_00261,ROAD_573,VEH_9521,Guwahati,Assam,Shillong,Meghalaya,25.67341560957738,92.08688904780234,25.876145670499362,92.33017396719109,67.31877980806071,32.48528807801413,1442.906544185096,123.89979238139654,30.75973159398363,58.238502516800885,40.61125341450245,54.78689816780316,29.650705094117065,1,2,8,31.952016130808374,0.31659239490320634,1263,42.953961244750246,2.3776968777542526,160,77,495,5137,554,3984,1,0.10261365810958384,0.25114247090811237,0.8472975984502485,0.8422445684376693,0.4638084526941241,0.8926830026545773,55.85085248560515,0.40781874756022396,3.3178579449066707,32.698145634082906,0.23010321320618796,4.784610286715052,0.6997317926545503,4.849365671374011,4.9084833074197025,19.88179436103984,0.5334577084036213,4.4819622249772975,51.87507406948995,0.32677330960364354,38.90679464347626,National Highway,open,clear,pothole,low,essential_goods,high,good,low,verified,Low
DATA_00262,ROAD_161,VEH_1161,Guwahati,Assam,Shillong,Meghalaya,25.611432040762946,92.46525439200208,25.71957195756714,91.8694445331301,75.35646247127887,22.84264658643648,474.7439298862981,48.31457214754805,25.09153238881698,83.8276953026884,56.03183467234573,44.7486007128191,28.90898653966361,0,3,3,15.803392301349776,0.5672960061831342,1661,30.993615229369077,4.931406694018828,226,26,2418,11097,335,2213,0,0.5569922193315989,0.5913058160464316,0.8792688087804863,0.7476402669325893,0.19965062198450356,0.29695436266292485,43.44815414747703,0.38151838030390406,5.1411878039409915,34.384288241160675,0.035176205774384586,17.945818374285988,9.192730225319771,3.515236146498338,0.015841805889112437,21.77903985762861,0.5046352975498609,8.748057256619981,216.15764749801338,0.5123156439466139,28.574458420495155,National Highway,at_risk,storm,accident,moderate,essential_goods,high,good,low,verified,Medium
DATA_00263,ROAD_789,VEH_9053,Guwahati,Assam,Shillong,Meghalaya,25.93665028951755,92.31272006992924,25.34228873492837,91.52693054861383,136.73864678738042,30.08824677577987,759.4311418009713,69.20559371341427,21.054736861317217,59.24613115775024,12.94836546249763,25.41498677482268,76.95517998869946,4,3,0,38.91474554850347,0.23470532171767922,927,30.35654552948786,2.2281647953611623,237,35,1218,12713,895,2791,1,0.580348508821312,0.4757704196015303,0.11942078284318543,0.848212424297983,0.2952583172647789,0.658064729360908,46.657206490001656,0.8000754797191134,3.586893206987642,25.554795137541447,0.22568055622816993,7.558498850694975,3.9335151404205146,5.4186172479884815,3.6208924444514343,27.72970088275854,0.2626226336222413,3.294331573948789,76.42528813743866,0.45661632745056635,89.76792649022286,Rural Road,open,rain,landslide,moderate,essential_goods,high,good,low,verified,High
DATA_00264,ROAD_194,VEH_1820,Guwahati,Assam,Shillong,Meghalaya,25.750391118818936,91.78788080362988,25.255145329632615,91.69373814077004,52.575828861110324,34.14429680540521,841.0194067170684,176.24906933799338,31.775217897438047,58.37090317390107,27.520540707840837,31.66401577320365,15.342311997303737,2,0,3,45.51335381887469,0.5967557194956931,1272,52.7310956206548,4.813446248285869,120,36,2444,8704,1166,2275,0,0.11374544982748463,0.869073708029896,0.5821074707062784,0.161637974187029,0.7182690507263559,0.31523530374342057,69.82005121194678,0.6004649936638993,6.163399671279003,41.16237266735349,0.05418955049440058,11.515334430756758,3.81551979249301,2.6103158248548763,2.6682867084499486,9.670167760112609,0.7508358508804629,3.9293007381161003,63.65377305022378,0.3906362135654101,75.06446124358055,National Highway,at_risk,rain,landslide,low,essential_goods,high,good,low,verified,Critical
DATA_00265,ROAD_351,VEH_8453,Guwahati,Assam,Shillong,Meghalaya,25.675145005510817,91.16481427528072,25.248214797393135,92.33217695569853,193.53813126476788,19.82454179171143,214.02585186701782,152.37668055156152,19.435627448540973,50.02580261173928,30.342498750158526,75.91866369766709,64.20203313485297,1,4,5,28.825592206873377,0.5331751628293689,927,64.43963487634464,3.0664111770061915,296,45,3421,10920,1482,4219,1,0.5187763329557783,0.426142633956048,0.5025220385666301,0.49978135899448295,0.7438709797645608,0.26551440997968356,56.98587521635012,0.4756259488423132,3.6171082098008753,21.937687133412417,0.2380685111701476,12.483519324504872,4.241647438326541,4.383497995850903,1.8681170800282003,12.863629513833967,0.3390919933111814,1.144373870940013,122.99594599300036,0.6469175728056076,21.773613363468904,State Highway,blocked,heavy_rain,accident,moderate,essential_goods,high,good,low,verified,Low
DATA_00266,ROAD_480,VEH_4353,Guwahati,Assam,Shillong,Meghalaya,25.963299305218563,91.6237000408726,25.051346251706526,92.73204306057988,226.31893938187702,7.407982473242023,1668.6694344295875,162.09064394885948,17.385452161363446,52.39037037473157,30.57991795254172,47.058979362944186,62.274561448164505,3,2,7,30.168381651746643,0.578589172923273,826,61.0547109367555,3.53383699151944,50,61,477,6775,978,2484,1,0.8375882298154685,0.23275631672773464,0.8936796492415829,0.21675122227870053,0.6688840184306508,0.3156868878596244,16.727845636497953,0.36402034813915096,5.351561113155029,30.843641272564657,0.171710890659784,1.4586570972115878,4.15343812907935,8.18660056975733,2.3014548550145975,20.544316792217018,0.3994490188179707,1.4582471490727031,141.32444211665364,0.28630845634991764,45.071827625329774,Rural Road,at_risk,clear,flood,low,essential_goods,high,good,low,verified,Medium
DATA_00267,ROAD_750,VEH_5376,Guwahati,Assam,Shillong,Meghalaya,25.643951476679828,92.14316314736375,25.196334243515057,92.30193666144503,83.4247601085295,39.948492160356935,474.4038281680331,27.59940093703988,11.100335512852348,50.545162990020096,12.311811228820229,49.286311342199454,25.493140469544553,3,2,10,42.98150836607273,0.8065332779386428,974,47.35279856927202,1.9033133495401187,137,0,471,3677,376,3075,1,0.7296097222929542,0.27527556102458595,0.8321072160076932,0.232483148126732,0.6380894392340316,0.1913896148202987,61.85919971892565,0.8087673338096886,5.4257993317408415,23.709485416650278,0.2914230441089522,14.830516015065493,3.8467405806170367,5.220336724825321,4.782618778127557,19.426086388261723,0.5835477517725467,9.111933323215126,191.9750520913673,0.6420671661604869,36.12264545363733,State Highway,blocked,heavy_rain,flood,moderate,essential_goods,high,good,low,verified,High
DATA_00268,ROAD_841,VEH_7630,Guwahati,Assam,Shillong,Meghalaya,25.551286570370944,91.88753926717128,25.801673798733397,91.83493496059214,209.53586871947013,10.595558024700065,1043.5239410412523,4.0005354441494045,31.11220486154341,59.852865112078014,57.58972383052551,52.50433045150508,22.260660485059994,3,2,5,18.45090318030387,0.5337674171080807,843,40.63225125615432,2.6991788879491643,320,42,1425,2329,796,2230,1,0.8587932999635329,0.6303058687825238,0.719972832882148,0.8408996038991601,0.14552243015541688,0.42473976501858723,45.25173970150363,0.5106671747183844,3.7022757976911773,49.134344765721416,0.3771772177022495,7.341931222485648,3.829724950780114,3.7720667207326053,2.432599808242389,29.94496302527576,0.8494848614245056,4.567102061925896,73.15642827150583,0.5010739430383968,28.808906249086608,State Highway,blocked,rain,pothole,moderate,essential_goods,high,good,low,verified,Critical
DATA_00269,ROAD_253,VEH_9853,Guwahati,Assam,Shillong,Meghalaya,25.928542617653672,92.34487196161206,25.934374250248524,92.53166619651412,180.3982062565762,24.723322201009317,358.2090518334757,106.82028746480178,11.28394477108256,71.20436637096694,6.797654385429479,40.399612105332864,77.48638294146477,0,0,1,38.75589034704983,0.8344668556854569,1533,37.862525085381506,3.6459849065643626,50,21,3857,6075,976,1718,0,0.89705242862024,0.16587663285842336,0.13161097535111513,0.10017049206155404,0.8380408954158315,0.7316341469880008,77.7939294827021,0.8181431915246757,5.449720829978283,29.614403577905435,0.05127789797301463,6.079275572851546,3.055998677248238,8.531648447623756,0.35841654359557495,20.318424121373305,0.29703120250597415,5.1610291038119005,216.7889739088416,0.31017582901138674,72.08601337667866,National Highway,at_risk,rain,pothole,low,essential_goods,high,good,low,verified,Low
DATA_00270,ROAD_400,VEH_7571,Guwahati,Assam,Shillong,Meghalaya,25.91796959792797,92.39574564511096,25.794257506613423,92.60125971512589,173.2387338960187,16.94895217107195,457.9303846445543,60.958369372051536,21.532169049367475,81.64555763441965,7.023870791270747,24.112365999354537,80.01133031709082,1,3,7,20.1687989664719,0.8985805776650917,358,27.466341079313203,0.90393185655485,200,88,1510,10490,789,4845,1,0.42790445162426527,0.8438986161012114,0.6346154745970888,0.6373125526435388,0.6835043644170212,0.34203680120370505,64.63775377485179,0.8716922287264557,4.535503515791856,36.24726654107455,0.15632573054468438,7.9199773220277425,4.029783930455061,4.105770793516175,0.24456091342045017,26.02803380285717,0.7625391667822552,4.506031622581649,207.81673201891635,0.5244527627589599,87.32420229762174,District Road,at_risk,rain,pothole,critical,essential_goods,high,good,low,verified,Medium
DATA_00271,ROAD_356,VEH_7812,Guwahati,Assam,Shillong,Meghalaya,25.593216333440648,92.31328143911476,25.334556267769393,91.55463311858091,52.27842670087051,27.019382953360363,971.7334987719887,172.45172057143438,22.383941180456915,62.503803937351776,16.12404636772827,32.635904619477046,13.075926763331855,4,1,0,15.322879978297864,0.3885820252380682,802,60.01043126541261,2.5516314085907412,31,13,2177,13641,1988,5004,0,0.2688494095075479,0.3660143356344444,0.6269325128661041,0.6892363711837081,0.5039849118795754,0.5246952795427452,77.27104594567015,0.945223301968469,3.1567164943900576,34.49855146604128,0.35028618021025165,12.632265610520237,4.462389084273397,9.548352461915014,4.001397231199787,16.373812512334904,0.7033750453120664,5.924108629016128,146.2282568162514,0.7290415042601932,13.561092784694235,District Road,open,storm,flood,low,essential_goods,high,good,low,verified,High
DATA_00272,ROAD_705,VEH_4651,Guwahati,Assam,Shillong,Meghalaya,25.949271338170025,91.45042376098982,25.652054696173703,91.5503236156833,72.77877281412043,20.031667571686242,1637.4467312191302,158.0821874372968,16.35354787014659,61.941466109401176,34.19085500841697,22.838090252325422,86.16068710178561,3,4,9,30.723747636111817,0.41758414508253583,980,22.38818785497451,0.9185814180459935,170,68,3535,9954,1153,1033,1,0.7151206886782943,0.6306513550948839,0.49730848067324396,0.5641409946287546,0.527272007830671,0.5418874042484589,69.57723593794566,0.8414254097351808,3.760718191707199,47.025166150712096,0.10775918983499715,8.39150386791184,7.312068030388329,2.595130457770595,3.280512660751383,5.355283857338881,0.5006503384990529,3.9589734660207236,80.25917010739575,0.5359051608628305,17.9567951738104,District Road,open,heavy_rain,pothole,critical,essential_goods,high,good,low,verified,Critical
DATA_00273,ROAD_416,VEH_9885,Guwahati,Assam,Shillong,Meghalaya,26.191557493423527,91.95853390621308,25.07622577237199,91.70223920744053,47.93140386191729,8.150735902982,1693.0747889403847,76.76089016152022,33.839638240551835,52.969202287792555,47.36866935114159,73.09135247845555,31.60408852406959,5,1,5,21.26396651542169,0.7119202342706418,791,26.071952171796212,4.712998860281349,303,59,2292,3000,1285,5932,1,0.7283976023391968,0.38500724905133266,0.17362408252501585,0.24111883275437754,0.7452815186339626,0.5362435635622783,32.51931407132795,0.21367066005758897,6.226965883039787,46.55519474158942,0.057089637895935935,16.28313137158021,7.974436391230989,1.7778178150140256,0.3171648890633927,8.645323466900958,0.3122378801216236,8.336961524231494,145.3320757946994,0.5350832491649647,83.97711143333575,District Road,open,heavy_rain,accident,critical,essential_goods,high,good,low,verified,Low
DATA_00274,ROAD_892,VEH_2096,Guwahati,Assam,Shillong,Meghalaya,26.476137265511024,92.11697688952182,25.83451116574575,92.71393508454224,199.57606839914834,5.935636704239629,1047.678201723295,92.23555519919982,21.446329650892984,64.49963021214107,25.287894203895473,82.99793722433986,12.910358579700834,3,1,2,21.582818442063484,0.5567514381135789,135,69.38311974129834,5.636560280240742,203,53,3270,14721,315,3481,1,0.1681802101974464,0.7744179075716576,0.5757187933952461,0.5491298303969213,0.19319511409333645,0.20861624165433526,49.604178583256555,0.947101758895095,5.049956932169888,39.036147225375174,0.09225460094219841,7.473363304699269,6.324476171628588,1.2923208704241804,4.176133559572707,12.926672742895331,0.41844072398511367,8.3994811835197,91.0265463125797,0.8010598396852759,14.393040501504304,District Road,blocked,rain,pothole,critical,essential_goods,high,good,low,verified,Medium
DATA_00275,ROAD_856,VEH_5912,Guwahati,Assam,Shillong,Meghalaya,25.906870879402252,91.03922167399436,25.285155216811255,91.74020899180576,41.40753760923537,39.97266828876285,333.6220397308285,50.520254829447076,23.12385864609972,76.97956728429082,10.50674401178411,27.936192726053353,87.97112719070901,3,0,8,41.87995729358852,0.35464938216452824,353,29.130947879110035,1.667707571404092,70,29,401,5530,937,5407,0,0.749261681513869,0.5391492005301076,0.5618895046132828,0.6523857745293654,0.3377651209015811,0.5418933967226727,35.828224174905564,0.8714943595434526,4.4931481870527605,40.092077234622046,0.15823839030073902,1.7740111718025167,9.204615475267543,4.781540414964461,3.28948756058762,11.72620474195002,0.2364374272214185,1.6187279585662087,238.52136069950916,0.6118129812390105,18.546295697332837,Rural Road,open,storm,pothole,critical,essential_goods,high,good,low,verified,High
DATA_00276,ROAD_764,VEH_2701,Guwahati,Assam,Shillong,Meghalaya,26.130838877053918,91.02526823584343,25.218417880898333,92.42060994554058,58.95500428757207,22.594647676213498,1727.3956470020007,47.570805017540216,31.595632411995553,72.9358003715902,59.43057661827711,20.370054302355523,51.838009879036385,4,4,3,24.56600446391237,0.7357288106075005,1689,62.0920093311183,3.2095904425650885,151,7,1960,4457,1555,4082,0,0.7600203009115526,0.334165044690775,0.20896840932679528,0.878977194969476,0.429234414760746,0.5626653569201395,33.855216707528726,0.6622886359103395,3.1735192294457315,45.58270785947108,0.0511633737902632,14.43118288356259,2.6989929911025508,6.4473032838038735,0.0072631976684867094,7.8652679930524805,0.6135161514119465,7.721070716354443,180.5424912187679,0.6036312090534758,75.1556984429482,National Highway,blocked,rain,landslide,low,essential_goods,high,good,low,verified,Critical
DATA_00277,ROAD_383,VEH_2845,Guwahati,Assam,Shillong,Meghalaya,26.074574723860753,91.97777949508509,25.717236504784037,92.57896192003109,23.164781965850594,10.772514745067872,281.8212105356668,44.999275461423586,15.15833617133545,56.497266490865044,44.83728155969071,74.99182372262396,79.50409136340429,0,0,10,26.378906437782568,0.4289014719648637,1450,45.943296656129704,2.0128552499321453,133,81,797,4387,1097,3793,0,0.7959608594528257,0.7864908692047904,0.6298428430722266,0.49193066649981443,0.8593144075506773,0.44996065526564966,32.64778845171644,0.5249700430608308,6.360879576746692,16.344203967274602,0.169993131537181,15.846468663884677,8.370162394523655,7.734918841188613,2.621409978310499,10.095996970944917,0.27729154018249075,3.584889428811376,88.77538880593194,0.32394205479552296,71.52428508625485,Rural Road,blocked,clear,flood,critical,essential_goods,high,good,low,verified,Low
DATA_00278,ROAD_376,VEH_3628,Guwahati,Assam,Shillong,Meghalaya,25.980350287411852,91.6571939353437,25.133486732968283,92.5153101571258,168.40068229852312,15.218033190976351,753.7888040548853,115.96500262898826,34.6623279430932,74.82859513116179,40.30386743224184,30.128451792059145,31.414063406731287,3,1,4,27.979192758135405,0.30384894424621967,302,33.590605505556766,4.120615995233081,188,51,283,2031,1461,1777,0,0.8190205352474054,0.301679014025391,0.2954353556498105,0.8661431710031445,0.8450973007438077,0.7846801257943756,55.20895694143791,0.8933230042266807,6.354032706934062,46.873099262400636,0.33899782807527024,12.922867375937827,9.779027107191178,1.0303375373919805,4.793107584847884,13.184416921528637,0.6827464449314815,5.984851485323424,152.78898925924045,0.20102236298258208,25.473531000239767,National Highway,blocked,heavy_rain,accident,high,essential_goods,high,good,low,verified,Medium
DATA_00279,ROAD_677,VEH_6847,Guwahati,Assam,Shillong,Meghalaya,25.596089932172905,91.707781712986,25.196268743949062,91.81834927962817,30.534789840081178,28.449023519266703,671.4515559874259,48.94948114093113,21.784595764973485,60.85252094240389,23.33860510679543,35.930437744838166,86.60014364864544,1,3,10,15.575098090920784,0.16101461710448506,1257,64.79626534022232,1.7721743789244004,52,26,2113,7756,1395,1494,0,0.6447686015950118,0.8807418140683655,0.4530249400045333,0.2085769964500198,0.6904195798309668,0.2747763655834018,21.779932920359897,0.39234240434149925,4.906289326107968,46.72813820466388,0.33992581013626244,8.773625443020997,9.914892713338336,6.787173034978181,4.449007825919869,27.327568420969776,0.26543807118065654,9.31210446454872,162.64915802870166,0.2654571098371674,30.025334233700953,State Highway,open,storm,pothole,moderate,essential_goods,high,good,low,verified,High
DATA_00280,ROAD_202,VEH_2453,Guwahati,Assam,Shillong,Meghalaya,26.00370045440554,91.34399384176147,25.575674796683117,91.5001207854989,180.16718909338508,26.97728679164054,1688.913206061195,125.2563952740999,28.8331846990354,75.03290877727609,14.036189514990637,71.72304896135466,88.45639206600573,0,3,3,35.009647836891176,0.6338388757423039,494,28.603411474195877,1.3632478996232713,53,22,1002,14554,728,2519,0,0.33599997437509965,0.14902012742555898,0.45957360998168695,0.5949169703395071,0.1251927204005493,0.6805950755610539,65.68433250703998,0.4749818095590764,6.049873093686822,40.263575577785474,0.32237446886664195,15.460759503336838,8.38051467783932,4.886402721594015,3.4395856433834124,25.840491708583475,0.31134820976563565,4.402775280688742,63.55940892748921,0.22459065447092624,24.00765936639287,Rural Road,open,clear,landslide,moderate,essential_goods,high,good,low,verified,Critical
DATA_00281,ROAD_668,VEH_9697,Guwahati,Assam,Shillong,Meghalaya,26.449966876960648,92.39807851156237,25.898975059106135,92.69227922529956,246.4137305759738,4.782095028773757,1606.8599415584933,74.70951109766325,13.93492892920515,94.87479468242921,34.30662800616334,59.71055362441488,86.28944840971145,3,1,2,29.8710211070234,0.5887590040963294,1727,42.25378948419369,2.2365161063615804,340,27,3993,13016,1934,1064,0,0.42465292987545855,0.4004209028038863,0.5283581880621218,0.8417980557145163,0.7997797941053063,0.1922780144012081,63.61623345967028,0.875623204859675,4.5810474668062415,19.189512949288954,0.12113323845866965,14.305121951828262,9.505713632705232,2.018484019045409,2.396608382262552,27.73332451463775,0.6064636364483407,7.638510416078114,55.42408236777135,0.5625681029696376,53.12202982652132,State Highway,open,rain,none,low,essential_goods,high,good,low,verified,Low
DATA_00282,ROAD_662,VEH_3231,Guwahati,Assam,Shillong,Meghalaya,26.3281101076179,91.06602784351692,25.49050835408453,92.58927185883292,52.13385868564331,11.176799896971207,1443.0478280399984,99.40991487385494,27.469387992517905,54.02223913601024,13.130222144471123,50.96433524042715,43.76979274804582,2,4,8,37.1849066327171,0.16412550650680718,1656,36.09212065521598,1.4054904933822465,171,43,322,1542,1867,994,0,0.7202434042983182,0.6527068318379354,0.7903086293315738,0.6784720184227669,0.16690703822670344,0.23193914745782918,66.95386287985778,0.6777793972893089,3.54456077015626,13.242527867148102,0.05554388060174974,14.071171631053225,4.9116428087671755,8.248359470697832,2.194895289229217,27.35735758003431,0.6532834020262781,1.5152281976282003,166.94035655562683,0.8780505688742513,12.067301105991248,State Highway,at_risk,heavy_rain,accident,low,essential_goods,high,good,low,verified,Medium
DATA_00283,ROAD_251,VEH_9847,Guwahati,Assam,Shillong,Meghalaya,25.976778338008998,91.73670876609782,25.91025359755745,91.59958503839188,60.416742411271585,32.198203479810374,1397.4887169246467,90.72361660159577,22.53538553075026,85.47394359045246,22.276249906938443,52.821207142076055,50.57149495761985,2,2,4,31.35594715117512,0.13531713246829302,200,20.13977947161984,1.937069131969364,155,48,1614,11431,999,1626,1,0.6791193814032715,0.32006345111152656,0.21996688488235083,0.4021769378364176,0.19835386416793926,0.43037791937156356,70.83900920196362,0.5837619287586477,4.683100933216985,49.62670157004607,0.0805242917859209,8.021759633460299,0.6801795332794209,3.7911373331710982,0.8511783102579379,19.42062973516537,0.7107197793521822,5.972889925752527,33.85959893933536,0.5288384574437566,42.53855240816862,State Highway,at_risk,storm,flood,high,essential_goods,high,good,low,verified,High
DATA_00284,ROAD_921,VEH_1769,Guwahati,Assam,Shillong,Meghalaya,26.428138599711733,92.29787699198361,25.252815118692055,92.18714854167062,224.74714657539494,31.887882470728147,1655.8993764206198,3.058985315456715,28.462655321689645,61.77235203348866,45.330674828785575,87.35064335157128,61.502193914321104,4,4,2,34.1617184370427,0.47891341744927896,609,45.78316747913368,2.5794835645705283,126,67,2853,2051,1118,3093,0,0.2238887469351279,0.1524244436115083,0.6573156321053661,0.5952597479695263,0.33612088993781575,0.236696908007404,54.99942999454606,0.7021213833260105,2.742847063178142,39.22207096442479,0.06779133844759701,8.745183025703934,1.7542100772481546,3.184445998929552,2.0989985673308165,22.92477800147801,0.4577795602796571,7.527056922058436,143.8722353201362,0.34971202293682857,34.76680276440003,District Road,open,storm,none,critical,essential_goods,high,good,low,verified,Critical
DATA_00285,ROAD_397,VEH_1693,Guwahati,Assam,Shillong,Meghalaya,25.686589087570304,92.18298852327182,25.721124125091364,91.97976189882986,144.9979184354259,13.08176217918998,417.8240314089973,176.79751033852858,14.791801415238233,88.94606143992009,45.108545879122055,66.80650618614614,47.586564050478415,3,1,5,25.770531478462416,0.7336750166403511,695,45.649007251750454,5.7798443621469335,301,64,3953,1368,1881,2750,0,0.39469743514921296,0.5448722582900891,0.5007758648320848,0.24276370305070652,0.8858399526800703,0.3652409835189262,83.07332828192241,0.5492620230285185,3.994659833838284,43.27013453757482,0.37953385282390806,2.1690715387454453,6.94492155858356,1.337868836576236,3.4341372787610176,6.438085733563829,0.7970757708248748,3.1493539425861745,231.20932913295945,0.3462560227424824,71.20371450420473,District Road,open,heavy_rain,flood,high,essential_goods,high,good,low,verified,Low
DATA_00286,ROAD_828,VEH_8450,Guwahati,Assam,Shillong,Meghalaya,26.026211414236204,92.08187758786897,25.78737308177187,92.20769129069767,159.48499399711014,35.57224944932287,437.6521014412026,21.992475621771796,24.83294257734319,78.38931180942977,15.889458411127016,35.17475805751597,42.39956059695973,5,1,2,26.30570586756263,0.28057408356196367,932,62.74067656500543,4.478484480996604,72,78,3318,9272,1317,3582,1,0.17624623454638197,0.8685919493477553,0.7867027664613574,0.7231306764635432,0.6762288562298766,0.5195792608965867,15.586736356817447,0.88363317578004,2.8602305082850124,18.34814215312864,0.3262602361949291,1.5048159804046077,8.144734408617785,6.2748125416093465,1.672942406633236,15.375567173960548,0.5848183042521395,8.538370805790796,142.87069259564174,0.20918413900636196,65.0717356069631,District Road,at_risk,storm,pothole,high,essential_goods,high,good,low,verified,Medium
DATA_00287,ROAD_501,VEH_7027,Guwahati,Assam,Shillong,Meghalaya,26.109742624998706,91.51868885532684,25.885883942678163,91.5991275236353,158.84902362756367,33.27555514277567,1474.4731412037847,107.29297952015824,31.77103991172489,78.76798141549553,36.62655130606882,27.61992966939548,33.379479185249856,5,3,0,23.09723279547002,0.5239108173689061,802,61.90326147764033,3.7260639612832294,238,24,898,14352,1780,2191,0,0.5852546668169771,0.5046820708983083,0.1588012411602877,0.46103354856383605,0.36815301381167576,0.4346151833340205,21.455731897505466,0.9003334073525826,5.220483011415653,37.81668327630033,0.3552668828964388,17.288268311946222,3.0806941544600877,5.677122189290413,2.0362396516154604,23.678632945353804,0.7807081517337646,6.67430161827272,200.05414972608716,0.43624426846469977,49.390042385811995,Rural Road,at_risk,storm,none,low,essential_goods,high,good,low,verified,High
DATA_00288,ROAD_308,VEH_6919,Guwahati,Assam,Shillong,Meghalaya,25.890589739366103,92.32680940189317,25.088379746810887,92.63260575675633,26.271990231017366,6.427480581112435,361.78608733671723,23.18156061152277,21.39071883124847,64.41701961542603,45.983871308765856,26.99620222073099,24.040652374979636,0,0,3,22.65114261873768,0.8179949005874002,828,22.602603591009107,2.863863939791299,311,23,1986,10372,522,4876,1,0.4395788476649044,0.5490966894874032,0.8219342895900952,0.5969429326704657,0.8871359021931418,0.7651132301317636,35.32805765030111,0.9223467940856247,2.721549824483888,14.633142722278865,0.3524350546024601,6.776117719939718,5.634401031200575,8.144302329050667,4.9257344919230786,24.506081602362762,0.4398264967568828,3.136831062227352,219.13757883086075,0.8389069928616415,68.93264942987255,State Highway,at_risk,clear,landslide,moderate,essential_goods,high,good,low,verified,Critical
DATA_00289,ROAD_810,VEH_1295,Guwahati,Assam,Shillong,Meghalaya,26.1056820587982,91.07123689548,25.368242822536754,92.2338003132872,182.73586016083644,26.515151919599614,1465.5870921305889,110.61153806965291,17.14411038422724,58.18001160080188,5.867530772878989,89.67544653801288,89.35152784302473,0,0,1,35.40146874827422,0.23248083235535058,1648,49.89251826188029,3.650330583980423,350,53,3340,11231,1472,3979,1,0.764225748495451,0.6133994555751088,0.707595715524618,0.6968152089700588,0.6407268922226386,0.7088675199820742,74.79415135036527,0.26724101243066445,4.306135555836789,30.888496725424382,0.27346978411684836,3.7584399295600304,7.878601443682379,6.213516238755654,3.1838850286578815,19.219030039049834,0.30285229631697874,6.088058843661068,91.24168794443091,0.7406096514337277,80.98707277154523,State Highway,open,rain,none,moderate,essential_goods,high,good,low,verified,Low
DATA_00290,ROAD_677,VEH_1897,Guwahati,Assam,Shillong,Meghalaya,25.907819104360176,92.04951638008983,25.99002264855734,92.11487081499025,111.53857065182235,33.88908229509539,300.1183321864048,145.27393450949947,29.094790409822696,93.75541508288933,6.678618269461967,50.93925388287025,69.94212461466006,1,2,2,25.832561475471316,0.8544252097290269,1583,31.40551772713429,3.837020905406664,196,85,2913,10869,1040,2898,0,0.6258073442999468,0.5489226326764357,0.11399941942674659,0.7550183891113798,0.3277611424208498,0.10245779095441572,39.12780208290694,0.5056041331251118,4.219498378163939,36.543315386118074,0.31498213640050454,19.650362958808756,9.042035368177308,6.0964105389271905,2.170741049250205,5.748497350002114,0.7632096834054605,8.05668445918844,116.40195945549927,0.734173687928211,53.56003384384763,State Highway,at_risk,heavy_rain,none,critical,essential_goods,high,good,low,verified,Medium
DATA_00291,ROAD_536,VEH_2609,Guwahati,Assam,Shillong,Meghalaya,26.172011620034382,92.02850660177641,25.145717559505187,91.74737259633393,141.55606599263677,23.770704525524767,1071.5619286347123,62.04913626049822,34.51185284626223,83.76898002183711,18.856179761751974,33.442863258758955,31.363764642876674,5,0,3,33.95138297388942,0.2924806391454411,1730,58.65724254799734,5.173699463156401,169,80,3882,1664,360,2245,1,0.7018662764056603,0.10078254345961409,0.6341730705035195,0.5111188854828366,0.5803139531056462,0.825871216566764,42.2500401316758,0.9488326191258667,4.4277163090927045,14.671357820543726,0.025674577455831633,19.613360408707152,3.994436838762562,2.8185280611776604,0.4060705255089342,9.833322356327201,0.6283229048132053,8.41204488817925,210.24807629921435,0.21783973078087943,85.62748138083364,Rural Road,blocked,clear,flood,high,essential_goods,high,good,low,verified,High
DATA_00292,ROAD_983,VEH_9549,Guwahati,Assam,Shillong,Meghalaya,25.695899515389208,91.87369365561109,25.44331361831779,92.03447545182013,53.03906717575199,5.043968536967886,1340.9598479137853,113.37516404074476,15.51276926649788,62.59101005014381,5.9249847327509215,54.66881566379568,45.41559553076965,0,2,0,24.85253336784116,0.22984982763637296,1562,67.14654663541357,5.369895333562178,236,52,2950,3130,1521,2023,1,0.1155699882236986,0.7389335995439857,0.6966904155757925,0.49367528393857574,0.6003117491364838,0.4793114836384589,41.91312271815765,0.23577133630578848,5.594617282664454,16.438872386640714,0.19219202261388743,14.286326100805537,6.097622283209728,7.922018229958853,1.317729354751671,14.931972611057475,0.5667870094794235,5.801824237146911,40.11057144639504,0.33668796970626313,26.213315399805566,State Highway,open,rain,pothole,high,essential_goods,high,good,low,verified,Critical
DATA_00293,ROAD_575,VEH_1174,Guwahati,Assam,Shillong,Meghalaya,25.70491704232652,92.49416629484796,25.907637917729264,92.38144250610586,38.0767545005176,29.166918615722803,377.75078267447316,30.824728134806026,19.49573872845993,59.84919815335569,28.204475738767634,77.76171584375656,88.36353699543051,2,3,1,26.121457849684873,0.4741821676239256,1218,48.671782455009634,2.3973087226442704,92,24,1093,8331,452,5366,1,0.3456785992658059,0.5740440192770017,0.6807893154694905,0.23495486297939996,0.5630452175320546,0.1382285007289119,75.48859780796764,0.4205123799495508,6.208667221044029,11.720050267302561,0.1975332594437931,16.53176507946706,4.425365493437941,3.562845617192683,0.264500611890387,16.293466054813994,0.6774341179064522,8.488003782291255,114.63090502351191,0.5739272734209733,84.21471604214504,Rural Road,blocked,storm,flood,moderate,essential_goods,high,good,low,verified,Low
DATA_00294,ROAD_947,VEH_3988,Guwahati,Assam,Shillong,Meghalaya,25.60233796110947,91.29007809155917,25.519424490113447,92.7657819080787,59.47251276433132,36.7764801166403,1028.412622051193,13.532141465860848,28.363699285266435,72.10876319779273,45.21756904403014,62.45458610843994,28.709161137270005,1,0,7,29.910717571753437,0.7610669805504607,1784,46.96799495929084,5.321536843720227,293,22,2426,12166,952,4245,0,0.37077701824252773,0.5579402908698989,0.45971461510519607,0.6910283745701233,0.4942608701324921,0.662255457571814,53.12188528733555,0.6774876167738206,4.855972306020378,26.11125578902522,0.3598211679744813,18.61500296663408,1.3661506283657434,5.304891268171398,0.3054447249568748,26.52260093729838,0.5475250822690496,9.102812645180242,141.612409431296,0.7653239637805589,78.80808460259676,National Highway,at_risk,clear,accident,moderate,essential_goods,high,good,low,verified,Medium
DATA_00295,ROAD_188,VEH_7444,Guwahati,Assam,Shillong,Meghalaya,26.178747124027094,91.98933272100285,25.014832152257014,91.93556632474659,247.4408758645872,5.2053952145472175,1692.9998962456848,151.3225188163612,27.16868733333584,68.22206087875688,13.268728481880803,25.10035221724675,62.104135018640875,1,1,10,47.79734876824554,0.1582026242119195,1268,26.93720442332049,3.6232686988161307,263,76,361,10134,1509,5276,1,0.28817534702993075,0.5987495995102003,0.5334861116934067,0.7266794654531843,0.794462120629348,0.8624695250888882,23.881185669096997,0.8889395063991925,5.195532147861038,44.03489837970782,0.152735449407983,16.169316877754845,9.523719867547094,7.226139415552699,1.1489953347412336,26.044097196735873,0.5032056106813738,7.472700464606329,186.26898829315937,0.37553991194928327,87.52524929753994,State Highway,at_risk,heavy_rain,flood,low,essential_goods,high,good,low,verified,High
DATA_00296,ROAD_136,VEH_8231,Guwahati,Assam,Shillong,Meghalaya,25.591665710187986,92.38547404683057,25.23528092276451,92.20715957523994,122.94320925931723,26.5962886750142,911.9224357096915,51.04186804905746,23.481752531436697,93.74493125492859,15.271857019081587,85.37330532886685,46.1605133264661,3,4,8,28.31569032601027,0.16239348628237027,1357,23.17405451812175,3.9530044134729136,266,63,2700,9719,1308,4049,0,0.7856190122582987,0.5596742863376037,0.4491716593849987,0.49778086375319797,0.7764090249175747,0.7696360041742807,24.064126181663116,0.5870876463696599,5.74103756997509,17.846143392892824,0.19399647150727656,19.889646204155124,0.5741632651327133,6.789750902274742,1.5912692875252188,18.109669089439254,0.4790155578440772,2.6761346544403466,165.67003561773282,0.3662371386444318,14.149761614502445,District Road,open,heavy_rain,accident,critical,essential_goods,high,good,low,verified,Critical
DATA_00297,ROAD_386,VEH_9876,Guwahati,Assam,Shillong,Meghalaya,25.675907207864366,92.11970919008513,25.852481598962317,91.84881917183525,61.98788922185522,29.652166810203255,990.0942882030807,59.737847621815156,21.51714540898705,67.73301526028533,12.71947875183892,77.85278951425747,58.910993512966556,3,4,0,21.49911107376622,0.29729983588426717,372,54.176279430353304,4.566482876750026,167,50,3600,4640,698,5374,0,0.37214885595381897,0.23153722441630606,0.16368555834573062,0.6444235915899105,0.3623045336401569,0.5264322028249395,38.65215585060014,0.9420358560913864,2.999301915404786,29.33211361703234,0.03164097320842946,18.365123107697542,3.564836606479809,2.509113987666755,2.877218394423171,15.09128521123244,0.6123869639274215,8.81500868686571,75.01084713077644,0.5708186434623322,72.53460626985876,District Road,open,rain,flood,low,essential_goods,high,good,low,verified,Low
DATA_00298,ROAD_495,VEH_6314,Guwahati,Assam,Shillong,Meghalaya,25.5156324104211,91.48066212336705,25.48776838014277,92.38413398544115,209.7182577862785,23.27747371050254,481.1514043280776,70.41947637842338,14.853988495956981,78.26574879171784,11.598777832658984,67.27986993320806,50.984815850453714,2,0,10,35.193760302721245,0.8410548975014515,331,65.69401982471993,3.794505753840282,114,6,1015,9544,1743,3632,0,0.31530702587039167,0.13015243462330198,0.7708502552761058,0.2681486928136989,0.3460643833172753,0.36019678886920203,46.75737118368286,0.4450758730672263,3.5513974117117812,23.110645771711226,0.20606020224984953,3.0372222447046733,7.343538219484648,4.294991087722895,4.430494428219928,25.438470397048388,0.5330989421120969,8.612878706720505,143.0180752419682,0.3667041857478217,44.100006489352495,District Road,open,clear,flood,high,essential_goods,high,good,low,verified,Medium
DATA_00299,ROAD_136,VEH_6797,Guwahati,Assam,Shillong,Meghalaya,25.677324752931543,91.57439858781977,25.529212116807514,92.79687154113216,180.0981403596625,38.20376289018238,990.3256967955016,26.943569671233476,24.037139911231087,77.22822947772279,50.920168364345216,73.04353634611493,10.53812221984984,5,0,4,27.634530697331993,0.28800794985712874,1153,46.33915452577352,5.210493670541216,208,51,866,3242,977,5466,1,0.43286648427468033,0.8644368489054153,0.7912275360401008,0.5668536991264786,0.43241013760742897,0.7034319964038114,52.72404298897165,0.4096535617410214,5.669817062829049,44.50370733964141,0.3811469804682476,3.6261621815079845,7.119796180064434,5.591875270274042,4.9157696493268705,27.329274130857506,0.39572962655830846,6.689551607190264,189.89975532421673,0.495375235938838,39.096780894161725,District Road,blocked,heavy_rain,landslide,moderate,essential_goods,high,good,low,verified,High
DATA_00300,ROAD_971,VEH_1102,Guwahati,Assam,Shillong,Meghalaya,26.38248999446185,91.06431240017649,25.801621491512964,91.98425467782404,72.80187930804644,13.572585138709801,1200.478086570599,110.58885487830351,15.8022391186558,93.13075956433234,12.21203442920578,81.41602142011538,80.64672529172904,0,0,6,43.94766769595946,0.7394496817945163,749,23.462128791341158,0.5306333845993225,204,61,338,9548,717,4387,0,0.6455959504864774,0.32712758364237804,0.3274903765387661,0.5158472092437261,0.5935268544141504,0.40866051665802894,58.39735872788003,0.7375531287340227,2.6015829782523294,15.76289519655241,0.3944467145671846,19.298810252223156,6.965534446437194,9.429878115644824,2.115361669995053,27.471719167627732,0.7521793522592237,7.474247049876433,90.8503429569882,0.48929561678166145,69.75200891874157,State Highway,at_risk,rain,pothole,high,essential_goods,high,good,low,verified,Critical
DATA_00301,ROAD_208,VEH_3190,Guwahati,Assam,Shillong,Meghalaya,25.69042371836557,91.09437338031414,25.20018109386101,91.68617639051574,213.46842034447204,9.947730899518128,112.04328436963499,172.56448620950263,17.62173619569612,54.167183880912525,25.74359816019464,20.568039581058542,17.188078474754445,4,1,2,23.566196929945647,0.30991229706727175,427,30.197851701656198,3.5401029664838575,206,3,2381,3704,1870,4763,1,0.5149450403819483,0.1696735123703319,0.4648219774779151,0.7295383583346915,0.8198813101654512,0.484063663865694,37.45942032503967,0.7601199472693503,5.730916613827825,24.52749596895018,0.2888750024622574,12.92695605044794,4.941566842269399,4.410186435228544,4.313688672006831,28.553443147371294,0.42780396714592006,6.567503637165625,139.95883769355936,0.7428626254082873,63.582738484085404,Rural Road,at_risk,rain,none,critical,essential_goods,high,good,low,verified,Low
DATA_00302,ROAD_568,VEH_4523,Guwahati,Assam,Shillong,Meghalaya,25.69832118930592,92.18081748169506,25.72830345643513,92.70353347162775,170.74109974494215,4.017665571542194,1743.2543793056334,156.42546439690477,33.91727507819627,91.67392102120067,22.920243442046708,32.07807034897368,56.131845685954566,5,3,1,34.84061153111945,0.5918473614102512,1617,40.59701378701579,1.4415591825126173,81,54,3474,6356,1646,5693,0,0.6122860092115315,0.28901765080175634,0.5405271419517573,0.28916377959672546,0.23325106099309034,0.6226557336073654,64.17291751124415,0.38339088255177267,3.202195974091349,33.1042062806186,0.26525971455971553,17.99591135429671,2.1912277678996044,6.00349723143328,1.5403070772729166,15.446884878381443,0.54237225806229,6.801458404714219,190.85086019578205,0.8177544410912039,27.50928173158269,Rural Road,at_risk,rain,none,high,essential_goods,high,good,low,verified,Medium
DATA_00303,ROAD_944,VEH_8189,Guwahati,Assam,Shillong,Meghalaya,25.502688081464132,91.85656481431049,25.44014170072885,91.71071644330075,96.15523715833238,11.919441334057305,1233.424890278454,45.70132467128042,24.897394640093857,84.18855342056604,55.086491498154025,70.31352332141932,27.138975554899865,3,4,1,39.7771527717888,0.7540001948289679,383,48.97892778785376,3.570717384680536,295,31,735,3445,357,1707,0,0.7345869026440816,0.41770534950019766,0.7324685974485238,0.790382528628651,0.538383580377343,0.23861306332145393,76.8360036098405,0.3989836753960518,4.287306892979366,32.16840073136849,0.08857497751298041,12.525019343240736,9.409323490581977,8.963428774404662,2.5931199827589357,17.647884872485516,0.5982449159537178,4.143816293421207,72.38179002699934,0.7179867841707999,66.39623157889562,District Road,blocked,heavy_rain,landslide,moderate,essential_goods,high,good,low,verified,High
DATA_00304,ROAD_341,VEH_7354,Guwahati,Assam,Shillong,Meghalaya,26.14540684284277,92.22200909151881,25.85518562640435,92.24600801331516,45.180592953036694,26.222231047821072,212.8943405278673,70.98223810176897,30.879602035847533,57.335213668154466,16.552827901842917,70.95704473507499,81.88317890676102,0,0,3,45.365736955962504,0.11827246414986146,405,52.14558347209857,1.4211403972336112,330,44,2919,1393,489,3380,0,0.4823749916385661,0.6230037621728,0.6879376978360472,0.25428102050238033,0.5896641422703812,0.25706609434875516,15.34387342898877,0.5116883057663875,6.411959388914809,28.803864444091264,0.026588067156743007,4.997924983864255,6.016152649362977,1.836363036023637,4.837073017476877,8.629601262103673,0.233891523952063,2.3583854927554637,59.15216189623556,0.3450719334943829,19.446337143618393,Rural Road,at_risk,storm,landslide,low,essential_goods,high,good,low,verified,Critical
DATA_00305,ROAD_232,VEH_3960,Guwahati,Assam,Shillong,Meghalaya,25.541851119108177,91.92626194344838,25.031917359281266,91.67678280502483,98.87595498707194,6.376304812891911,1362.3854359492816,138.8478430679723,23.228880383065338,69.69366369365235,18.67706176554652,84.7838089883937,69.74184735398347,5,0,1,22.49312278848742,0.33488977892329597,494,41.57242759327724,2.3552225131259146,304,1,2904,3930,1232,3369,0,0.21970541932797474,0.7280008094432651,0.24090973198687238,0.17208036949903027,0.1181675481190502,0.5467092852773768,42.63485918771019,0.5936122849990308,4.110785159602926,46.87715957676041,0.06282964218691871,17.33703301225678,5.849009598167614,3.9397534492452038,0.6731712501543785,19.908081532775043,0.46290385566774894,1.1540340897435128,210.2285929625129,0.33555772595433875,77.74984739227723,District Road,blocked,storm,none,low,essential_goods,high,good,low,verified,Low
DATA_00306,ROAD_697,VEH_9135,Guwahati,Assam,Shillong,Meghalaya,26.323493644722465,92.16454447914475,25.22886323905651,92.08985463123206,52.63217384633603,32.60376196627787,424.2859409791648,38.63126999751627,33.37922125291378,74.73627377077008,34.68016296750295,47.115812387214305,71.0057705187917,5,4,9,19.561676140281865,0.777073687476171,631,67.07563298752494,5.3845626420121615,109,3,776,8894,410,4360,0,0.3894580639258096,0.22956309008187353,0.2846454355569386,0.49588567184168564,0.14824717143983737,0.5792534447874116,19.306299246981887,0.7391307383117125,5.6168755797910865,48.55976077478337,0.15119073486862525,9.193215922249694,8.647250039800735,1.2014235311081274,1.1410062436009794,8.162069406362416,0.3969791492203849,6.8508484326777745,227.7520000866348,0.4396732265025721,30.884948344775704,State Highway,blocked,clear,landslide,high,essential_goods,high,good,low,verified,Medium
DATA_00307,ROAD_608,VEH_8396,Guwahati,Assam,Shillong,Meghalaya,25.868566098982015,92.3395637995024,25.30825932788034,91.58434710116799,121.84682172334392,3.230553310278821,1251.016399437536,10.5566021982211,34.95098846927883,66.73864094784082,28.38435591304892,32.07377535256676,29.687802941370734,0,4,5,31.785002421254337,0.18514002047097178,1759,32.55497763370941,2.88801679398884,86,5,2473,1973,1875,1870,0,0.1309843135310379,0.12131633046923121,0.829174308399457,0.7340239370618625,0.5430746807447132,0.1803017523844586,42.904683793573824,0.772583183328861,4.12216001619664,13.599227514560281,0.36503259319019754,4.075612783821673,5.259543155265671,5.899353698776372,2.58425962542848,25.30840417868701,0.6691361304847204,5.0298508775727395,58.32973203337311,0.22133743694352215,67.58340901624061,District Road,blocked,clear,accident,low,essential_goods,high,good,low,verified,High
DATA_00308,ROAD_440,VEH_2305,Guwahati,Assam,Shillong,Meghalaya,26.46877530997841,92.21949573088693,25.28772530228735,92.760960049852,239.39412886929506,9.428458581252372,936.4563145518464,7.641112458300809,14.987363293958202,68.02777091319955,11.281322156813449,33.75875116687499,11.39436874695492,3,0,3,30.22836328566376,0.3791468532782297,1181,53.818306533744,2.9575090657360565,249,76,1239,9129,360,2575,0,0.549006289276282,0.3670101654467869,0.8998069862785981,0.7429227404127604,0.7216038596651888,0.5855701530133477,25.96091290996209,0.8073995358466517,5.350485003864437,47.54961742147095,0.0404755700792338,18.517415783034277,8.41564097469489,9.006728541423504,2.1840442651209635,8.722838885883503,0.4472636156499612,1.5766709500666203,79.12326277722369,0.2967554151239549,78.29996971786224,National Highway,open,clear,pothole,critical,essential_goods,high,good,low,verified,Critical
DATA_00309,ROAD_151,VEH_8322,Guwahati,Assam,Shillong,Meghalaya,26.08851428691785,91.99980479256092,25.1243234195853,91.82801161146578,24.51900714840898,17.762552843774962,1213.6754292739936,18.03009104660325,24.639115004977576,74.47450942972505,56.78121313722361,24.756129290449024,67.19222102339315,2,4,0,41.50505311412875,0.7863362533301557,1392,54.821903060956394,3.6579286941636195,191,31,2934,12595,434,3494,0,0.13383754048062377,0.5884467220833851,0.5014688255661595,0.7462655519821986,0.33810308961024316,0.7641047632571061,72.5198164193586,0.8969457710864539,5.6804135774516915,25.80000841120656,0.3069364984763285,12.516073070873098,9.899039343220586,6.749934360482741,3.2401345694481822,9.96659455136354,0.6132220089980374,7.166401416677991,208.0746933317159,0.46755487413772107,54.52336117619679,District Road,open,storm,accident,low,essential_goods,high,good,low,verified,Low
DATA_00310,ROAD_950,VEH_3854,Guwahati,Assam,Shillong,Meghalaya,26.262195105271932,91.65534055437537,25.210935419328273,92.39554943857456,138.53926616935615,7.640714810928523,1104.657611338096,87.29197644887793,17.227647040572748,75.58081407873804,11.26661438317508,62.73823172766535,74.56107259670524,0,3,7,17.344845867917243,0.7580367798273018,640,28.257136450493704,2.8693285186936586,101,3,1077,8655,404,5123,1,0.7558509820942668,0.5324402680650405,0.23722254696900358,0.1712182546302194,0.14393797422067786,0.22668677962276906,61.575058744463846,0.22057205493091397,3.4929672251134773,42.12998022450212,0.23698680222888413,12.927631295698419,1.1317648897042105,9.377999545018579,4.682563675409096,28.592853913687073,0.7594300848139959,3.1168966093986685,178.9778859012486,0.7256479705173271,55.724997230145476,Rural Road,open,clear,none,critical,essential_goods,high,good,low,verified,Medium
DATA_00311,ROAD_777,VEH_9326,Guwahati,Assam,Shillong,Meghalaya,25.530535785968,92.23052282837854,25.070609390515894,92.21060361196471,111.77038115007895,38.57573068776503,542.0607337131644,131.57221176125444,23.377598698854563,57.23223454581551,11.613358928419824,86.27621905216881,80.67530832055262,4,4,10,33.268120236397436,0.6899564559883016,577,48.554381423762436,2.9219447698358842,289,47,1992,1188,1404,2313,0,0.7494962276559648,0.30760054314193114,0.13745786201231225,0.4794461090576537,0.4786202053224089,0.1749576558399834,73.98148344895316,0.8315890728807878,3.6590666153372338,25.209996272155372,0.24330601220236145,2.617432644155305,6.037667810556659,1.8235333702078902,3.239759976714244,7.100813004029667,0.31048168582937713,9.018909532555632,176.72660413277882,0.6133009589410668,73.31706295332279,Rural Road,blocked,rain,accident,critical,essential_goods,high,good,low,verified,High
DATA_00312,ROAD_830,VEH_2931,Guwahati,Assam,Shillong,Meghalaya,25.758651442115912,92.18570628116024,25.79011659757029,92.0505796316731,101.56031011227087,23.9866478282531,174.83602792325837,179.82866541035256,32.48967467841655,78.9047065091507,14.736610701776092,39.88822256917857,81.5010248473167,3,0,4,39.18256558002828,0.5465500964172524,782,56.14326543263601,2.4472342065613626,265,74,3468,14186,1648,4161,0,0.3342798986434854,0.13613406351070081,0.5837974484337991,0.43730600894696126,0.6117232041540144,0.7680692828287172,41.34202239558955,0.6100988297648071,3.918564982096471,38.81419726158123,0.03639118361294148,18.77557360846009,4.407220784210311,3.3908022573406837,2.5585030880717063,8.79223489477484,0.5107625000784597,2.3765432987175754,101.05403008309884,0.4701546475264265,22.784579385057853,District Road,blocked,rain,accident,high,essential_goods,high,good,low,verified,Critical
DATA_00313,ROAD_813,VEH_9221,Guwahati,Assam,Shillong,Meghalaya,25.727952060208324,91.06163190916554,25.435908236633683,92.78051616725394,110.89335993148705,22.619546970539183,357.27578389653434,22.510385513766057,34.688076554405555,73.72441850627098,38.10683538516062,24.77049022722252,11.764386667751703,4,4,3,44.15572171821705,0.17134548008382133,251,30.72258986484661,5.0633293958098005,330,31,1665,11832,1847,5812,0,0.8988631893440989,0.7985062372956936,0.6717878187142581,0.18636837144284782,0.2706750361627959,0.6757715607144384,77.61097282193384,0.45629676237654143,4.10052217640589,49.24050487536948,0.12104892420140198,1.8320263657619216,2.6942227791840736,6.0066439703061585,0.47197779270292395,13.311267901167058,0.7810411519574538,1.197377854511796,62.254006274574536,0.8345003572799548,32.27333292393473,District Road,at_risk,rain,pothole,low,essential_goods,high,good,low,verified,Low
DATA_00314,ROAD_906,VEH_7822,Guwahati,Assam,Shillong,Meghalaya,25.9020647469545,91.09476938996515,25.75560550198209,92.12951147009096,229.65743559757124,25.418625471738984,1370.7870655586353,77.20519019081489,29.30999672334403,55.704977672612344,19.22805225625705,57.676810250628144,70.24065288699934,5,0,3,37.067042227566844,0.5373635026278604,1593,20.142577985785437,2.703875441398381,312,18,596,5448,463,4527,1,0.43095957944972274,0.7782327234463478,0.18366901747749367,0.2811793317778982,0.36115842832653233,0.2477663750595851,42.616375266472296,0.48239882335356393,3.59440037692353,20.60105816898197,0.28486552901475,9.021516998953336,6.699045910510099,6.556659916362889,4.57569033834993,22.47201866940703,0.6072387119910068,7.268313657990886,148.64922612218552,0.4181310508490864,50.53785466025019,District Road,blocked,clear,pothole,high,essential_goods,high,good,low,verified,Medium
DATA_00315,ROAD_713,VEH_3958,Guwahati,Assam,Shillong,Meghalaya,25.558588078951974,92.03117894136585,25.477756716271372,91.9697108933353,180.3079051048466,24.35738323574004,748.5328459110966,176.20131385654224,27.36916676992335,65.8067469306475,8.871101111892203,25.502442788882185,64.62128444206574,5,0,1,17.165349185075033,0.7660192167520913,1201,57.635316614543044,3.553816619822915,232,26,1925,6150,809,4265,0,0.1800066501776444,0.5634150818580708,0.362123074366977,0.5795950773704729,0.40318634203379233,0.10614266424865555,16.73412398687167,0.692047995243188,3.0390707469696276,32.895993978122696,0.06716439167562796,16.332877640290917,3.127391076069012,9.741472774917446,1.2510887600081988,6.173957678175968,0.8443559129792069,9.987760099585369,178.54189309974296,0.3917801883061378,82.24237009320262,Rural Road,at_risk,storm,accident,low,essential_goods,high,good,low,verified,High
DATA_00316,ROAD_601,VEH_8259,Guwahati,Assam,Shillong,Meghalaya,25.83991673989235,92.33869541469049,25.571210149307706,92.51727188780076,90.95992272079914,14.421230450188819,642.1848374611759,78.44471802699226,15.518316885882523,85.15667731157677,49.289554457914754,22.02239349306078,20.468466426442042,1,0,4,44.99630642963997,0.3956237331514867,1736,40.221828250544384,2.596932204872631,96,81,954,13622,1157,3656,1,0.14335392182110962,0.41719230790510176,0.3672016656616357,0.5865921160401313,0.2831216926893728,0.14295925503466186,63.63547872926353,0.7064506629043947,5.960713516598568,16.410565631263104,0.13960408986333353,4.548022994770641,1.9140975079769418,3.6470109345718877,4.816394849197438,24.95479752345501,0.4997273882853521,8.932187879869968,181.13866670239665,0.5317639002012564,42.09888764282259,District Road,blocked,clear,accident,low,essential_goods,high,good,low,verified,Critical
DATA_00317,ROAD_615,VEH_5115,Guwahati,Assam,Shillong,Meghalaya,26.03340890107216,91.77560425146764,25.388244926880102,91.57795919707384,194.9133767785174,5.938939400050585,1765.0290519941282,31.837952811773917,10.375350212370575,71.3563398010764,33.39487071341886,47.72566716137547,66.87736421497715,5,0,1,49.707293805174736,0.20228172061374067,262,28.644457749217587,3.775384156805515,213,56,3417,1223,1942,3138,1,0.20792801376709946,0.6746226573499958,0.7340226546712054,0.7821934352166052,0.6108752418278991,0.43999053881251626,25.30923218377888,0.28318079404265667,6.389648850315417,16.584955767831566,0.16155352269167592,4.873927973557082,2.6620395007901942,7.618741861265147,4.422489720535346,13.553758119787263,0.5010586019009609,7.267908642431198,189.13665143266786,0.8064788641541547,52.58319559579711,Rural Road,blocked,heavy_rain,landslide,high,essential_goods,high,good,low,verified,Low
DATA_00318,ROAD_869,VEH_4810,Guwahati,Assam,Shillong,Meghalaya,26.003462689550958,92.31797492787113,25.362029178417593,92.47814788947949,238.50543336362833,39.36924064203821,180.15343139648724,170.6378399769224,26.895515833901754,69.31567651369356,21.802669546791677,45.719906240437076,62.17656282617095,1,2,2,26.84887212434309,0.21651359718960717,503,62.27549727263096,0.9218708322399864,101,24,831,12680,1216,3238,1,0.6457376774554549,0.5966320260372151,0.7524791239696106,0.16789343029707737,0.4507106894324444,0.7188429200538634,68.49100920885499,0.3821721531329567,4.729968330106619,21.738793148119715,0.06689424243021506,13.18879758486037,7.474162630962617,5.403566885944376,0.15352547882602152,26.690245872848486,0.5885621911080715,4.415562757594488,63.18608976468997,0.2509431766600719,47.978624912279955,National Highway,blocked,clear,none,critical,essential_goods,high,good,low,verified,Medium
DATA_00319,ROAD_911,VEH_4760,Guwahati,Assam,Shillong,Meghalaya,25.824999710315367,91.81797800030233,25.829743513053852,91.84679493018514,225.57267355002884,38.56801539200278,662.7409349472058,148.80628203977986,15.737959757651495,63.75126585760481,6.967015506186453,84.45827804822919,66.00037323703721,2,2,10,37.202921740045554,0.18306957194031606,241,55.75776922426632,2.6798646369798385,272,64,1373,9424,437,4381,1,0.8911188612714408,0.3230833128339208,0.3035146410273895,0.6360207495421857,0.38757156885655375,0.3095100547522156,18.744104190242506,0.5988027286358142,4.04645200398209,42.77796969863183,0.09385752881032265,17.701155497662747,6.946653470742572,5.2760029317804165,3.097705402129989,16.258411352443844,0.7489947526658307,1.9643781940648424,169.4020711213655,0.6556376645636277,82.8278641703445,District Road,open,clear,landslide,critical,essential_goods,high,good,low,verified,High
DATA_00320,ROAD_535,VEH_9645,Guwahati,Assam,Shillong,Meghalaya,26.014492465379917,91.23250533139108,25.88672481301676,92.39777988998968,34.01179932353838,38.49310957706638,1788.4530400856024,92.24862008536371,17.862551972501137,76.04488277165957,12.306469575040595,53.55388937388203,31.939268016663593,2,4,6,30.729494868485858,0.2100242331850118,871,31.627559749941966,4.956231042686696,336,69,3262,7247,1755,2969,0,0.31423969347596864,0.8236468506082003,0.7653132412239734,0.6189579857968339,0.5739143159957555,0.23018722844996128,31.482607846548415,0.6260098810811459,4.771594154217235,14.128133699580392,0.32548394528327573,19.539932326539326,9.856239017333829,6.935778811181714,2.499845885861052,14.797429278483726,0.7718379751591491,9.493313140675959,152.4807797541492,0.8883838044157752,51.366488258203304,National Highway,blocked,rain,landslide,moderate,essential_goods,high,good,low,verified,Critical
DATA_00321,ROAD_164,VEH_9552,Guwahati,Assam,Shillong,Meghalaya,25.885939817587353,91.65095578185546,25.114614330569726,92.6830529767181,136.82233246783363,6.602810231609041,1173.3444483181315,146.91857964586566,26.786825818537864,75.11487850084727,49.112099239382474,53.65925133258564,40.898706389488396,0,1,3,15.392142900608002,0.16688912402290024,705,29.467541565251103,2.6104374295676327,77,36,452,12870,781,5430,1,0.842844941135196,0.6199005141494788,0.6129226263964495,0.1680419062950172,0.5082678005404303,0.13789174429278842,48.78114923347123,0.5158551218902974,2.508450389393492,40.04300557566713,0.08677707595978819,17.268076445581748,6.48684235330579,2.754886700464461,1.5466500970970105,26.658864241548255,0.6120911152770709,8.48851773207285,202.77373415956708,0.2244084462713818,25.884459455809143,National Highway,at_risk,storm,landslide,low,essential_goods,high,good,low,verified,Low
DATA_00322,ROAD_120,VEH_1754,Guwahati,Assam,Shillong,Meghalaya,25.935911658651015,92.45866616327561,25.668441961630688,92.04870634041185,41.16633204355777,16.06221471026577,122.17125176249473,146.8044639394476,26.182620896582932,91.22629431406841,21.44999491209317,26.057922315799544,17.22370189671495,2,4,6,44.42532115588575,0.8944940325176486,560,69.33907809935232,0.5087210531733606,258,69,1526,2647,1116,5930,1,0.7179407395041809,0.4755470218775133,0.5182341969917746,0.112035515113379,0.718404463301288,0.7081670295873125,45.092755476968954,0.6111760717013968,2.798131505590899,21.768043802368965,0.1862632524740296,3.675707535300346,5.436099159054703,6.1072124621377535,3.1091503949931414,8.98264031641451,0.624853272895361,8.064204760930238,143.78975873938174,0.5779549300925011,54.642405244958866,National Highway,at_risk,storm,flood,low,essential_goods,high,good,low,verified,Medium
DATA_00323,ROAD_683,VEH_8446,Guwahati,Assam,Shillong,Meghalaya,26.396792183645477,91.03506044700607,25.594701597368328,91.6644554572475,236.9516438246098,15.835205802054144,325.59178496704993,66.77923518801579,32.02948810561415,84.38002306574063,24.717867970469342,79.4489089208652,60.484779192195305,4,3,2,35.20592797225247,0.7648296110193835,482,39.00702119420936,2.164991199059622,70,70,3701,1095,1858,5582,1,0.8476194628429424,0.852596140341995,0.7271720675288768,0.3889655312038326,0.5083974082133447,0.8772123393853718,23.24449853777844,0.5649934239140795,5.875571819470357,21.63149318279813,0.15794811198370926,2.7140343692028503,7.529941504836853,5.394499753945922,1.925482846875607,9.621955525885959,0.25223980074823193,5.876295999115469,204.3777969690172,0.6514867267459488,21.572274136740496,National Highway,blocked,storm,landslide,critical,essential_goods,high,good,low,verified,High
DATA_00324,ROAD_154,VEH_5330,Guwahati,Assam,Shillong,Meghalaya,26.221006093408253,91.5496620230347,25.916247830777543,91.63680652879401,147.31698497921698,12.118302961640014,1257.7259339332759,29.289381991061475,19.321210251395883,87.50475393664371,7.495428677967372,50.458236221709555,50.46380885029974,4,3,5,15.10101508030492,0.562382287630653,358,62.22820433588456,2.519428783902505,30,90,2553,1295,1803,1307,0,0.6056946122604515,0.27564583376253105,0.6633014017252709,0.37373690849547836,0.3200871881880709,0.14227291023348665,27.017394861497337,0.8204606041461924,2.7977925374889105,21.13784517276833,0.21464617061094382,17.425817891434217,9.920418825303972,5.527888145048879,4.597711919247732,20.27566357107802,0.82119691300976,8.96930933809226,87.99967505885506,0.2408875350823371,48.83798511038461,State Highway,open,heavy_rain,accident,moderate,essential_goods,high,good,low,verified,Critical
DATA_00325,ROAD_482,VEH_1102,Guwahati,Assam,Shillong,Meghalaya,25.98147032459014,91.08837618067452,25.35143227087685,92.23119574661497,180.5434385925782,5.423399621080524,1712.9453294001753,178.86344399708025,12.28667056489152,75.84624261953732,58.609851263883805,62.729288730472454,77.50724045266023,0,3,8,46.00680029581622,0.1873658417526178,1771,52.84686285487325,2.2324085311786366,248,10,3261,1714,1823,3871,0,0.857603417735937,0.7897557127114838,0.4524711314036852,0.756652406272363,0.20893142342334725,0.13508011718289872,47.36628185929068,0.807246490736611,5.679365210903555,33.74593744096461,0.3711944731613117,13.929223122294328,0.24511427416216366,5.354802119045191,4.530254777545521,25.74942756220219,0.6575520646619543,8.895309049916417,154.15056144201537,0.4185808620843445,66.91012044383811,District Road,open,rain,flood,critical,essential_goods,high,good,low,verified,Low
DATA_00326,ROAD_583,VEH_2893,Guwahati,Assam,Shillong,Meghalaya,25.913419603082033,92.09905368560653,25.959336166265647,92.53094099415269,138.3741922893372,17.701765734983436,340.12615130534135,99.95992528762804,21.853373088349507,86.2148066907261,49.60152346352554,25.784972197750335,82.1357225003912,1,3,5,40.387350075473,0.15657858869744345,628,36.61450715564338,1.34550987880582,317,84,2701,7607,754,2400,0,0.47461765344382445,0.33741593488058885,0.876656162033371,0.7269372450749151,0.6826976261135521,0.4502803162099932,51.68125393596188,0.8609817118785701,3.528363355369226,19.678263168750732,0.06997192342704248,17.55578513778395,1.6835625344711036,5.769457135679419,2.0281578549014108,11.825212385321706,0.5819690145909429,1.350260136335993,121.58505824026498,0.3356292963907137,53.836295139211046,District Road,at_risk,rain,flood,high,essential_goods,high,good,low,verified,Medium
DATA_00327,ROAD_241,VEH_9850,Guwahati,Assam,Shillong,Meghalaya,25.547432842335464,91.50098874479241,25.44551607829559,92.07763355080124,83.64105032442676,38.77157418967274,185.20561955053367,57.22550842193027,19.002652102892405,77.89435830042034,24.38415698262594,45.49554554570068,41.765271520290234,1,3,10,22.20964941948642,0.2462178094934614,1788,20.48665836232402,0.6870786694782361,200,41,638,1696,1310,3435,0,0.6328659295446446,0.5800707286698621,0.8115865721319377,0.1797838983001827,0.16666772959698078,0.18009364880740472,69.52364262585138,0.9060528400609282,3.691661131557589,13.790188908883039,0.38823793130314105,19.739324093214297,0.38714674409312944,3.9568056482745093,1.474659692651018,28.56073697007917,0.6773840142216203,1.4858506931412108,183.10686752094483,0.31773306238421894,11.903440598322685,District Road,open,heavy_rain,pothole,low,essential_goods,high,good,low,verified,High
DATA_00328,ROAD_912,VEH_6854,Guwahati,Assam,Shillong,Meghalaya,26.371922939732514,91.08928155165809,25.157908677011218,92.04298498919167,206.86488562014912,27.938341354808255,1662.2538580470953,179.67796057549867,11.97349774083263,54.99472089243476,16.802932973618066,70.36319788646026,24.64742237717246,0,1,2,45.74777258296205,0.873289929616139,1440,54.319269167778494,3.7351030180451508,255,81,3847,11119,995,1162,1,0.3260156395663374,0.8646893133804413,0.4938501542800251,0.7119879748996629,0.6633475791887213,0.7756198473521181,47.458691311234475,0.6130584004308142,3.754988038090872,47.23001311834621,0.1863402052404316,14.457642809451423,5.980894480689614,4.295417292380479,0.1402516630834072,10.764990424071822,0.7256972780858242,1.5918656992413134,27.187618025225486,0.4748692922405297,86.59140984865333,State Highway,at_risk,clear,landslide,low,essential_goods,high,good,low,verified,Critical
DATA_00329,ROAD_878,VEH_5656,Guwahati,Assam,Shillong,Meghalaya,25.564409465134208,91.81414160095035,25.626860995690755,92.68281446562658,239.74470392553297,2.114159424174557,1783.8256061948841,62.677765210644665,18.42026842394846,77.69181305726599,54.054878872516994,87.18910484150823,38.73393377429734,0,1,6,41.59878180363399,0.29490478580774404,865,54.301234247938616,2.372571858061802,53,46,1788,2157,368,1385,1,0.871003284972267,0.5555155869756353,0.562087225991775,0.6153002561284397,0.41822676999087904,0.44277853335681305,78.98050199164692,0.8181858529196941,4.946298649869254,12.351592503096978,0.03733070978867459,11.387971068548337,7.227862475100732,5.297505843377943,0.22044415691099717,22.38629618574653,0.36914513779641045,5.3108378463133015,85.08757338849709,0.6761526553907578,67.33251565084662,State Highway,blocked,rain,flood,high,essential_goods,high,good,low,verified,Low
DATA_00330,ROAD_486,VEH_3575,Guwahati,Assam,Shillong,Meghalaya,25.834174277842727,91.01207491626553,25.160680112487697,91.95232050401698,22.542463367894744,13.656756938100008,938.4914589023452,125.80006996819694,34.63420506184603,64.0896621456718,12.150433655354506,47.38140950244026,32.86952501879207,2,1,0,31.078247754300847,0.30381693353516004,1292,23.05741527219725,1.5272358852491006,323,89,3391,3448,748,2713,1,0.36482398424155393,0.176199126659298,0.1121866746975706,0.729963934611966,0.5570541443814863,0.6145208292903316,77.46429130079477,0.8291976962802945,4.463106049849875,11.85579399948403,0.021056052067872814,5.641420566340932,6.444625895397314,9.631677082695996,2.778929319736529,15.350113457150151,0.37729380481006947,1.1255004358530134,224.4396509836756,0.28165378020607207,40.722087259639544,Rural Road,open,rain,flood,low,essential_goods,high,good,low,verified,Medium
DATA_00331,ROAD_561,VEH_6296,Guwahati,Assam,Shillong,Meghalaya,26.357209865492536,92.2910556292467,25.087726840160727,92.2714448143395,156.52723988402772,12.700415716041764,819.9461432536264,122.10089117446624,14.187177381523203,52.089179384652766,57.428819100365295,36.81885718804313,63.68291723972967,3,2,9,45.88068638944129,0.7378716052083456,1521,27.073265112032413,2.535241975974121,296,23,518,5191,1246,4695,0,0.655922440265642,0.20086587072072845,0.8258647229964594,0.19162755066653547,0.7409224828735128,0.7734829793101706,30.795484035898724,0.763950754054249,6.428086237401676,10.244768017808358,0.23146374911205964,4.591857412439081,7.064155568054804,2.514236412128596,3.2351746333860487,20.199860506794813,0.662177270052148,1.607726493277734,229.05348133174178,0.567103048041265,19.95943517819283,Rural Road,blocked,clear,pothole,low,essential_goods,high,good,low,verified,High
DATA_00332,ROAD_663,VEH_2336,Guwahati,Assam,Shillong,Meghalaya,26.230330024574258,92.32108683861361,25.568975051862186,92.10287500319889,243.74677381070248,18.48192429575181,384.71496922345534,139.1044598830612,27.268297652564264,67.17738874271947,33.42202166054501,69.61808065715488,70.03299653078037,4,3,3,42.059431164625494,0.8337342812796424,1080,46.748900028164634,4.945627099622064,339,27,475,9970,1068,5886,0,0.5068162555015973,0.5655075697874538,0.8193717489980354,0.7429646581951649,0.320888777564161,0.8691559426907771,36.7694218504152,0.24006533319516032,3.829262988276424,13.838979302474534,0.22350160808222577,10.764359016894847,1.8475893101047591,7.78593479313663,0.8125678822852356,6.349358479982662,0.5858398880781681,6.535377157113774,145.74727996199343,0.6376904401826475,77.09461270533939,State Highway,open,rain,none,high,essential_goods,high,good,low,verified,Critical
DATA_00333,ROAD_865,VEH_2797,Guwahati,Assam,Shillong,Meghalaya,25.56603899167076,92.46090712718836,25.95655849844144,92.25045662509781,183.42424240071406,5.369860146508541,1291.871328781198,50.17403012297632,26.828156472469306,83.1073680760609,45.4132527538949,28.93064709401203,60.72350931635954,2,1,2,49.25364354085005,0.3215985771245039,1563,54.79392757612008,1.7045963569586289,97,16,3136,8191,1319,3842,0,0.6563620798338087,0.182588334344025,0.3983445687165995,0.25517063761609093,0.8188089178612595,0.7074432440438436,50.233668510225364,0.5134465180456553,5.941017136719841,45.453435196588885,0.37133081007552377,8.736001937209423,4.079554272674071,1.0259725461873213,4.921805926594081,6.436028134903747,0.7006731268400925,6.3538370659744885,235.3531134228392,0.5079792538273531,46.76790914288695,Rural Road,blocked,clear,flood,moderate,essential_goods,high,good,low,verified,Low
DATA_00334,ROAD_932,VEH_2212,Guwahati,Assam,Shillong,Meghalaya,25.96967645956977,91.56718016265171,25.60811845988688,92.61878078675537,56.59791137180677,7.016728380176388,1373.426111227552,12.786779277635052,23.27214822511557,55.36992358032657,48.183700715038476,38.456945325105664,77.37174866519028,0,1,9,40.96559177296183,0.7569423691982371,236,51.004437203369804,2.6553513064392877,107,72,532,14131,715,1870,1,0.4894783020853526,0.5008697691910092,0.3935139918676781,0.545744036941517,0.39485952239536637,0.772990849123502,73.90042236357831,0.8805583819370133,5.230544921262872,28.420183048858256,0.05407036094345165,15.30971552180682,8.93106242416559,4.448482417351088,3.5021310446411826,28.24653885382631,0.25887886955760087,5.609304899257695,113.58618778334132,0.4531693513863622,34.25573562455983,District Road,at_risk,heavy_rain,none,critical,essential_goods,high,good,low,verified,Medium
DATA_00335,ROAD_681,VEH_7829,Guwahati,Assam,Shillong,Meghalaya,25.843789905373278,91.45345130168523,25.60451840890146,91.71745727725103,63.647730423356776,38.681868168685114,1539.065913760689,70.4729242350562,19.633508535975523,69.52279455730981,50.871282193518525,26.19217552755951,87.49259778669956,1,2,9,23.95042473506536,0.7286643708404044,1462,26.872271716458776,5.0581175689670586,205,83,2472,12393,956,3083,0,0.18112948941694373,0.511749671996536,0.5105904915108217,0.8090274748501765,0.1314326318132933,0.6879617541610735,81.44004806163167,0.6455889069495965,5.369118935606471,37.489733880072606,0.31267989033203214,2.8636362184450057,6.303191814698208,4.668075131831095,3.197350175682532,23.10887219591716,0.835207909900415,7.4009420183429,173.05337552112826,0.5996255396149217,40.42130068759305,State Highway,open,heavy_rain,landslide,moderate,essential_goods,high,good,low,verified,High
DATA_00336,ROAD_473,VEH_9710,Guwahati,Assam,Shillong,Meghalaya,25.73585021663392,91.36828386329944,25.94923519493868,92.73417300328468,27.98893180527438,29.366286104145363,1272.1913643889545,173.23302133439705,11.938708141201282,81.78826244585531,25.121438999911184,66.7922777461271,49.96065998415219,2,3,2,15.979629703500654,0.8841102762148856,646,38.48974669857587,3.067974651463263,229,88,2508,12061,850,4990,1,0.7368528273912156,0.42110130540625157,0.6696850770408778,0.6764416086523987,0.892291517664499,0.6773965523963492,80.9918990962516,0.8871399598329952,5.166841776895618,23.420142217573353,0.35780610202953705,4.787998280296918,9.677132522697045,4.929275232080142,2.821588347561215,29.778205129736353,0.38959815930663955,4.479933041190652,188.83002667721829,0.7438445229228796,40.58462140695758,National Highway,at_risk,rain,pothole,moderate,essential_goods,high,good,low,verified,Critical
DATA_00337,ROAD_440,VEH_6019,Guwahati,Assam,Shillong,Meghalaya,26.008045569714444,92.2221489214341,25.185364773574605,92.01883124317771,52.79693636530783,5.004988824793409,1437.096545829753,61.78635873942916,19.28039263481583,67.15790814063229,21.61478788728395,51.26790011466048,19.0273337682775,2,0,8,47.29232872563242,0.11083699138879971,665,26.83544324323435,2.5236849954207092,331,15,1288,3975,1088,1903,1,0.14211130736885214,0.634158283195835,0.31181753069558826,0.5355693851919247,0.25633066444285135,0.7341108316019811,26.018921851121668,0.5115920861246699,2.5316773525681056,14.653757304250426,0.2851417163397246,15.758279457822164,8.884082761613081,2.9214187150116917,4.047966191762557,16.320129514964528,0.48885447199648246,6.920069328940503,128.02699469664117,0.2729748790914966,82.59682993928766,National Highway,open,clear,accident,high,essential_goods,high,good,low,verified,Low
DATA_00338,ROAD_670,VEH_5601,Guwahati,Assam,Shillong,Meghalaya,25.818335646066206,91.31367289307805,25.815645478438295,92.3553239596126,189.99860723421025,36.95059678216624,399.57092729216413,25.5759746413366,32.22950363640554,72.7468677676318,30.33600646471148,38.69415014304151,64.42210474639347,0,0,5,46.16027324464128,0.49844425349598775,330,44.86100427582694,4.035486972382693,113,82,3541,12087,351,5233,1,0.7373061081256694,0.8002496644376031,0.7562846311783069,0.27805151882730295,0.4557676581311172,0.46237307865653565,55.41133016421071,0.500228750418696,4.286536547314467,22.956552030663975,0.2973579963193347,4.577705239538883,4.786699678252428,2.0032760762268005,4.555133695227854,21.14263743672798,0.23264893924817637,7.868729097125664,182.55984135232663,0.770703765055168,75.09371187646889,National Highway,open,heavy_rain,pothole,low,essential_goods,high,good,low,verified,Medium
DATA_00339,ROAD_574,VEH_4192,Guwahati,Assam,Shillong,Meghalaya,25.619915093670954,91.03970463504137,25.30112391879193,92.75795741785886,179.2289343633126,3.3819287043963,309.81042539855036,165.73947539446465,32.961825917962315,84.33787228844926,34.09976277006241,63.92825669489013,16.94756775759287,3,1,2,49.770910969054285,0.8267464937870641,506,26.081156506432443,2.579459014709212,207,44,3104,3525,1361,4101,0,0.8251873476555696,0.12143118739684251,0.6159002672820509,0.5604907853976151,0.6049340895172667,0.4877117442136587,32.229187593444124,0.29586538962537323,3.2452343201574267,24.941156198489725,0.044970780741361766,12.692034823393291,8.307020531251004,8.738262101512142,3.4144275714907293,27.738614908350872,0.30385101972731327,2.3569865804868164,180.97562546613074,0.7702770993850063,28.14715486723811,State Highway,blocked,rain,none,high,essential_goods,high,good,low,verified,High
DATA_00340,ROAD_537,VEH_2427,Guwahati,Assam,Shillong,Meghalaya,26.007275904342592,92.45798930937154,25.469542431809725,91.619129445997,31.259634023772364,15.816441837018992,1759.409393224828,85.26265520165994,11.139041876690584,58.43468984595722,38.39238615617812,75.15385379770862,19.6634535577841,5,1,5,32.69832360180022,0.22671593922236496,509,39.056649147933115,1.0426865896424429,281,15,838,7495,504,3801,0,0.8143587348624817,0.5466206590996439,0.5481765307910442,0.8695269655161202,0.664869583187345,0.8709259978474984,49.50965930994931,0.7953168655288285,3.406548691488112,35.21067453466111,0.10569070062858617,18.537814791810348,7.6680390817594235,5.807191310344365,1.2913532845434061,15.063430197253146,0.34021288102133784,4.983546002088225,84.09751042336543,0.3016040246700803,88.37424395672355,State Highway,blocked,rain,landslide,moderate,essential_goods,high,good,low,verified,Critical
DATA_00341,ROAD_454,VEH_3527,Guwahati,Assam,Shillong,Meghalaya,26.217354907212307,91.99750607822999,25.685328078503424,92.61830208032855,61.08678839264861,36.946420602937735,1729.2023301225618,91.50448861002712,20.12568437627701,66.96621226695791,50.15790871429094,63.25527019428606,89.44464644046654,5,0,9,22.38722378764802,0.6248717728215988,897,32.11215847474192,5.433988608381706,275,31,473,11612,534,5254,0,0.31724481819164596,0.6469393658219742,0.49342104360925976,0.18363311188026163,0.2890518069643552,0.48845346372725007,37.067871585771904,0.84257888994491,6.488553111373444,47.99111583974673,0.13097403061708357,15.671233976769958,6.601371363584021,3.9156298066412982,0.06776026965970627,21.499783484588768,0.3538260798330445,4.468301054616518,115.29084275474511,0.24013234642224446,72.76360648085104,Rural Road,open,storm,pothole,critical,essential_goods,high,good,low,verified,Low
DATA_00342,ROAD_918,VEH_3855,Guwahati,Assam,Shillong,Meghalaya,26.436783489780197,91.98953235224589,25.368287437308414,92.05655478217125,185.68737321766966,4.403786807697835,222.43549847407917,131.48956276351802,24.155660898690506,91.32403981160647,23.822150179350054,49.978564597765676,11.352559071526187,3,0,5,47.667082648488766,0.17305918679375631,1576,38.79876278058628,5.916212593491076,332,41,2046,9964,1317,3830,0,0.14815849946236828,0.7427424967320438,0.7489627786701194,0.11452812703621947,0.23498181959746348,0.8811155209439737,61.666446931985206,0.253340485074088,4.774707885763689,44.675088719138195,0.14099976789610297,10.426477743877363,1.5323615204084555,6.954691505493584,0.7483556981191408,6.832290169000767,0.34124974161462135,3.1928582025101764,186.2018085773975,0.8341558587748141,59.624336006363436,Rural Road,blocked,storm,accident,low,essential_goods,high,good,low,verified,Medium
DATA_00343,ROAD_336,VEH_2309,Guwahati,Assam,Shillong,Meghalaya,26.297889877870247,92.47763494518203,25.185374283282844,92.06920384204123,109.5627923700103,23.52299836490944,1399.8890954862625,94.17957160936268,21.50955650194433,65.26035030406251,36.72265937932514,57.12925201232404,59.73099558064598,1,0,2,37.70619197982834,0.4362852773214393,585,62.03300350807698,5.6478316124083605,353,87,2541,12440,1719,3429,0,0.19223050834308808,0.17335641163566864,0.7159707151784375,0.36305253689746075,0.25070087928102736,0.8630503387003791,62.0479443725622,0.7892282831196771,6.072785451527617,35.477367739341005,0.18201773141629105,4.452091063784975,1.4219543070969791,1.411126192114173,0.6052569145744108,6.731327055389589,0.7895154328380769,7.971361660524822,134.41523970439806,0.464695150335142,89.45498542951839,Rural Road,at_risk,storm,none,low,essential_goods,high,good,low,verified,High
DATA_00344,ROAD_880,VEH_8131,Guwahati,Assam,Shillong,Meghalaya,25.99641180337156,91.4466158141091,25.447826076992495,92.08518060371551,91.18718328704763,2.045243228455315,1699.693920845879,75.75568105481955,20.494739714305055,59.05878288563014,53.97895126876033,49.86412889021511,89.2486161194889,4,3,6,23.992604762513437,0.364500695663847,147,40.335302220383255,2.4415182898271155,142,60,1015,1616,1505,4063,1,0.5520370449222604,0.5931669603971926,0.8703088430428688,0.4531035427992236,0.18792796661097944,0.6079917881812611,60.505170114834144,0.30301488956050815,4.679022093575634,37.83781748418716,0.13634473456063115,5.23206305578968,2.2177087864692853,7.252493436177488,2.967822271062122,22.97539610563908,0.3254723799050211,4.147881142728758,61.34019973895434,0.31277159321211856,43.082037374032225,State Highway,at_risk,heavy_rain,landslide,low,essential_goods,high,good,low,verified,Critical
DATA_00345,ROAD_726,VEH_7446,Guwahati,Assam,Shillong,Meghalaya,25.848680942674005,91.42253945485444,25.657459105809217,91.82241778066827,243.64616785938847,34.42636403391149,1381.3227247069244,110.53467342403947,31.866475027264386,92.3943060006988,21.068793579884595,35.498465385417695,66.72293439948432,4,4,8,42.49476080801179,0.7333656960528365,725,50.59933562625656,2.6753706047804657,338,75,1201,13336,1544,2886,1,0.32063035713624544,0.4607123213117652,0.28113196238827654,0.804734023032422,0.8016587401027552,0.31103548417792437,51.80771762978235,0.7070162257371742,5.553802679043984,36.29530659306293,0.33938848299211544,11.665787534828556,1.631820608678326,1.4296981047085575,1.6409400291928744,15.503206053432764,0.6238071263288335,5.29325236016448,235.41533294445583,0.8918290205518427,63.52062870119358,District Road,open,rain,landslide,low,essential_goods,high,good,low,verified,Low
DATA_00346,ROAD_981,VEH_8843,Guwahati,Assam,Shillong,Meghalaya,26.26168371769303,91.71839527778502,25.301358587289137,92.60711337085175,99.98196068648078,38.75885063635626,588.0111908279755,179.58714485882908,27.74388435936887,68.57593470569313,23.51729665692128,76.02470391238003,20.552934920277295,4,3,2,42.22111053316394,0.12983388450404318,120,22.145536728863135,2.0297571615633925,251,38,1762,2050,603,5904,0,0.5532588246739368,0.7583684088431943,0.21314811645292553,0.6898373715558147,0.38461719814918094,0.20908833610287392,23.035911875090086,0.7503791469918999,3.193348351572261,28.458837370073333,0.043257496973003,17.31096191313985,8.670327653669883,5.758885118088194,2.9745279770942896,9.757864648619176,0.607645195246989,6.652039998008812,213.90614942501853,0.874689653527899,54.43017896409063,Rural Road,open,rain,none,high,essential_goods,high,good,low,verified,Medium
DATA_00347,ROAD_174,VEH_4650,Guwahati,Assam,Shillong,Meghalaya,26.43454882161349,91.82609510091305,25.04805792782469,91.76611463342317,224.75722553000188,28.82101832105857,423.83929274218576,99.45908541755402,20.184892110074184,91.97546657311679,45.747392680237084,22.343982980089397,29.892882820905918,1,2,5,25.85095801214259,0.3342040728516078,642,40.32887347337315,4.108128037995083,39,38,1150,11867,1223,5646,1,0.5035477563229293,0.654517147986872,0.7407969990851446,0.4169960485782084,0.7572435232417123,0.7649560870410228,17.286867861835834,0.793602297277785,3.3851490642023703,49.54306332753325,0.17068853383806934,13.371377005890448,7.165405092663279,9.07467752894621,2.845404329164156,12.014494460342283,0.7272842676028362,9.633369657778049,59.42289363128853,0.7633023705905155,17.173646477838247,Rural Road,at_risk,heavy_rain,none,critical,essential_goods,high,good,low,verified,High
DATA_00348,ROAD_912,VEH_7006,Guwahati,Assam,Shillong,Meghalaya,26.44724918191829,91.24505428405837,25.815066736631724,92.29235253503633,84.47611203110657,12.012846508296564,764.4338583587017,178.8384587076096,14.529350707019805,83.82229033972945,45.14079934334557,72.77241889059327,70.7020778414506,2,1,5,21.963961437616234,0.2067812533397314,413,51.18042416617567,1.7857521589938998,99,2,750,6409,1121,5599,0,0.272420991685457,0.8022517741320182,0.2837774576065931,0.2755676698521886,0.30291111116583036,0.474756821638186,19.740456949058366,0.7191935065548256,3.41352357079272,36.81310084489098,0.042209233186863246,9.12774937512689,4.671683637641079,9.395332108006372,0.0535308360136888,26.39756948256272,0.29939611660788956,5.3054930827547055,162.2412597995924,0.7256326330429426,35.21509602613655,National Highway,open,heavy_rain,pothole,moderate,essential_goods,high,good,low,verified,Critical
DATA_00349,ROAD_599,VEH_3795,Guwahati,Assam,Shillong,Meghalaya,25.734987803019905,91.32517723296792,25.716738871618357,92.73598974071535,50.31629711935925,4.1299015356093065,315.9948566430239,169.48118345910365,17.400127771953617,53.06456191535786,58.471299812015296,60.70693751174926,69.31191193888381,1,1,9,49.97906038242948,0.7164581120990844,286,42.71094423446779,1.3967434634779772,113,84,3464,3169,899,1326,1,0.146791752811352,0.751459365359986,0.6777698720311351,0.8330334593732683,0.3071548024448981,0.8064782592443498,47.37989649977767,0.7821409334900309,3.5332605187912205,14.063611576466869,0.23132887253494067,18.429541238020764,6.493492512653847,7.2188543860370675,1.6055746311262347,11.511252636820071,0.2741095932990984,8.079937647965862,160.16204756152567,0.8035858648122378,84.0527446649728,National Highway,at_risk,heavy_rain,flood,moderate,essential_goods,high,good,low,verified,Low
DATA_00350,ROAD_165,VEH_3947,Guwahati,Assam,Shillong,Meghalaya,25.65555183825387,91.89819580361362,25.802664450971672,92.2604132631162,178.2612961452133,22.39927158617297,754.9715561430526,165.6896752068931,28.956236268165796,62.67863394370317,19.009735325852,55.49932651765269,69.15980765070489,1,3,10,48.15040103092186,0.48837422877015935,1384,29.381324220958916,3.653718830882127,69,23,608,3129,473,1604,0,0.19538064915487674,0.46631168702846926,0.510810190689347,0.28856495438151997,0.3773244916350854,0.6506880197095806,44.115006227150324,0.8886599012245271,4.523156996733244,34.56762970983881,0.0763684201911225,13.722583073454235,8.930382935440392,9.089267869780995,2.272073025072282,6.237093817992854,0.7770654152282468,3.622132407443773,33.11207428228848,0.6404956665096632,28.04282283679499,State Highway,at_risk,clear,flood,high,essential_goods,high,good,low,verified,Medium
DATA_00351,ROAD_604,VEH_7353,Guwahati,Assam,Shillong,Meghalaya,26.248438293148034,91.3746600101178,25.55755631219151,91.73632427239876,24.936723507678558,28.388907235029833,1557.1635208408857,32.07650354260184,13.7413379446309,55.08440928090827,14.68811624294988,67.5389042678117,64.80793703252606,2,0,7,24.123557811145417,0.8032560565832196,883,62.499868928683554,1.5579670406747155,129,0,3035,9840,1972,2501,0,0.8809295790785359,0.33554211438919257,0.4542548947167938,0.8238748540491693,0.1148173469587162,0.5017626812494863,51.299545503681166,0.5814309291498008,3.2020115596683314,33.204424358143996,0.058768991720766744,7.281278842859921,2.8554288011291944,1.1872860360142243,0.831050537911221,26.50453503694218,0.6296947671337544,4.397708437544085,139.18453904971338,0.44455260820657017,58.966194847875066,District Road,open,storm,accident,high,essential_goods,high,good,low,verified,High
DATA_00352,ROAD_998,VEH_6186,Guwahati,Assam,Shillong,Meghalaya,25.914114842065956,91.40201118795186,25.452350533912195,92.14741057616781,93.3485599815979,25.708733742502705,389.8438004555594,162.6792747728428,32.801213219518345,75.52574270898471,5.964527674092705,25.638738811072393,41.94939753370861,3,3,10,33.99579318560677,0.21340790873480558,1338,26.69106134316957,4.097659062809273,323,20,818,10707,885,1858,0,0.35806425764596783,0.7917482969465865,0.8431496427572067,0.4284101737640279,0.13363320917865487,0.5731299061640865,37.10632453129857,0.698630393489067,3.1398332997449825,33.26262605256533,0.2700143977962223,5.419236341729322,2.594764759690084,7.01537558795373,4.0618201030108825,21.14381510924651,0.32065232976278435,6.601806920055142,91.74826945675959,0.7347618897838051,24.390831019130587,Rural Road,at_risk,clear,pothole,high,essential_goods,high,good,low,verified,Critical
DATA_00353,ROAD_209,VEH_4654,Guwahati,Assam,Shillong,Meghalaya,26.15470128162436,92.1404246783033,25.04044749620266,91.85439476032604,142.9195194384721,25.69309034605427,1546.6854682681278,4.872212084645648,27.609311985883707,57.06652643449944,50.040712619797446,25.859557184387853,78.04029831399917,5,4,5,18.302642540942788,0.763068551855658,1701,23.813472156268798,4.6205080645412115,291,84,3934,2845,1756,3951,0,0.7957841601099981,0.5347518945762895,0.5286283701628657,0.8931471550551855,0.3383634024478763,0.10674887957561721,68.45031411051332,0.28230145758486336,3.3190508700564907,23.0686647481155,0.05689649607183089,11.569168360586769,0.7731788889820981,3.783734983946355,1.5279735159157437,8.339130401084509,0.785774117496636,1.0086399345339991,203.78780411452132,0.3243629544899767,84.24549192337759,Rural Road,at_risk,storm,landslide,high,essential_goods,high,good,low,verified,Low
DATA_00354,ROAD_418,VEH_2945,Guwahati,Assam,Shillong,Meghalaya,26.095793339873435,92.08633070583606,25.217711525382057,92.35605520408139,45.7124039561931,21.789677071847798,339.54590644881364,139.66890880923577,33.254049836866315,86.38984927175474,14.847512275954369,33.531555628862385,11.368619981788557,3,3,4,39.156195314517134,0.13637770583821596,434,50.586711784055694,3.425436464646979,87,36,3201,8956,1346,5555,0,0.17203808111583846,0.7901606834828695,0.4572108039464011,0.7603058800718272,0.42500101678447433,0.5875282919052925,83.37349603256314,0.40826381021384506,4.097183160452078,37.62618766035018,0.37937800013037165,2.834166455135241,1.7766597362915806,7.284780716839897,0.5544683238623976,18.738818656634983,0.239909141164557,8.876650459229342,120.00587576784044,0.2146557391900593,65.0551114947355,State Highway,blocked,clear,none,low,essential_goods,high,good,low,verified,Medium
DATA_00355,ROAD_993,VEH_2578,Guwahati,Assam,Shillong,Meghalaya,25.50384884567384,91.94771245546356,25.32663746036301,91.73329855986833,76.1825120735769,15.21774996502217,1000.0822739939807,35.40752570807362,15.873582800819221,81.94029681448635,56.442465592475926,58.72055082200372,22.9471057205825,1,4,5,29.62754472707059,0.7482533730026749,450,52.99923791675024,3.605053825081773,343,7,444,8390,1115,5274,1,0.23121127976557584,0.4659109101074129,0.4489181872222566,0.29525250111695867,0.28171073304003713,0.7750691506612897,84.50604097744433,0.3551068437212005,4.084118669883968,44.88322749781658,0.09348887984983097,12.578861951576021,3.9765723943495335,8.106434054262008,4.798692807698497,10.362253974109397,0.5385565294716979,9.10115466060381,43.74290193448283,0.43535574260726434,19.123577405972966,Rural Road,open,storm,accident,low,essential_goods,high,good,low,verified,High
DATA_00356,ROAD_910,VEH_3569,Guwahati,Assam,Shillong,Meghalaya,25.701125084609306,91.33841324653733,25.608773798885604,91.62889415677589,144.32977985817337,11.417622078165639,963.7730795357575,99.38699569438772,34.27041143622356,65.71974270341559,15.275923053620481,71.60211855177629,68.26583257683416,0,0,1,17.21552408108431,0.4814965744338443,1550,66.89477896848837,4.549557586575746,40,51,3868,8901,1309,4059,0,0.6205140950885341,0.43799354884336983,0.603319732685993,0.39618725672675237,0.5656009386005887,0.10501915594818625,77.91977700146487,0.6036696992217376,5.155296042735621,14.018046217054305,0.09215132801920146,13.429594616973061,2.810730186284708,7.93292075898903,3.105849553921657,16.677222066875323,0.511216276657326,4.687764019154086,128.6449701085664,0.5522175840016863,18.85351976891951,Rural Road,blocked,rain,flood,high,essential_goods,high,good,low,verified,Critical
DATA_00357,ROAD_812,VEH_7541,Guwahati,Assam,Shillong,Meghalaya,26.033866579714957,92.14557904941009,25.611635557337685,91.96007242759444,210.76958709706503,15.297853612215548,335.2218855190554,89.54614231046374,21.205434278424832,63.862155286620705,32.89763910788829,59.5853080777648,86.1939276233361,5,0,2,27.02000071417734,0.2788125610491273,658,53.55812372086767,3.955510187898134,34,56,3223,5880,579,5645,0,0.45604144494603316,0.6019212631891937,0.21417550900478466,0.5938740397215231,0.4384410893336872,0.890770208817815,36.31589594785153,0.7733523821711881,4.007481556196196,32.96377230248925,0.2865681772567325,8.530788303942925,0.4116181292524299,1.0346251426578466,3.909234352234341,16.432108153960392,0.6802011592373324,5.482274705873362,150.8087428598646,0.6799087519382301,78.04865811525498,District Road,at_risk,heavy_rain,none,moderate,essential_goods,high,good,low,verified,Low
DATA_00358,ROAD_569,VEH_9503,Guwahati,Assam,Shillong,Meghalaya,26.443723891898347,91.51504402465662,25.39866799662319,92.25598246378723,205.93827055871586,32.50365274484439,281.5903305657994,144.35687877783405,19.520516040356327,84.93825801679935,34.35373054100194,38.56547691152322,35.28296769253988,2,0,6,42.73173336813211,0.23333223261166414,1410,45.73848322264982,2.669741647818018,35,41,900,2937,364,2243,1,0.2116327939103811,0.4669447424357206,0.4173660957826064,0.33190238805339894,0.581463449607681,0.14896523963259567,73.7907098092548,0.33435612025052064,3.65590103980588,31.38565147923345,0.19557646611453675,5.800590707457183,5.296817888489899,7.931551970488993,0.002723841230644064,26.93149561800509,0.6011940776473369,2.7095850324213964,174.7882135660352,0.22880430542615066,48.597408714962754,State Highway,blocked,storm,pothole,low,essential_goods,high,good,low,verified,Medium
DATA_00359,ROAD_479,VEH_1208,Guwahati,Assam,Shillong,Meghalaya,25.547243297104774,91.31928109801476,25.679657044596325,92.43626500448205,194.7476269016399,23.026624062732257,785.6050019942095,74.87892729911682,24.804346838706085,89.1247441249709,37.80421215723457,65.15345189147743,11.382991618609699,1,0,2,48.8884328548688,0.38594911329390147,699,24.854570164515877,1.9358258077494623,319,24,3581,8180,1408,3310,1,0.45906040411878957,0.1414290517726755,0.7089360146513722,0.8311844868720375,0.8298129559725861,0.6229021556276986,52.157364584857866,0.3214966107967052,4.288312756666624,45.127474857192944,0.37167264941967953,16.269271564956533,0.506054034139112,6.679210511975601,1.0202245573597697,14.309030862256062,0.6815524994284858,1.4284489756698584,86.06124748855939,0.4069384829112236,85.9755140357786,District Road,open,clear,accident,critical,essential_goods,high,good,low,verified,High
DATA_00360,ROAD_408,VEH_1632,Guwahati,Assam,Shillong,Meghalaya,25.877829806072736,92.18109615271672,25.126046017682768,91.92068946423538,99.16438855673984,12.421832317710486,1115.5060905331338,61.72993802908499,31.80606731729336,56.16171582932909,56.28413940519736,73.76828836260907,24.738944136465015,3,4,6,44.92879361903668,0.19990734820955042,116,36.58926093426042,1.6850016945994328,355,82,2902,5831,1200,1140,1,0.4991231519419145,0.4843202525422965,0.4110381084893583,0.5329470830474716,0.6477874385444364,0.36054424269417173,56.81014065145413,0.65058670325432,3.9969009806166493,23.05030351004674,0.33103007799601153,2.831389197066127,8.27607691447627,3.08584233976452,1.1261208471856943,5.152666026558523,0.7813056897914779,9.72504240449234,89.68071825749286,0.7100579093649142,27.452908814923394,State Highway,blocked,clear,none,moderate,essential_goods,high,good,low,verified,Critical
DATA_00361,ROAD_246,VEH_8590,Guwahati,Assam,Shillong,Meghalaya,25.994653479434945,91.63839803009184,25.2706999446159,92.3352994681094,188.2464723785786,16.986685058873746,1149.725355871458,118.51416597716717,23.892126329426652,82.05644741937373,22.66759008525246,42.73068086779001,24.47557126549239,0,0,7,38.400768530999,0.2362489442900887,809,26.997155291141066,5.22569537326286,81,51,673,9230,971,4907,1,0.591958225274285,0.4589013401660925,0.14379130206101084,0.8329895559085931,0.5232744088869064,0.6093856575916028,40.42909675535535,0.6494647556510538,5.615203757288828,20.333054199289336,0.10999485187822257,9.628052322848662,2.838601021631331,3.0728896996540715,1.830607415684632,10.370598539080842,0.7406640827566553,3.6780679817888404,221.6151333898901,0.7122600959267089,78.2539866758875,District Road,open,storm,none,high,essential_goods,high,good,low,verified,Low
DATA_00362,ROAD_717,VEH_4328,Guwahati,Assam,Shillong,Meghalaya,25.53664702425428,91.34705201337111,25.51054510872301,91.53937071628063,64.9042162202798,24.062076459904382,1000.7469383643157,126.41901094496231,20.53213217913096,89.32311158953748,8.775622009194986,34.072746908480035,76.03986301679,4,3,3,33.240797349404886,0.5807003020072165,473,41.35620077563043,0.7058901177450208,272,64,2391,3868,1963,5461,0,0.38210109945776394,0.23927063035916696,0.5346440462781062,0.2570394039728801,0.32819281117445187,0.5438815560030635,27.876814098044324,0.7132034070562285,5.889621523061455,22.538437301379226,0.1187838394192329,3.3223155771064476,6.976793123752994,4.677343315932397,4.158661166611829,10.31767232838686,0.4292063304056002,3.037835757014738,207.73775489106643,0.7489742506913879,14.000203073935005,National Highway,at_risk,storm,accident,moderate,essential_goods,high,good,low,verified,Medium
DATA_00363,ROAD_266,VEH_7512,Guwahati,Assam,Shillong,Meghalaya,26.08885033378111,91.0979566088349,25.31039163637522,91.77287019087167,111.0923687473453,13.116419811622949,1099.0233117924784,156.4841755380695,24.389793995200193,89.98964642676097,39.60077418880665,50.10081371917961,87.73350292803954,3,0,7,26.950926757179495,0.5876731073113795,1277,49.29186217125379,0.659462282748636,48,14,397,9720,1519,5439,1,0.4837524487249555,0.5619515539226645,0.5250333720798542,0.28716203470623675,0.8448989730105289,0.6670961936734953,26.460808192670168,0.728203806383448,4.015599606439929,31.612103162542272,0.1882233713721973,8.782376256643618,5.316258767597317,9.141418945695523,0.8510059360620043,12.370226157803542,0.393854746336384,9.440947075422093,199.70777214510835,0.40827856237796856,70.08660610864345,Rural Road,blocked,heavy_rain,accident,moderate,essential_goods,high,good,low,verified,High
DATA_00364,ROAD_632,VEH_3071,Guwahati,Assam,Shillong,Meghalaya,26.445447858559437,92.11284588401573,25.84258702093613,91.56674477035475,52.99562146093796,23.319520224719263,849.8825510354868,157.83150812065858,24.595174689360107,82.90076352094553,38.50614906339588,82.80358177706765,77.65826799345021,3,2,10,44.35070751301389,0.756001348123902,712,46.440813966262304,1.5314228722165344,341,57,3881,2342,1246,1017,1,0.7004902099406689,0.5232967215731662,0.8327232656805887,0.3101537044372591,0.36298517472079506,0.17910522693340516,33.611311731013295,0.8944736309690997,3.894117914266399,27.01816216002099,0.28979192731518727,15.450439219200044,1.7667844379403315,9.95422450841194,4.910212811953204,7.620278873108359,0.3275576472899587,2.958740239916428,31.679104806721266,0.5697141815121788,37.337521166792804,Rural Road,blocked,clear,none,moderate,essential_goods,high,good,low,verified,Critical
DATA_00365,ROAD_111,VEH_1371,Guwahati,Assam,Shillong,Meghalaya,26.237888498566498,91.9257927014309,25.916919878620405,92.7558921850981,185.63113914249456,25.170675065150235,1171.4675801848573,177.45120874422145,14.173099032304158,54.74147647647761,30.740567905754375,23.28958545571906,35.249831764582964,4,0,4,34.60959065817674,0.44018035486109053,966,49.260055798190024,1.7155613826745713,221,11,2772,14583,1645,3464,0,0.7036353333110353,0.4717435596059847,0.6992018044703527,0.7150417616136939,0.6351487655545289,0.2561270959766896,62.133418452884754,0.2149813932150349,3.8462374680172724,39.77652821586665,0.37919880098287406,3.3153502265944486,2.563084954881631,6.26043724058853,0.05217616441174522,28.963148679146357,0.5728467821177479,8.675481506895625,246.57074627816584,0.41516163940787887,61.70546464093897,District Road,at_risk,clear,landslide,critical,essential_goods,high,good,low,verified,Low
DATA_00366,ROAD_834,VEH_3015,Guwahati,Assam,Shillong,Meghalaya,25.542716497804278,91.49161041223627,25.879319609222033,91.88913791757696,184.36573882429943,3.6059763715473956,451.1929301975932,10.632745505982635,11.741969940397304,65.44629619993253,43.343799812563596,75.09124574933256,49.695147994543056,4,2,8,28.269012693415654,0.4216455885163599,1000,23.943294740108012,4.296139153970287,290,76,1842,10311,802,2612,1,0.29359559296655147,0.5949455622455695,0.6634516060776376,0.6013050635687315,0.5356421370611019,0.8803421907056279,83.36005339465515,0.8311656179148348,5.922341033884539,27.208072272046678,0.32308841689232326,7.967642970565804,9.565138505850792,5.053264856270941,1.2315512853096506,21.266538078768598,0.8025419240451142,8.38370221391441,78.86697729361217,0.541140388680025,24.874991391341894,District Road,open,clear,accident,high,essential_goods,high,good,low,verified,Medium
DATA_00367,ROAD_345,VEH_8725,Guwahati,Assam,Shillong,Meghalaya,25.986159050328364,91.68540360064998,25.855260313737453,92.20811295563617,117.0195681546386,11.351774669660031,1401.7058492099252,172.1733834012723,19.45525791679681,50.21086935281898,55.276192566123385,40.648968610139505,51.69920091760564,4,0,10,28.21988462100422,0.3039099350954577,240,60.85001077681608,4.25626708766183,69,4,3858,2717,1576,4683,1,0.6076847964027146,0.26379016837335884,0.5283305696975731,0.7545082249332278,0.8352368909097498,0.42767579453131843,33.59206857532082,0.9314846741406524,4.532232401103185,48.53338245285741,0.07092909186006545,1.7119948237335532,6.758932431713654,5.921766437672091,0.676844585329851,29.503230343385265,0.20579079229266292,2.2843892975111117,119.43214589297317,0.4955544746967005,84.6901541097254,National Highway,at_risk,heavy_rain,pothole,critical,essential_goods,high,good,low,verified,High
DATA_00368,ROAD_689,VEH_7746,Guwahati,Assam,Shillong,Meghalaya,26.07513270376092,91.06735540276456,25.49529710711637,91.83816604691539,193.9194366926672,6.410251126416061,1659.6526393351596,135.89600879119402,31.506676563399317,78.20132794554198,43.06304760718814,20.251564904129104,23.896032078941587,1,4,5,32.69797096982849,0.7108250967156663,669,66.92422397943812,3.3003113232470755,168,40,3290,6744,529,2842,1,0.5301100596703088,0.814205321393457,0.20862782505666191,0.49276798440984415,0.46281020203758505,0.810612786987698,16.489108912097247,0.9258764212475246,6.206260026145212,42.241763935326276,0.3218138328219768,19.237255227856803,9.854169203148915,8.099525637559033,3.78779479800714,25.978593049962146,0.7745326510793893,7.980936970469278,197.27498729918133,0.224580352322508,34.405350057548894,State Highway,blocked,clear,flood,critical,essential_goods,high,good,low,verified,Critical
DATA_00369,ROAD_514,VEH_5652,Guwahati,Assam,Shillong,Meghalaya,26.260980937442902,91.67426068723863,25.829400094233968,91.62258101628953,185.01582892193355,9.81076425938543,1128.572849342047,84.58079039881932,25.567216447208878,55.072268786978576,57.33326512724805,33.51009701107126,76.07237257773613,5,2,8,45.567168032151386,0.8754597009610656,481,47.24755522896211,2.67743900219218,208,33,3425,3733,380,3046,0,0.6241670241795921,0.23630855001423623,0.7959125771084056,0.8155509417354615,0.5889704825571191,0.6793289402268698,39.92696375783322,0.5463689673726475,3.4361456994548156,10.292912205615918,0.1045289845635986,15.401276404488616,0.8495905845825864,1.5093739357999327,3.450706396056261,22.23667617730147,0.7872059605487298,3.4490025482873836,152.1308839201598,0.31169272280861293,39.6985131489221,State Highway,blocked,clear,none,critical,essential_goods,high,good,low,verified,Low
DATA_00370,ROAD_576,VEH_1461,Guwahati,Assam,Shillong,Meghalaya,26.087381711082084,92.10306806368405,25.474669442705984,92.46773144533266,246.08162312824012,29.154305721914575,1571.4352591828488,55.72194827930869,24.35840640345101,59.210874462499845,14.760083783609323,25.46900346450436,49.68071332095975,5,1,2,25.4491558877437,0.21532245984984738,693,20.699438998481156,5.078099525685657,360,86,1076,3824,1158,1716,0,0.5268555213715864,0.5974855724073511,0.12835682745229546,0.3443830095682854,0.5206723715759585,0.17937341146196284,41.703774892224786,0.2376953881693509,4.67594456529969,10.479968234690809,0.30524808366058903,11.376951534954976,4.596777960700496,6.875179436270273,0.280452740723271,28.249176731602553,0.7453252213046218,1.2861777942703014,100.4247631905405,0.7546957482808232,41.27389841870219,Rural Road,blocked,rain,none,high,essential_goods,high,good,low,verified,Medium
DATA_00371,ROAD_420,VEH_1491,Guwahati,Assam,Shillong,Meghalaya,25.559932493387013,91.74239923704485,25.136561493080396,92.74190944162997,149.5097343780866,9.470567297579837,120.95124009396615,172.51851244171144,29.963251512757477,59.728454781250036,30.381352044054402,33.265459110472094,72.29538800394968,4,0,0,37.90219735951338,0.23733214235453426,291,25.457853974474162,3.472947262015068,224,72,368,13177,1343,4771,0,0.6240687810769531,0.49649140919765855,0.24851029586762366,0.1199613797918854,0.7589019373290886,0.35297068280064325,79.54345285666112,0.7801054850928173,4.4031843127285,39.73926049694796,0.14880637807132008,16.05459639523639,9.988177408729374,1.998634063641092,0.835919363318296,25.193576997669414,0.8750891279271384,5.265648949951762,26.41494983678562,0.37978472496923266,29.590272550023975,National Highway,open,rain,pothole,high,essential_goods,high,good,low,verified,High
DATA_00372,ROAD_115,VEH_3360,Guwahati,Assam,Shillong,Meghalaya,25.842321218409268,91.32201074709783,25.58771315418093,92.48192745601361,52.64069690928209,34.5594847640969,1345.3662503776404,167.52124102734373,33.41298044925908,82.86914144281889,37.08375729574147,41.35636368344386,75.8634271896348,1,1,5,42.924270588829756,0.47956827809394553,469,38.79138112702372,0.6243217002253431,123,53,2827,11248,1023,3487,0,0.27971944166987694,0.20443998855545972,0.42718023108782055,0.6212365416623276,0.5821423162123035,0.34008635711789187,54.003395525272566,0.9278835045397724,5.091783177772504,37.085089425425686,0.07480538185894733,6.1366194487538435,3.5804747738404585,7.228376151858364,2.9217305980641357,13.768889328827475,0.4675854491139856,2.1827191334360707,48.917642640835055,0.6671903861858552,35.5735313624636,National Highway,open,storm,flood,critical,essential_goods,high,good,low,verified,Critical
DATA_00373,ROAD_669,VEH_8011,Guwahati,Assam,Shillong,Meghalaya,26.291163711836994,92.36245138176528,25.513695133287197,92.04769132036695,69.1955990093206,39.74797344791163,744.9276007601347,126.5613644674155,11.469685678902009,50.43522277853634,33.90353929108295,41.83730849573803,30.70543230988717,5,4,8,32.89101459996439,0.2845770206351399,1781,52.867459787983535,5.870318937950873,319,14,2542,1532,1304,3288,0,0.16860322616805562,0.34062042858369407,0.1402815246800418,0.557024483305079,0.6808797106986718,0.5232692178087829,72.67158540932421,0.8703003827988411,3.521197035281941,48.979412377357484,0.35626053599400126,8.467724297573113,9.627087896746024,6.6279451411270935,4.168028615317512,24.635576256743697,0.8857531902292584,3.507422431282639,85.52849136083452,0.5059323883749046,45.923789706557336,National Highway,blocked,rain,none,moderate,essential_goods,high,good,low,verified,Low
DATA_00374,ROAD_109,VEH_3755,Guwahati,Assam,Shillong,Meghalaya,25.565918065591685,91.24974955841118,25.743480315259493,92.13916836896699,235.92409715641315,23.815201853868658,352.253477816089,95.00113214432683,10.36362043754749,90.61980694382196,5.081955107493006,34.56961269151698,27.424320579754315,2,2,6,17.13358261228905,0.1145389649185165,1162,38.84516822124526,4.863036927612867,236,58,1180,10727,527,5915,0,0.10268695066069347,0.5168738220437603,0.7144943581708962,0.5545025050596734,0.17198503089736744,0.30169805359310475,43.433565392214696,0.20198758406458042,5.357663597335904,33.185802386684706,0.09124682945201544,17.261605308633296,1.1049837229246962,6.109456679051497,3.7069126079892962,8.806702945455903,0.3645678631753072,7.169598836081096,70.34684371284567,0.5197224312984585,76.5335354697539,Rural Road,blocked,clear,accident,low,essential_goods,high,good,low,verified,Medium
DATA_00375,ROAD_660,VEH_7967,Guwahati,Assam,Shillong,Meghalaya,25.980028904974272,91.38701983230384,25.244943850045132,91.56586085654776,231.9126521590859,22.58752678495612,1487.0906012502892,131.94994658701802,34.31102089388044,73.17724948733934,42.63633073904733,37.43288211836921,19.499255949448717,2,4,1,18.387337552796584,0.7680261149663837,1012,24.124096754777845,1.0286671100456455,73,40,578,11848,1537,5448,1,0.6554423049636954,0.3637808710411101,0.2132172987415169,0.5586648879221245,0.7438846904578561,0.22006498558985232,16.271977746768886,0.6769414789589545,5.9664031240266855,42.19679440494311,0.3782650444264452,13.62988340280002,0.8704531636654176,2.8310796090623542,3.8131956845214035,11.9433522248404,0.48778106734886706,5.0182992882644,109.38890883532291,0.6023279020566246,57.778435498704226,District Road,blocked,heavy_rain,accident,critical,essential_goods,high,good,low,verified,High
DATA_00376,ROAD_838,VEH_1262,Guwahati,Assam,Shillong,Meghalaya,26.310113311851616,92.05950995277604,25.5390748672951,91.61908280696969,136.60899419343275,18.781436589615446,1665.1058721111247,128.90052668497214,26.315456521230228,73.10025170522351,37.80549295793725,73.69405389002722,87.45167851515328,0,0,8,20.22521345789756,0.8125463330214145,388,21.68403481352271,2.40657840486157,65,63,1273,12285,965,2013,1,0.2819212126116074,0.8301941654593409,0.6097387848552407,0.254122712681209,0.3492584297643269,0.8608279760512836,30.55884260021788,0.9468093305142622,6.024938304542375,10.69587379944958,0.07242030830278015,6.598525610987904,1.762809543859947,1.8523112083406237,3.857947646081957,28.76044413810395,0.586162327906889,3.9881400388825368,148.51421155887806,0.6806330456813501,85.06144885387616,State Highway,blocked,heavy_rain,pothole,low,essential_goods,high,good,low,verified,Critical
DATA_00377,ROAD_324,VEH_1907,Guwahati,Assam,Shillong,Meghalaya,25.764502178329757,91.61259776380135,25.053782106081048,91.66612287484128,75.72967864681382,12.900858426773754,343.6512535741783,155.9299621031118,12.166648028348519,54.037898276398195,53.34382836528173,83.51627515483403,26.040306677585356,3,0,0,46.64278320558614,0.554238645643044,1384,41.36078479463003,2.4296611584174794,94,3,2882,5333,1390,3965,0,0.4982067926849635,0.4435065772248875,0.7011440773314375,0.2795106885178106,0.7519173846954338,0.8129643901021073,78.94124826899736,0.7654395516508192,4.906460171130092,22.482262367557183,0.043116258059191254,14.78271581883778,9.71232145859397,3.749153508959889,0.8885217790988703,8.608164187235646,0.5078642017638186,9.888181738323473,216.72930209080087,0.4098920305667336,76.01739404582553,National Highway,open,clear,pothole,moderate,essential_goods,high,good,low,verified,Low
DATA_00378,ROAD_340,VEH_6729,Guwahati,Assam,Shillong,Meghalaya,26.058334268339742,91.63278362247803,25.491169035428562,92.03278200324763,58.88769349107022,2.2600559287230357,1698.342133614015,89.85970533976054,28.921557460270222,83.72539632448928,11.941968131309435,52.11931129375469,86.21712457136682,5,1,4,28.79843816799828,0.8894925058114133,1143,39.59923090312779,2.800680491102919,228,44,3062,13831,1119,2150,0,0.32084955563285994,0.16127071950669683,0.8412782467687199,0.8034568455334293,0.8070993065702307,0.4270158162850215,53.20443250939137,0.5829775425955239,3.0956030565343196,43.77236731933429,0.20689087481223664,16.01203133052111,3.0758277568101047,5.203733708477198,0.4025979959365522,8.991092290390485,0.242062668110269,2.869241410899539,28.385065184625766,0.48894666345772925,84.61194998553579,District Road,blocked,storm,pothole,moderate,essential_goods,high,good,low,verified,Medium
DATA_00379,ROAD_999,VEH_7199,Guwahati,Assam,Shillong,Meghalaya,26.04768375420839,92.42121141899895,25.150815889886623,91.93716194873913,166.55558898709293,6.771054721930266,1533.9102754721216,56.377261247761496,25.115031178715597,83.80444829190236,13.999482204246865,37.97445364473941,72.85237739805433,2,1,4,15.601716816025819,0.4197355369324971,1515,33.820613846566474,2.05680199366435,75,15,614,11986,1754,5917,1,0.7192880522940444,0.537361583414264,0.16424628216741333,0.21740137614965027,0.2992621064336386,0.7857396225255138,45.03241469223142,0.4300422502235358,5.4042328125022685,23.494526945700706,0.04038607758842892,12.14842778436948,3.0175020955826297,8.869883677184585,2.5134510474760665,9.469252512606914,0.24534101463678892,5.651354726367048,157.00445868304683,0.49384281170210415,11.855928297682059,Rural Road,at_risk,heavy_rain,none,high,essential_goods,high,good,low,verified,High
DATA_00380,ROAD_418,VEH_4212,Guwahati,Assam,Shillong,Meghalaya,26.15651152096504,91.41844883653069,25.802147229956145,91.74243454129454,218.5336664076205,34.17620524568039,301.38856920597107,146.98056145113833,20.03621445055263,63.99299109360974,45.918579826566585,56.95248096936849,10.335302843925733,0,1,1,48.108883003816835,0.49733700837062367,305,55.67649861051916,4.030230163020065,288,49,416,1957,714,2236,0,0.8996020120314798,0.2613155430855427,0.5757396009369005,0.5406070281748292,0.5737813390666106,0.5835126633192249,82.05764504868466,0.260136428602778,6.012650620075165,42.3035091984339,0.08117918915873365,1.6162409248114342,0.3294220779582462,3.680326232842,4.683933909045304,25.332284665997406,0.36849130373341193,7.751912058954906,136.68594746437796,0.26923100287307644,75.81085352101015,Rural Road,open,clear,accident,moderate,essential_goods,high,good,low,verified,Critical
DATA_00381,ROAD_695,VEH_5667,Guwahati,Assam,Shillong,Meghalaya,26.345401003794244,91.95419881269328,25.82147560658964,91.92725378071917,103.87147308804717,30.901265498492144,116.0234948155785,169.18321478262644,13.012008234307414,59.271486275786145,29.065223140567063,35.64198139040768,52.40873108246831,5,4,0,39.71590805186551,0.11810705347387929,440,47.90558544117381,4.2179764268529105,257,66,3250,1056,1265,2027,1,0.5789954409626293,0.14499047824775496,0.2813580838915602,0.18956088987286926,0.43240141335596805,0.44140157715970496,53.67673671482622,0.5839892844356682,3.533482047871416,41.16788942085786,0.2942682454942477,9.929651450686238,8.380937618876708,2.1680063310549813,1.0140130548494346,19.893047302796553,0.7307176583383608,6.703689373214521,111.444388378752,0.5367852422839925,71.9915146354523,State Highway,at_risk,heavy_rain,landslide,low,essential_goods,high,good,low,verified,Low
DATA_00382,ROAD_789,VEH_9995,Guwahati,Assam,Shillong,Meghalaya,25.866336403670743,91.52784698231729,25.867131583171194,92.15065168694348,23.3880097347109,19.001530508515632,1207.2641345614074,75.46055839015897,26.72824190335843,63.192210076279636,48.912140445722486,29.446740857736085,80.10711693481288,0,0,2,48.740306768699014,0.22981541139053024,1788,26.077083718293558,3.717941054770968,226,77,2939,13507,1083,5417,1,0.7775327471249873,0.30766527890211814,0.6331054358015049,0.11593848102649176,0.7406776156573535,0.6457922082104628,39.955511649254895,0.5276979957879171,4.688119531122576,37.60374162149255,0.32334217972295337,5.672248534733201,8.5271037729749,9.229516143975118,1.8233856073387504,23.714195292369094,0.8142303150916497,2.2783380061759364,97.41716412720612,0.7150599157870416,77.09836507235306,District Road,open,storm,none,low,essential_goods,high,good,low,verified,Medium
DATA_00383,ROAD_764,VEH_9563,Guwahati,Assam,Shillong,Meghalaya,26.26684375299534,92.3391820540477,25.156540746108213,92.60309500974003,181.64774344901178,20.253023469852348,1281.224846029733,1.7363135454461687,25.50006950985521,88.9566140249067,36.78380178311799,40.19908784276285,78.42235642244513,1,2,0,32.61862261078167,0.27631251826039005,120,35.071388674108206,1.0892530907857871,247,76,3515,14262,452,1026,1,0.7865213228978702,0.13748057572460237,0.1807472012537774,0.8292735700086847,0.40164559171361425,0.6757561228557134,68.4555468449592,0.7357302160005057,6.319964671533409,49.56647020224772,0.3921055488108579,14.267431859115,4.161942805249752,8.147691281181665,1.1554419870580208,26.6933989777636,0.6301251434069218,3.9699535972926983,94.71809322937494,0.2635006559299728,10.251221254975578,National Highway,open,heavy_rain,accident,critical,essential_goods,high,good,low,verified,High
DATA_00384,ROAD_225,VEH_6243,Guwahati,Assam,Shillong,Meghalaya,25.972458654990657,91.8277142942357,25.320951616350264,92.49439388281637,218.77229515886629,11.863913709006317,332.5867550687097,178.85251766431523,29.260710305787626,90.76247770493332,54.918405503759985,43.066105891038475,17.87844427465582,3,4,9,23.19735769726065,0.39769281008885415,1252,44.8875269691235,1.0415430655890245,215,33,833,7166,1609,1273,1,0.22862092391897884,0.6874815963706516,0.11508862467711137,0.3365086423562043,0.334175023049901,0.7067027076372252,73.9803083192875,0.47735878958386485,5.922090916608459,21.207344061986056,0.31915043906349533,15.690118124998685,4.791925421246849,1.3301061929980467,0.3232892767169676,7.543640514335868,0.5224847945757354,1.550315182225336,137.50905658576775,0.28575213144092004,40.74192631573019,District Road,blocked,storm,flood,moderate,essential_goods,high,good,low,verified,Critical
DATA_00385,ROAD_642,VEH_1261,Guwahati,Assam,Shillong,Meghalaya,26.27631668884838,92.33300091075488,25.296506850580407,91.59476476455255,89.39424556306464,20.2838686947079,1539.3494691799579,130.07881709200333,27.641945641305064,80.22735236695449,26.08274528935238,31.33983551996629,23.820665676790938,1,0,7,24.084605812804575,0.7013926350738241,1503,46.40386536822715,5.896958454037108,260,23,2473,9457,914,1274,1,0.4332955683983014,0.3005373366839096,0.10822847750973433,0.6221621208928108,0.40179756094928176,0.2654995390404274,48.47643581175564,0.2506983484681702,6.4148005315146115,43.39339366746152,0.1408590648816551,4.92401742129403,3.5149216073811727,7.539662211659614,4.834475663335876,15.022168322631714,0.4922982698987423,2.245268398696264,160.8419627190424,0.35252167601273604,52.32110585644088,Rural Road,blocked,clear,accident,low,essential_goods,high,good,low,verified,Low
DATA_00386,ROAD_810,VEH_6482,Guwahati,Assam,Shillong,Meghalaya,26.280172097463282,92.16613116378319,25.25970824067314,91.9509090760698,25.841849879026082,32.29858195784209,992.204714597042,93.06224573652489,30.85609708055558,84.74012845393688,31.08459525555978,60.43973534754219,69.37629645097732,4,3,9,48.494758320362806,0.3618975078831982,1020,41.45321516377655,1.9155480770082332,34,40,985,12170,1643,3535,1,0.46018547450168723,0.6893963067155479,0.5001533007346317,0.8054687050782049,0.4998491627614494,0.37120074238933265,32.828373544774685,0.5272506437294466,3.2054596262435426,13.078977640478765,0.2781809150340204,14.38481038354669,0.4706882369827668,8.480562106008133,2.63484370930761,8.679064446143474,0.3266493725314722,2.8905210177810527,115.5492703888961,0.786105345123757,46.43533332863016,State Highway,open,clear,landslide,moderate,essential_goods,high,good,low,verified,Medium
DATA_00387,ROAD_766,VEH_9029,Guwahati,Assam,Shillong,Meghalaya,25.925926369478905,91.18103802169165,25.49181979974067,92.04981469969225,33.15741843931896,37.860331806925444,600.6976020928089,26.500507345692505,25.41970221009867,74.44378995699958,11.271102435084106,38.77434066385388,54.19897461184759,0,0,1,35.19935681947368,0.28615116496313775,867,28.78607106953746,1.0696094602011241,247,74,232,4396,1497,2367,0,0.1236703807025478,0.2441462740115962,0.4305669367009508,0.8688648818966563,0.5549111175222006,0.539674437128986,21.69587515132035,0.9344737419326796,5.820529173940173,20.64564293157599,0.3376483125732813,13.893557016200518,2.8326487113197554,8.459427324659298,0.30275011145706743,18.659179587899388,0.8078460741789415,5.055192546404734,223.79606663874023,0.7316312485451157,83.72729195120193,National Highway,at_risk,rain,accident,low,essential_goods,high,good,low,verified,High
DATA_00388,ROAD_955,VEH_8517,Guwahati,Assam,Shillong,Meghalaya,25.683539809687474,92.37523051291328,25.3767351178644,91.79103978580724,46.02046600353615,35.75054574767103,1474.1778504026554,123.3451594556902,13.997742117047572,62.53866758356533,29.398069372979684,88.52215421882732,83.27038321209372,0,2,9,15.186528108251045,0.27783392046632005,1252,21.625565715667953,2.687341940844628,196,33,449,3560,1016,5944,1,0.18698056756783013,0.5828985167681207,0.6905280804914907,0.279893065257195,0.4696138662142416,0.2264029442745833,68.06774418449356,0.33513677310711587,3.2389986042162424,44.44715949505765,0.09534811317397549,4.041241124282372,5.811400855743549,8.400218117896841,1.1110433693253126,21.305435085251556,0.40892559798403183,7.951636910951958,208.84844024910436,0.24164977735137227,76.4356138887686,Rural Road,at_risk,storm,pothole,moderate,essential_goods,high,good,low,verified,Critical
DATA_00389,ROAD_371,VEH_7121,Guwahati,Assam,Shillong,Meghalaya,25.523394923304345,92.0841789357428,25.505665494942384,92.20997104991453,89.31110402714341,19.237456685263513,104.74166953401955,29.916799512011238,28.704592156254073,94.7172788631354,46.44455438631087,79.25412700304845,11.736031871823167,5,2,5,16.560819775591867,0.108183650166436,1564,66.11830268177492,3.6077461002697637,117,76,390,3718,681,1536,1,0.7213036049919103,0.8555971819120233,0.8056933689942841,0.29055728685674975,0.12605954575236336,0.3072384508980148,55.06956222631694,0.225946089540319,4.852448418416142,19.006822160885548,0.3913475864980773,18.076292909537788,3.6152598960679803,2.7318565787776983,1.0314498533797694,5.164013534300864,0.3174408985024315,4.217687976398475,34.16582595290206,0.7667112474290108,82.46945598839284,District Road,at_risk,clear,none,moderate,essential_goods,high,good,low,verified,Low
DATA_00390,ROAD_932,VEH_5666,Guwahati,Assam,Shillong,Meghalaya,26.19514260279661,91.31222687241191,25.19364104237447,92.50849429159823,64.33206439974768,39.593802041042565,375.74204952063786,51.062382900274855,31.245047123411627,67.73514115334406,13.976625893751176,49.87283154769531,10.579396970180106,5,0,3,33.809127255773774,0.3774556968470254,1629,57.02094612209715,5.9990167137094,148,15,717,14625,1915,3107,1,0.17237269378717118,0.8037630592571946,0.14602576759058838,0.7240605970224128,0.7010854756739392,0.4142574388567025,78.53714653268162,0.6587963983480454,4.823581054934669,34.59152285274783,0.3450201540725801,19.0761980568796,1.355463080092525,3.1845417596610455,2.482064865584988,9.952197908471142,0.5367854820329696,3.780910054534549,108.63143345354064,0.31203717847091383,82.513155350022,Rural Road,open,heavy_rain,none,moderate,essential_goods,high,good,low,verified,Medium
DATA_00391,ROAD_819,VEH_4753,Guwahati,Assam,Shillong,Meghalaya,25.599874559652935,91.55856555959716,25.722547124332056,91.66654148718268,117.41700579705316,36.264107682028374,1716.3441104137755,61.54160895931824,21.836313701887043,56.801514663175425,51.917587168352874,64.06887199168403,41.89134553186566,0,4,2,28.40832984895256,0.8178392821890488,390,55.060976082609905,5.396959278095212,247,15,2037,14248,1869,2772,0,0.10360757452894385,0.5744731912513923,0.6278758152832191,0.8034876080336935,0.8219086066995841,0.35232403799629164,24.620000339550877,0.2458133156842656,4.285354199290678,16.648613722667257,0.08870835773869469,3.0119997277341586,3.6675621835337266,3.0724453310708597,1.6593244803929974,5.248327351695868,0.2658610037686977,2.888953592465505,198.67593576315159,0.2702572592148235,61.187780562083404,District Road,open,clear,flood,critical,essential_goods,high,good,low,verified,High
DATA_00392,ROAD_483,VEH_5117,Guwahati,Assam,Shillong,Meghalaya,26.359969542408678,91.22998813507051,25.09342431650846,92.20883304929097,182.88507609283073,20.43434955819223,532.4329791075015,106.43034534885874,29.947375296690662,64.4601236396919,56.24739758434544,75.38518479214827,57.25606094618599,5,1,4,40.75838195136549,0.8753017366374949,719,58.58303857696486,3.157063854556605,51,55,2218,11388,1082,5606,0,0.8693139327107048,0.8045020892290958,0.7060429523596498,0.571129367289351,0.8889418694865109,0.4439987024920592,21.669250168336855,0.854455309459071,6.3952990212097705,47.710241096365394,0.19713235028145132,4.152653965842521,4.779245485520617,5.886115364652943,1.4491806164396925,15.832274942647127,0.2401310393094591,5.677887946381358,168.22145796029002,0.7499271016498772,38.74218150093608,State Highway,blocked,rain,pothole,critical,essential_goods,high,good,low,verified,Critical
DATA_00393,ROAD_593,VEH_3053,Guwahati,Assam,Shillong,Meghalaya,26.158462148789326,92.16837796011882,25.36241259653228,92.70117110298364,218.3206133502131,29.00285557033061,1184.0015246519672,86.00866931897119,17.972053389458697,66.79544704859622,48.2154582232842,47.42530809204362,54.43593153895377,3,1,0,21.041472862845968,0.7956611058137599,117,57.74909939851222,3.433060005370011,210,84,2803,7647,644,3356,1,0.2376826676873602,0.4289513241571363,0.5711859092740955,0.30156162906176975,0.24422408131431983,0.11016990000390808,74.57571578177422,0.3271452948055356,3.5645019530623725,16.501009835506636,0.3010693074241865,18.519104325749073,1.054457223543825,6.127584443692706,0.8750155416884142,5.2861167840773255,0.209411313562387,7.319490879000114,118.93872535783255,0.31916865618551293,65.48992481433393,National Highway,open,storm,accident,low,essential_goods,high,good,low,verified,Low
DATA_00394,ROAD_168,VEH_8818,Guwahati,Assam,Shillong,Meghalaya,26.335953871049288,91.97052386074519,25.018763055780354,91.80107911675334,37.22037033347425,11.966495669672709,1353.4505173000614,149.58794728319288,12.110054823555204,59.88227096239078,25.390454657121403,34.05545381987118,59.53495632269178,2,0,9,19.706407305682255,0.3383029033920402,1049,24.682307350204695,5.72300739404093,143,48,3690,1094,1723,1283,1,0.8720724345521192,0.8454113872580326,0.21485293186547505,0.48868282830164333,0.1298174936793494,0.41997940111748333,43.01632939102359,0.8926016585068071,3.2768212313983303,39.934491937752156,0.15729647251603943,16.788115650194257,0.7379504311473357,9.78054812493427,4.351541963584688,14.773057937879152,0.3528720460541403,5.731494198881491,236.3634135920363,0.2072263576858323,55.795432523229366,State Highway,at_risk,rain,landslide,high,essential_goods,high,good,low,verified,Medium
DATA_00395,ROAD_988,VEH_4247,Guwahati,Assam,Shillong,Meghalaya,26.286500710326184,91.17199929072444,25.642914123362726,92.53033347355115,79.56429828044985,18.0990515308455,1311.33720396728,80.0447208338173,34.12494000704453,63.48516260217696,56.628018066307376,70.07913304075542,41.1271526509321,3,1,3,24.66076248509799,0.7537018852693166,338,65.76965933623381,1.5814506823473928,121,59,2124,11788,1095,5187,1,0.481287032073867,0.436178612078998,0.8348691329482308,0.12531686080688137,0.7869224470409544,0.26674259179853865,32.57055016091735,0.41923811648074955,3.322344004602396,34.947027556502235,0.27585273684787137,1.8550550755634874,2.918943427681887,4.857101911899953,0.3473071930327065,13.194844957133382,0.4381266122315879,5.604373506861263,124.31056744939747,0.8986037839992334,76.8714754857009,Rural Road,blocked,rain,landslide,high,essential_goods,high,good,low,verified,High
DATA_00396,ROAD_890,VEH_5379,Guwahati,Assam,Shillong,Meghalaya,25.577769411866235,91.74431538397317,25.21902429512641,91.94895559144706,199.60810279179702,28.49866228509382,1453.4219677286599,7.411746671772481,22.524579060061782,67.49245308911038,19.054063295386275,59.9190825466803,89.79465842889563,1,2,8,20.792772863527677,0.7993171768988484,1682,46.8033107257348,4.599465021786613,223,17,1912,10165,1462,1239,1,0.6505715278840689,0.2383652818075418,0.5125741567246522,0.6871537667876352,0.3129763308955387,0.6222695649390693,83.54769965268288,0.20240967755552444,3.7306098123374194,23.556141921024473,0.10329321823427529,10.516336408358377,3.504718352355437,8.970727457229575,2.408543964546863,28.59016244633438,0.32206675457923983,4.517333481721706,87.66860367918432,0.4249009605211087,57.197310092095066,National Highway,open,rain,accident,low,essential_goods,high,good,low,verified,Critical
DATA_00397,ROAD_400,VEH_4639,Guwahati,Assam,Shillong,Meghalaya,25.95561069626502,92.43427757441845,25.522550286814003,91.85854957756372,125.11837856309671,11.950309228409392,773.5047998812828,76.9213893188832,19.379412062904684,74.4004492749265,29.82547455562855,65.62776377358526,78.49112770044965,2,3,10,45.74645936151834,0.3051257723337256,948,62.45398322766789,1.2225548232860952,228,29,1855,10067,1957,1450,1,0.627297254186479,0.8058144372344423,0.16970233630816461,0.3982136059789444,0.5140233561190654,0.5871430133059822,17.349064914038564,0.24485785113174122,5.448156806643702,28.112458728366473,0.26133458372961565,18.565553391127146,1.8359841857349402,8.58810965709365,0.05546487037356773,17.925579828781157,0.4341650517933576,7.277538769616173,171.20771772625272,0.7863395504166901,40.80469967152706,District Road,open,heavy_rain,accident,critical,essential_goods,high,good,low,verified,Low
DATA_00398,ROAD_621,VEH_5024,Guwahati,Assam,Shillong,Meghalaya,25.711274028025937,91.59453706983157,25.64461211442971,92.36563347633397,25.118228927309605,3.264115473803244,787.7375789039241,161.8965496612407,27.52107605178998,89.94488087083667,11.613352411535752,85.311117093971,24.642911395368312,1,1,7,21.419350763574535,0.4282500915995392,1073,65.56122778901312,4.033051938166104,71,78,266,13633,1348,4603,1,0.3632774604441522,0.5019050881858319,0.36359230683000543,0.5782357740899214,0.7611612918775726,0.40976866168217774,67.60009105777169,0.6294808474260012,4.19922311878622,18.17401328822372,0.12146344428987652,13.915008950612867,1.8577676223552277,5.6353353280007505,3.0895867149702445,26.195431333727207,0.7291572238289155,9.886702780412469,30.415838896672955,0.7906842330130848,73.90559732571654,District Road,open,heavy_rain,flood,moderate,essential_goods,high,good,low,verified,Medium
DATA_00399,ROAD_883,VEH_2273,Guwahati,Assam,Shillong,Meghalaya,26.045065044345844,91.60220908391618,25.723288494667276,91.53866141087767,109.8734561902622,7.281958844367871,417.59233941280115,21.23068306598421,11.529806249316149,53.13776625767247,46.965330980399706,60.451630392411936,86.97258572349908,3,0,4,46.37097389093112,0.11186402722934821,492,67.1752691304626,3.6911912910450155,120,65,3637,11087,464,5541,0,0.49243044924734847,0.5494818279380705,0.43494365037934735,0.35828652957544027,0.8068554208842778,0.2632588194168508,71.29979764175883,0.547737916319279,4.744137716966494,28.301645737152615,0.26620644469149474,18.373982418470415,0.2595428737413572,4.805997784444888,4.15229258343432,20.268649023475966,0.32013096946222774,6.285810415651132,60.490391267810615,0.3443727851105802,65.63648318729305,State Highway,open,rain,pothole,high,essential_goods,high,good,low,verified,High
DATA_00400,ROAD_725,VEH_7857,Guwahati,Assam,Shillong,Meghalaya,25.949641153415918,92.49082585476765,25.598814399388672,91.58256222234674,98.19507381685811,28.10933938327096,1015.6339850025,115.15205911003595,14.746272974087251,66.55389909916266,59.79287842958569,57.13513583964426,86.68720066508007,5,0,1,24.50440312266356,0.5491289491204189,1149,57.12495743325866,2.0286483773796946,155,6,3056,3403,1903,1517,1,0.6797433468030524,0.18931683548858924,0.477180781972396,0.7880259151901187,0.1044643067500867,0.607214149099023,81.76937106894341,0.4033094800821897,5.600349681543731,18.871759974301106,0.12726525363580257,3.164057832442646,8.853676278315174,5.749335439645389,4.31848722530921,23.96558681557558,0.8447970042844379,1.9266053394714222,171.3605617467736,0.3768184238503801,71.79190372283384,State Highway,blocked,clear,pothole,low,essential_goods,high,good,low,verified,Critical
DATA_00401,ROAD_259,VEH_7754,Guwahati,Assam,Shillong,Meghalaya,26.13081076218444,91.06379692755192,25.87983550167027,91.76466321081232,138.03082074741937,9.58909989670165,1017.0160923410749,80.77829420155227,22.939534641918144,90.42143899185649,57.85168906483917,24.591299308823878,22.74672234184215,0,0,7,20.257792424442055,0.23248352170370978,949,47.51338935414449,4.08205094028751,181,38,3650,9627,968,1147,0,0.4661146232325146,0.5130721122481963,0.6278168653217173,0.8727526565723362,0.8611275766190701,0.247080574283516,60.2792100808387,0.6735094082110193,4.8963082724012885,13.55269255496918,0.04067170140168057,8.960019053942718,0.22138588834723,9.433532985530993,3.4271148261552034,22.98080869016066,0.8191908130499896,4.463906032794833,49.79020479012549,0.7598663555873446,42.49156081194467,State Highway,open,clear,flood,moderate,essential_goods,high,good,low,verified,Low
DATA_00402,ROAD_531,VEH_4188,Guwahati,Assam,Shillong,Meghalaya,26.17251783535894,92.32354473618301,25.280611032764043,91.7838446402839,204.70578258349212,33.94553293761788,748.5248250615888,43.21939358474372,26.2740184336678,78.88662607512384,23.370433486309572,56.53444698179272,75.70562057199773,0,3,0,31.959353994575583,0.10469574380649914,465,20.547601184168716,4.605082684187539,103,38,864,11774,1065,2660,1,0.5773366035137615,0.5684535031916188,0.8510303612114999,0.2249680814553762,0.27826311861592135,0.3913854911842586,15.626845529562026,0.6134897770889439,5.717858647561975,20.650405159555735,0.2615289989696129,9.575634410204826,8.264597095551725,9.341604034140286,0.2939938474418813,20.251121740177744,0.6543176400119926,5.039733804813939,54.66831275534204,0.7279500544484763,29.382643923421277,District Road,open,heavy_rain,none,high,essential_goods,high,good,low,verified,Medium
DATA_00403,ROAD_934,VEH_8202,Guwahati,Assam,Shillong,Meghalaya,26.289772848540668,92.16832669386599,25.278381352720185,91.52114883558576,75.90646111184292,15.484672713634547,780.1832847745521,125.71221662713356,27.54215960800224,87.81800679469964,54.43737889119345,58.27490449161018,19.50851521031747,3,2,8,45.59974066979987,0.5559644428001013,1120,32.4384841016571,2.5319127404723223,234,52,823,4237,560,2790,1,0.13075229752754858,0.42258572463272326,0.47087417009066945,0.7203702665861214,0.876124802404282,0.4262021022063721,55.97150217859678,0.2970108250500627,5.2996492842670815,33.259072992328385,0.30648170821428666,11.772004690135534,4.949098325404138,9.202339259519242,4.437326627469701,27.626986573297454,0.29442191216309593,1.45447946013393,82.72876584417321,0.6233825390570193,40.956127157520584,State Highway,at_risk,rain,none,critical,essential_goods,high,good,low,verified,High
DATA_00404,ROAD_453,VEH_7176,Guwahati,Assam,Shillong,Meghalaya,26.11027282465448,91.8850128118919,25.889687537759414,92.28106330077719,208.85781821231234,17.844209485723788,1099.5790992318268,13.080862417591419,28.430923782885532,85.60064876683589,45.37088070175713,37.35638398731899,35.649301261601224,3,4,9,34.3496109598736,0.4819673947403509,918,47.79889461203213,3.051952216071155,283,57,2702,4068,1062,4453,0,0.3408863015259388,0.29764724525694214,0.5201534937183058,0.13908458663974585,0.8580216936286303,0.7459835305897514,77.66489626884913,0.809823852295164,3.256575193778882,13.825825848391835,0.1751089406552156,4.80269928618765,5.373225934141499,2.706394551578419,3.822179086487389,7.115944801784658,0.893729486228811,4.622058407132267,31.599466323809906,0.8277633722614419,33.16742914765527,National Highway,blocked,storm,accident,moderate,essential_goods,high,good,low,verified,Critical
DATA_00405,ROAD_991,VEH_5657,Guwahati,Assam,Shillong,Meghalaya,26.231089189170177,91.84603449408766,25.217727156732373,91.653671405626,66.94880618762093,33.922879378823254,1479.5965766709298,130.38780580802805,22.392653584740525,56.85375847332924,39.95622807293316,58.049483320902375,20.591620822651393,0,2,10,35.700285408283875,0.5321169521497413,1419,36.36124954850348,4.192490019728202,182,20,3240,13876,1666,2009,1,0.8268725693902762,0.3636052168672367,0.8756967944468317,0.6191716143568258,0.1444889635955703,0.2461211635680928,38.57835321288971,0.3740956270935772,5.911628277115694,32.80910817756893,0.27130729173269097,10.205106004127842,4.380936260487513,6.477680872989331,4.001998048361573,20.55963138924487,0.38271314569629367,9.151696656524914,115.15272317937037,0.8407615881888928,55.47080274830166,National Highway,blocked,heavy_rain,accident,moderate,essential_goods,high,good,low,verified,Low
DATA_00406,ROAD_730,VEH_7692,Guwahati,Assam,Shillong,Meghalaya,25.909040146324813,92.4046709447301,25.430613432615033,91.93316718691305,130.46713624280017,35.41517652693336,1388.0826316745442,15.331511387932677,26.290934740631265,82.96428798800697,57.99714112593547,40.32657809160789,77.73001671238396,5,2,3,25.83670320866114,0.7363221522532494,729,44.53762600482534,1.1628378771954537,113,40,1123,2188,1644,2490,1,0.6283809221903849,0.3525988331462159,0.423763353210289,0.11018618376153588,0.49696051174516664,0.4966944646623688,59.96545107565133,0.2549559397417812,2.5111126139333813,49.62317376455117,0.2586200675025002,7.642625273615774,2.4124063186841336,1.7754489393392499,2.877993686564086,21.581022586550308,0.8761987263820465,2.3195147831372025,100.04333639516194,0.6354096168350248,76.86600839127817,National Highway,blocked,rain,flood,critical,essential_goods,high,good,low,verified,Medium
DATA_00407,ROAD_417,VEH_5506,Guwahati,Assam,Shillong,Meghalaya,26.3466286543649,91.42991673815939,25.60893371701304,92.5136499416248,133.4779291539486,9.348296731552136,143.6435770592351,82.73193245572344,28.74481029040534,74.05452969461103,52.630075269020296,74.2126806511319,35.21705924656693,1,2,2,17.29911228496711,0.8749445014289319,110,54.591410993390035,3.0873981771950696,194,9,3384,13403,1545,1484,1,0.6038999499923945,0.8819656367237457,0.6504489276251979,0.7826656864955948,0.8799905917482372,0.17186273624492437,63.65535636784478,0.9207602094341625,5.907136499771669,16.658348102533218,0.3279387287176461,11.22604509643242,3.601710164315094,3.411860877015272,1.9176333096841596,29.290013360938655,0.22592758255834117,8.325487462135932,150.627488298914,0.44781241682334566,10.116449799724307,District Road,blocked,clear,none,high,essential_goods,high,good,low,verified,High
DATA_00408,ROAD_782,VEH_2916,Guwahati,Assam,Shillong,Meghalaya,26.421825501310614,91.07033651299714,25.49189693347557,92.1146333478652,31.633037742696565,36.017506493153995,119.2234545895065,81.34051134365026,16.145748848516625,87.29935739973315,5.693080458233854,41.80376658085975,81.42307598099603,2,4,6,19.103038339951397,0.321033143906069,137,69.72305139941703,1.8675451489026724,309,19,929,2334,1947,5320,0,0.6447780979216462,0.5708530806459126,0.4149249957141009,0.22825491289603805,0.8518173142577149,0.6851079585546588,31.698318242742907,0.4788100442774885,3.495505440303008,42.83070908307676,0.27424921631055516,11.538975638057764,6.908028527315651,3.5083107177546484,4.860509287319077,23.593578417048185,0.6620500312102677,5.807603812697262,27.800704234087053,0.474219499716067,22.595827345896062,District Road,open,storm,pothole,critical,essential_goods,high,good,low,verified,Critical
DATA_00409,ROAD_156,VEH_4110,Guwahati,Assam,Shillong,Meghalaya,26.104901403080326,91.70263412557522,25.26364710815254,91.52686453054903,228.81310363607568,28.953171274154627,1630.0046085627152,37.1963876191623,29.052177810784784,87.81942218124952,31.806010546843943,55.39123878172335,87.1963635713572,1,1,5,34.543620362161676,0.8939201651145294,187,49.82904321260288,0.7256444944796239,90,76,3064,11078,489,5330,1,0.7925221754453055,0.1630886142961711,0.2597537260100212,0.784927087488583,0.21620755082819976,0.4118380986367006,22.018198272119427,0.4514643233480707,3.0286046028163294,21.027082071764713,0.2939165255327448,7.431563792054853,0.6610478144922861,2.4670843646159946,1.9967034921410987,9.661768052380456,0.2835134117156779,6.345996394051462,115.73752337901608,0.40668803226900463,46.385747074318154,State Highway,open,clear,pothole,moderate,essential_goods,high,good,low,verified,Low
DATA_00410,ROAD_385,VEH_5854,Guwahati,Assam,Shillong,Meghalaya,25.98024769668586,92.04733587755166,25.789959334259517,92.62260617160327,176.14610266010368,24.82354842416484,1254.14969856574,84.66907294140532,13.43966594311108,78.8257595918551,15.817747633129759,51.065512914583465,15.081874304577978,0,3,7,28.66405286719221,0.15874299301430145,1364,48.614746905475286,4.510570659051424,325,34,1925,13987,1295,4074,1,0.20581641717421775,0.4259561430204032,0.2985577423972896,0.6624984071191795,0.5609744153972084,0.8382792711423399,40.431145848678355,0.9321672775611809,3.9534338626613654,15.514715835166065,0.3817497261136919,8.302978749571562,7.450658688241852,3.710861780852041,0.6486993794877188,17.15404529365795,0.5888668092716571,5.035819188158504,73.61841111660854,0.47178312884163565,42.102781563054734,District Road,open,storm,landslide,low,essential_goods,high,good,low,verified,Medium
DATA_00411,ROAD_756,VEH_2437,Guwahati,Assam,Shillong,Meghalaya,26.146979351589735,91.64340221061538,25.83741968131076,92.31099759942684,155.18671980319243,17.056611754303947,118.613286773025,42.967080608867754,15.408890095845173,51.971078154865154,11.504609580069882,31.543616310575285,74.43952723788018,0,2,0,23.304015899958525,0.12304999317623606,847,26.7627806303298,3.8457052517131545,203,20,3020,4277,1871,4668,1,0.5547389594762975,0.6568910455552089,0.3933344735578609,0.7859744913107986,0.5595824816779331,0.7595038603941973,82.84230677388325,0.23124501956369162,4.623607334110123,34.93123940128321,0.06912096647735633,11.13547701520679,0.6213796161403492,8.767362011246924,2.317342659414443,27.930786537887073,0.8632656525455242,9.410002817641807,173.85689949526014,0.3804527064258171,31.86834691851284,State Highway,open,heavy_rain,pothole,high,essential_goods,high,good,low,verified,High
DATA_00412,ROAD_674,VEH_2978,Guwahati,Assam,Shillong,Meghalaya,26.218366261929454,91.89286444771241,25.347860773125667,91.95550827673235,68.61311581120273,28.35246006281603,1606.735541121997,166.631196135938,31.131706104239473,84.29400775475582,26.897530249650025,48.43011037247641,79.35646603576778,1,4,1,35.89912882296047,0.6486629985034148,405,26.167398576931447,3.890920558741157,56,40,3064,7674,1078,998,0,0.8756059754587272,0.42671104134648397,0.7486880565881674,0.7722851642342792,0.34767753804779505,0.43844575304081057,46.33514643262289,0.42224951786311193,2.565159935671738,44.54770971546977,0.0672551746057452,3.9310039907516465,4.33167385039938,9.293550160936602,0.08017715554989202,9.918508297450739,0.7598438955546443,1.5659904501866717,138.39277220638343,0.21902119777876422,39.956706139381424,State Highway,blocked,clear,none,critical,essential_goods,high,good,low,verified,Critical
DATA_00413,ROAD_155,VEH_6682,Guwahati,Assam,Shillong,Meghalaya,26.02655930399923,91.85812241653173,25.37341968066207,91.73301556134491,89.51108721839086,10.755179657167552,455.62099529058787,130.65042610664298,24.768265434801066,63.84158335555489,36.19421947445092,23.963008297054937,40.030093770402175,0,3,7,24.247505110631153,0.696270003112357,537,24.853691041473073,4.96407767950972,269,74,422,6231,1780,4670,0,0.558135610422944,0.6882717733380312,0.7067770161806689,0.8459247083944847,0.6097800110315011,0.5252136790624834,45.4309060239022,0.7576957497935521,3.7641335553898436,22.01376940238845,0.32740605664013306,14.651592133102557,5.891217234023804,4.867166735014912,1.9417162941833848,8.07638357462901,0.36453602341089986,8.929961166533992,185.53369072553866,0.546427307163851,60.17610172662296,Rural Road,at_risk,clear,pothole,critical,essential_goods,high,good,low,verified,Low
DATA_00414,ROAD_371,VEH_5003,Guwahati,Assam,Shillong,Meghalaya,26.35553868119403,92.20856605070519,25.100261588123903,91.74129116619471,25.872689998135687,3.8686890701642334,711.7971966805106,33.43237545119561,22.22172272240659,59.765624355781206,51.76698751714739,30.055952208595166,66.51745534163975,1,3,7,39.45110344713203,0.270161144650781,1497,26.663071069990583,3.610373254795396,237,37,1261,1654,681,5493,0,0.3577280118469778,0.7104692528478241,0.7523817205118125,0.8478170562022586,0.8166156170615596,0.468151464319599,58.21180597068843,0.6453044905480415,2.854808734120753,17.47326649972418,0.3244897681310318,4.14142012109328,4.839298057561909,3.130813804250546,4.665260229599052,8.986341361670636,0.7046510359230804,8.807195723379625,171.63375192624,0.23271386694656668,29.063877872234887,State Highway,open,clear,pothole,low,essential_goods,high,good,low,verified,Medium
DATA_00415,ROAD_404,VEH_9104,Guwahati,Assam,Shillong,Meghalaya,26.15984290890844,91.90697493692103,25.525271238009264,92.6562953873764,22.091342016532614,4.479829177890966,1243.5353444632992,111.03252078594114,18.284985613055206,64.44869547181425,9.625703826949461,78.99187884338969,65.20348450070412,1,1,8,19.43932053733222,0.4112032178496059,1006,36.1803727732664,3.6261670574061124,341,79,484,4305,1428,2711,0,0.12356356384623153,0.6732968022366659,0.41467813127399933,0.3274768053572257,0.29668391474154043,0.6387477049513188,27.901353866919703,0.7687760474113521,3.053200430048043,49.71580851835513,0.12598211311897137,14.769420510549617,1.6753688227637658,2.1545288744186477,2.2470015834063073,16.671553220291422,0.34262642307179725,1.6788901293837069,224.508130836075,0.5543624199173629,86.80723847971552,Rural Road,at_risk,heavy_rain,accident,low,essential_goods,high,good,low,verified,High
DATA_00416,ROAD_135,VEH_6489,Guwahati,Assam,Shillong,Meghalaya,26.114362674304783,91.25419857677711,25.503423361451542,91.89550613593946,164.94013440730203,37.16949788109131,244.18438700940015,79.73097101316468,30.602289594261638,78.81409318209629,48.50969727295092,40.82578212734103,14.291659672425041,1,4,5,46.42323998631585,0.3161989093929686,1483,52.40018817355564,2.888808593920138,217,64,884,8012,1228,4342,0,0.39700021486982495,0.8408029794837257,0.7734858866092356,0.44375994104389227,0.22792082437153693,0.7742157044411291,32.15771846071776,0.5036284755407474,4.013808572219922,42.194010170804454,0.03989678018134291,13.58483499780391,3.6969357342725164,8.622545645719338,4.047863071554778,15.088499986201182,0.868639671480838,3.361349355524617,117.61518485105718,0.24968163965573276,55.89412775505582,District Road,at_risk,storm,flood,moderate,essential_goods,high,good,low,verified,Critical
DATA_00417,ROAD_654,VEH_5551,Guwahati,Assam,Shillong,Meghalaya,26.342113547006665,91.89723537999683,25.07738680584496,92.27836472606705,182.39511174261423,5.97051329808911,826.3238568488424,166.55606999372006,24.73193275557697,77.90993843222769,22.32467360617755,41.95078872885125,79.34203283911684,4,4,10,35.90253863168515,0.7403485576023987,525,27.146122613380122,2.7932026294091825,253,37,1086,3089,569,2722,1,0.8145506345093609,0.18114341575361667,0.18067544196217336,0.6748808297398844,0.5685790640347526,0.8476482920677667,52.35672158293955,0.6881873880026665,4.79726165052184,36.421315630383475,0.20407399687508798,18.294360592829126,3.4295341688096146,3.5948497732092726,4.663928126522684,10.699460814050925,0.21139854716404258,7.298229237341194,66.05181194199321,0.515301016761781,69.30500072181928,State Highway,open,rain,flood,high,essential_goods,high,good,low,verified,Low
DATA_00418,ROAD_616,VEH_9055,Guwahati,Assam,Shillong,Meghalaya,25.564213982576465,91.77008773134297,25.50118697081771,91.68374696136782,241.99392832529998,37.68377939546774,448.5502233015528,54.030818276647466,23.14648979212344,74.57162983120918,31.569337719525926,43.087944805685524,53.73244343550867,5,1,5,44.67370238270095,0.1539140307184031,1169,22.473794812120374,4.3364065283812,132,89,3162,5184,1478,3931,1,0.3447578756066479,0.698074722168099,0.5599635219541692,0.529184120729366,0.7958723364385241,0.31681489581713085,16.715099310224378,0.7095861087994684,4.344380609587527,30.61255586993138,0.17112283551506938,14.047272059564536,6.310614979561622,6.106321111138159,3.9838988105513367,9.8199437341828,0.6747895276479694,3.1729768793254114,25.834143293433687,0.6346268422950508,83.46630063341499,State Highway,open,storm,none,low,essential_goods,high,good,low,verified,Medium
DATA_00419,ROAD_201,VEH_7859,Guwahati,Assam,Shillong,Meghalaya,25.82265152302629,92.35130254907894,25.732454899323123,92.38969896702869,113.46096812746782,33.8976064669648,572.2311911130305,10.683715368117506,22.481556025428638,91.70550721528554,57.08620639087891,42.57315898645281,70.12863025584758,1,3,1,27.54658740830691,0.4948259672645632,304,69.55990238713574,1.446813418725217,270,55,1324,1093,314,1328,1,0.5190199163342167,0.3700627894462317,0.7295171964722572,0.43193992262099157,0.5247635892381436,0.2062339323232778,62.83053453284717,0.4680599861105407,3.0296338798823657,26.588927323405297,0.16599261188726802,7.705104253081425,3.3859418663666507,2.3851562483320063,4.458870562042587,26.539371330763508,0.3820084739334715,7.928562064548055,157.4638939471172,0.5306166026969801,33.688488009535234,State Highway,open,rain,flood,critical,essential_goods,high,good,low,verified,High
DATA_00420,ROAD_988,VEH_1686,Guwahati,Assam,Shillong,Meghalaya,26.23018976348283,91.67895294375583,25.958331482448806,92.03067203575507,30.48382984724852,36.66167506804767,1157.7586055331553,179.66007885816774,30.247257675344084,62.050152286326366,55.396883164859126,55.888617970117494,42.896978891350706,0,4,3,21.067546468844824,0.737850890718022,781,56.566100660156955,3.4730653938878278,303,28,324,10973,1891,3177,0,0.2700729326553035,0.6343787406586789,0.10969279160429109,0.7161263968542716,0.6103760365618082,0.7589380002462984,48.29412744750354,0.5635932013467321,5.782328947483062,43.78534940460209,0.3378690114687787,16.604113072240004,5.843392735726168,5.3828079939958835,4.203498187390565,13.415883963933704,0.3069995991041293,3.4185354708555558,72.19260656520852,0.4724684180809186,31.62414403356717,National Highway,at_risk,heavy_rain,none,critical,essential_goods,high,good,low,verified,Critical
DATA_00421,ROAD_114,VEH_6273,Guwahati,Assam,Shillong,Meghalaya,25.998265360595433,91.95873742870995,25.222772013940194,91.82657921075732,24.332860516774367,9.776470478248775,672.5300423325044,135.6319817797342,30.70967566742325,84.25707615675633,7.483656389412057,66.0502763746781,44.5757114893733,3,3,4,20.90050239192655,0.5935930028615871,653,27.356943805021643,5.295521210492268,52,29,568,6796,1386,5819,0,0.3656988353764088,0.32429333693101503,0.773225348418977,0.11404978912260431,0.2529678395055772,0.34974312277772934,17.86083151336787,0.2722767798054295,6.394730746259383,39.764071238046434,0.3953857063769324,13.63477001143165,4.817416888474576,5.79331353255419,2.3013793439631973,20.24156171182164,0.8689672571721179,2.023109092613713,94.47157729421613,0.5594397129829811,44.02885779012088,District Road,blocked,rain,landslide,low,essential_goods,high,good,low,verified,Low
DATA_00422,ROAD_505,VEH_9426,Guwahati,Assam,Shillong,Meghalaya,26.305980905425248,91.41468055664771,25.570551540108656,91.70692555694357,168.74165301236664,21.032689704264136,473.631267891347,135.83063014077828,34.27685109740128,69.32133053541749,45.52557669844759,45.24161562755711,53.890895472016254,1,4,5,40.0751028716182,0.7053952054974489,439,42.96233081072196,5.112540041231442,179,66,1059,2616,1208,2476,0,0.4071592652967877,0.24543464090481032,0.5722843898155476,0.625762593547144,0.6137932355091464,0.6451057260421023,41.007132652842174,0.9362945087922567,4.579998876863478,31.18524251083223,0.3189489870051099,17.97692805652582,7.690691164770836,5.218651330977241,2.5032636578970164,12.372526224505044,0.30267698854541625,4.433363246991918,106.40810940327509,0.4379200167520977,34.99274159331289,National Highway,at_risk,rain,landslide,moderate,essential_goods,high,good,low,verified,Medium
DATA_00423,ROAD_693,VEH_1441,Guwahati,Assam,Shillong,Meghalaya,26.480696023639325,92.32585520116162,25.22799899035339,92.3831025546475,151.83803813920335,19.486391719784166,161.0496610725673,25.994108614410795,30.31378481473327,84.33096177154945,28.562730494139434,77.67454437234468,79.83368802038027,5,3,1,40.00635753553621,0.6021499075756207,1017,22.781440940163588,5.38714594049037,173,59,2029,10517,961,3025,0,0.6016959237519602,0.4561360205454783,0.4971196610567582,0.35109962941721107,0.574678734092899,0.1619151412775094,72.29801946503622,0.8486711141354184,4.51034763293981,31.631476469133858,0.19111779017281563,14.024323402017647,8.461330616726306,7.740522696757155,2.3138445434789485,6.657722769815914,0.6082298669618471,3.8836503881738516,160.56883661499305,0.5904784463846804,34.19999561881654,Rural Road,open,storm,flood,moderate,essential_goods,high,good,low,verified,High
DATA_00424,ROAD_117,VEH_8847,Guwahati,Assam,Shillong,Meghalaya,25.898593679661108,91.2264065173022,25.59367782174906,92.38563638956403,61.493542241593794,21.210062205909434,1690.6121110447814,99.08892610751656,29.65878171248363,77.11822581480129,39.761916039398706,43.36177454647378,17.057261197079434,3,3,3,45.74728923480812,0.5374582475410001,416,66.41991614068763,4.058723813594236,306,66,2836,7340,1642,1705,0,0.7523834753538458,0.1212423184445858,0.7620159059074779,0.10563427159433587,0.4214319729091165,0.6722149000193185,74.48668098152191,0.6469929041526163,5.944978211985665,44.923053419119626,0.21954697794232197,1.894431074253844,5.9441365904596495,2.9750145996319404,3.8966788406198685,19.73699259661826,0.3007849668810931,5.979513298424023,226.02975388592293,0.3567325919302602,82.4231259265185,Rural Road,blocked,heavy_rain,flood,critical,essential_goods,high,good,low,verified,Critical
DATA_00425,ROAD_728,VEH_7779,Guwahati,Assam,Shillong,Meghalaya,26.3622522020233,92.17441089149123,25.8650312514997,92.79550683622612,63.932051716844875,37.01016874429857,702.3325031539715,43.66987339029208,21.152276399223076,86.01647013357078,29.32425527264855,71.78145525685915,71.27537260699779,2,0,6,44.39525196841899,0.6265601330923911,546,25.007502184400188,2.310982788886501,353,5,2990,14830,1872,3507,1,0.6408953184191483,0.12618764255926848,0.20158269789044533,0.17489132001875402,0.48275291691939415,0.5828032831877581,76.40218698785117,0.3669827635395059,4.340966657132878,20.953938278826577,0.20651532325598135,16.6211920404656,2.7813937085731495,3.8006166987776777,4.909277949821234,18.43487281524326,0.2732694400869385,1.6871491804888084,39.375564600735686,0.8214347447334087,86.07790652001276,National Highway,open,rain,pothole,low,essential_goods,high,good,low,verified,Low
DATA_00426,ROAD_895,VEH_9746,Guwahati,Assam,Shillong,Meghalaya,26.10174048747605,92.11548186880508,25.582779322854208,92.06928376139584,220.7236462352937,9.541179919411695,1150.4472930647041,96.43574728285097,23.443171056627634,89.3169653394193,12.816799862434278,64.71666930725121,34.204252841649385,3,0,5,42.229220360254544,0.3136076829264194,973,45.618906055361975,1.9487252366995462,272,73,3518,5807,350,2799,1,0.6805033854021119,0.44181836815940645,0.338530509557745,0.11731915513511684,0.4456051243420194,0.8501053818149122,57.920919003716556,0.559824375539812,4.074175829265579,40.3353004153398,0.25855838034316714,10.614606489063785,2.2414636977934808,2.0712268963128704,2.9114608446100085,17.45548657440608,0.5171042136437665,9.252968456160296,160.31949151123098,0.6923105662208197,21.784171260920992,Rural Road,open,clear,flood,critical,essential_goods,high,good,low,verified,Medium
DATA_00427,ROAD_672,VEH_7034,Guwahati,Assam,Shillong,Meghalaya,26.421766658911263,91.99283319306709,25.64253296079991,92.79470869949563,72.15678991471978,38.54581276523538,397.58558280874814,139.32417522182354,12.261755871756982,88.45413963995824,45.50134044518065,24.828079853201764,37.75675810982513,1,0,2,40.86031532958248,0.5300353303399021,1294,41.64302199970818,2.6398365060375104,268,26,1428,5778,1927,4048,1,0.6672151878750807,0.41102096543720945,0.6817243464132053,0.37630153145200296,0.6057516072529667,0.38538926568489884,34.840481247910276,0.26174831234800505,2.8549129465647556,35.08446231098657,0.2346752509128244,6.086960658980532,9.332534367209792,9.361790265797334,0.5745228538175962,6.591050520903142,0.20205617052070105,1.1181513706947954,61.351442165307425,0.3159093726712897,51.08962277436517,National Highway,at_risk,clear,pothole,low,essential_goods,high,good,low,verified,High
DATA_00428,ROAD_704,VEH_5180,Guwahati,Assam,Shillong,Meghalaya,26.31729843141476,91.30509349361802,25.48685340442405,92.08467303495215,25.941004226111772,10.661210059627546,1793.5804867624083,137.3774756042163,24.787283318185224,82.35345016177212,11.89562126607298,48.35476659389649,63.155033371998016,2,3,6,49.892224732397054,0.8768747460918569,1678,66.71188966507904,4.965492649626691,247,81,1624,13273,360,5611,1,0.6656641412923935,0.2497316725049916,0.5462642007511359,0.25088609108696047,0.4016892638946764,0.4677437551207201,56.9848231392938,0.48316544363245933,2.7342944951425014,26.619514946300665,0.2856391815688945,9.274640344816323,0.9640033216376414,2.255948662582315,1.5672379637735145,14.853908031297959,0.3683572165259673,2.565064723057817,238.779224882922,0.2224501348592273,73.47470572532988,State Highway,open,rain,pothole,low,essential_goods,high,good,low,verified,Critical
DATA_00429,ROAD_599,VEH_6866,Guwahati,Assam,Shillong,Meghalaya,26.11719697520412,91.02421810210258,25.47435298460904,92.08804134650937,36.59836810306832,4.750080080229682,354.5238910662382,177.94217867833538,17.610727152987973,86.64136110367062,11.616369523772073,40.563598065697576,59.342511990192286,5,3,6,22.39510631997856,0.7214912525316883,817,23.133355624199364,2.172249989085376,232,46,1978,6032,586,3987,0,0.18803493708125033,0.4069840803523832,0.4916930064654821,0.20259254801040916,0.2745482269912026,0.5540893231901914,69.76063551404077,0.4675281412996208,6.064413142829419,46.18383605565007,0.23041615906259963,8.246451563976184,6.200937408285705,4.013695807785803,2.913239179474622,8.948768161117801,0.3278953905416825,7.167781903952693,109.51654662513558,0.816559053092418,74.95142465393636,District Road,blocked,clear,none,moderate,essential_goods,high,good,low,verified,Low
DATA_00430,ROAD_442,VEH_6624,Guwahati,Assam,Shillong,Meghalaya,25.56354588067984,92.08300958177563,25.20828626924562,92.71782849517713,242.76508765183254,37.237173412859214,1425.1288390944321,174.37431978215503,33.13398992332556,61.51180937420739,35.21295735212534,53.67777980750597,24.44543512668912,4,2,0,46.87117378233394,0.28295505388178177,101,35.03450291932448,4.652655618835999,149,8,1235,6917,865,3996,0,0.39903309158466893,0.4857613878989858,0.5642077137795604,0.25837844102869567,0.3860784893798529,0.19156536615320655,63.76776013312293,0.6412701621166714,5.471804404305864,31.03932545097429,0.3896650401352513,9.864577630186549,8.274215050822411,2.922906358329571,0.6700654281246871,22.20509175361641,0.402659261299482,6.248465954512923,89.21835221252253,0.5085685793078167,62.05051924910946,Rural Road,open,rain,none,high,essential_goods,high,good,low,verified,Medium
DATA_00431,ROAD_311,VEH_2381,Guwahati,Assam,Shillong,Meghalaya,25.824572474450612,92.40747809482652,25.25017063490182,92.06307440419343,143.01795493727283,21.077841311400647,390.4114199669843,10.759417399637014,12.597117600084944,86.00844849396643,31.72368812496773,58.39523379082334,53.90341249472356,5,4,7,18.40612326999609,0.5921115676843404,930,51.543090389857255,2.2604592615950536,184,16,1554,13467,1230,1333,1,0.6138518544907327,0.6213582565656457,0.10183967437021667,0.7909798766840324,0.7575745140205982,0.6252365600938952,32.10737842853993,0.8064766816132851,2.8430964145666313,12.884079924907601,0.38671109760120015,18.89924835415394,1.956217379316253,7.687413817387696,0.06118690238313296,5.831009271143718,0.32928032976885413,1.4880685110775778,240.76096760478288,0.5022160493731134,36.81925056982445,District Road,blocked,clear,pothole,moderate,essential_goods,high,good,low,verified,High
DATA_00432,ROAD_137,VEH_2689,Guwahati,Assam,Shillong,Meghalaya,25.81503709461829,91.38414183243839,25.738535341537172,92.23630674022561,24.391461997875176,8.391587666836767,1771.2766808409815,133.36207968893467,20.044883456903484,90.17764040263887,16.319366519780825,71.81319956743326,21.251961665585632,0,2,2,19.7489206109257,0.20930406020805448,176,21.575357836192026,2.257338641409498,330,16,954,11892,660,1286,1,0.40222457730673644,0.6240120352955538,0.17648463225889374,0.6306039079377663,0.5911593780369063,0.13708566338024364,20.286795481823567,0.7686235066935487,4.135430648338783,20.24103925650867,0.03037722880700239,6.828198492321685,2.391546185639393,1.9092587436138673,1.1391246185355763,9.357732900160773,0.3270748247348979,4.40949193088868,243.8929388394008,0.757624949889437,22.665909077678307,District Road,at_risk,storm,pothole,high,essential_goods,high,good,low,verified,Critical
DATA_00433,ROAD_553,VEH_8015,Guwahati,Assam,Shillong,Meghalaya,26.293051280118352,91.25989396419796,25.583649832844724,92.05906296117766,64.46513557101201,6.797135921045964,395.57498967065874,54.77026979193601,11.36271915020095,86.46079183556472,57.29155629585317,37.3262051538272,70.02833572257582,4,3,4,37.28300898112903,0.47884275093735684,1781,32.125148354741896,4.140290570636587,311,81,2760,6906,663,5994,1,0.7643019928458532,0.38496910574892673,0.7678713546657385,0.17369212707643705,0.6506862889383056,0.8978230499246617,83.72855221619548,0.5032131420686448,3.6917962017480104,42.56296495572198,0.31355573017582117,11.691690467999804,0.8500898109496273,5.39132760372963,4.48612728678013,29.01102951871344,0.45881236233766337,3.2165944192635783,168.90570625626913,0.24240506987059085,83.28979040178994,Rural Road,at_risk,clear,pothole,critical,essential_goods,high,good,low,verified,Low
DATA_00434,ROAD_999,VEH_8234,Guwahati,Assam,Shillong,Meghalaya,26.277454696539262,92.42345834081019,25.92380394611272,92.01194868955457,185.52621121026255,31.744738502200903,1233.7697006512649,66.50530442186883,18.451596686314478,75.2536857211978,43.43081614313265,68.97968042504291,42.617770509291766,1,3,9,41.66612623022991,0.8045568929068588,1280,47.57221381672712,2.364961371672579,157,19,1386,4318,1748,4080,1,0.8390231585049046,0.2205876368153705,0.1826062043831036,0.47985685516474375,0.22532338286014575,0.4661332599127965,60.14029107130281,0.9005088091921865,3.1370158281488294,48.036084829722554,0.2852282935450273,15.153986602132258,5.561112403317976,3.021449930338816,1.357267246116045,28.50465406837847,0.4006334378389791,5.936758868073765,137.54754005777576,0.50041613111232,63.500470863432376,National Highway,at_risk,clear,accident,moderate,essential_goods,high,good,low,verified,Medium
DATA_00435,ROAD_659,VEH_2264,Guwahati,Assam,Shillong,Meghalaya,25.915280558885495,91.53172694735726,25.224603397204064,92.73024270497352,39.15955583264234,13.249333809981174,769.2074226200077,84.6700048911779,29.540288395298468,79.51004083345114,43.205101195013185,26.18691460822437,29.58745004124726,5,1,9,32.39859758484443,0.26657540484657166,367,38.97697935213548,3.0934169426652294,115,0,590,5487,1398,5926,1,0.7516145913718554,0.8671406838529733,0.8230687660668999,0.11527918908555473,0.8169899471994516,0.40927799184271985,34.256894440716934,0.35600482067740313,6.057675443855434,15.272596472266962,0.2511990356875903,3.3272357478877077,2.9976547442575727,8.053789084912342,2.960766284473752,12.446255308202883,0.7412826158807806,4.571745206829099,97.74581450633676,0.3945798083158585,21.531987040439393,State Highway,at_risk,heavy_rain,pothole,critical,essential_goods,high,good,low,verified,High
DATA_00436,ROAD_981,VEH_5924,Guwahati,Assam,Shillong,Meghalaya,25.511348159724708,91.59311741390071,25.572657438086452,92.15731524229366,172.93706885265175,9.794363102705187,1788.9089482665677,146.87004651446554,12.745932374433066,78.89140079626824,43.63837324162853,46.82873942183234,33.37053094336805,4,0,7,31.105760470741178,0.5963375056385876,1024,69.47872410425354,0.6406614762866233,311,28,1094,6384,751,5815,0,0.12628918352651147,0.8647460483886564,0.18594893914346847,0.3799234794692232,0.7186858926488114,0.12203191586487634,43.09464740995277,0.7388114801434715,6.222990917714814,32.70745921183585,0.0727039583344717,6.17006448579021,5.933991564304352,7.852767480829026,0.40651910732267094,10.660535252024196,0.39052276000711295,3.4470716337784935,132.1535593380736,0.6661184861770528,76.6584607851691,State Highway,blocked,heavy_rain,flood,low,essential_goods,high,good,low,verified,Critical
DATA_00437,ROAD_985,VEH_8113,Guwahati,Assam,Shillong,Meghalaya,25.993623805049772,91.32476518717814,25.073913432612834,91.82635902673991,145.21289274813537,12.694980097803754,276.3401320634513,148.59442577811566,10.260548102728944,62.731659829805686,40.994904332390036,61.322040903599365,62.615553786181195,4,2,1,42.0080671524408,0.1380485168005274,738,52.807859368234304,5.57485481641086,49,19,2369,10204,1154,4316,0,0.42335867235647817,0.5354329943612325,0.12638430445188115,0.8718531016847713,0.8009368158629204,0.5817773880932062,32.25134626357603,0.30828459517281814,6.320053639148437,48.19092418123248,0.29678075152329364,15.624457976303036,2.726606200032327,9.057868299517498,4.672674846989163,12.559085367902597,0.38279319347224094,2.403427041826533,38.48058672356768,0.4234760406482014,15.974970713536205,National Highway,blocked,storm,flood,low,essential_goods,high,good,low,verified,Low
DATA_00438,ROAD_181,VEH_6307,Guwahati,Assam,Shillong,Meghalaya,26.28720444053823,91.1483230611892,25.701890095202323,91.61233352220006,133.96785130114412,20.455211667855608,445.5728984679177,169.0580529500967,13.380789753550829,81.74413919001256,37.06317247823986,41.660595125225164,77.80767012650571,4,0,3,15.567834413592196,0.20828700842532577,1050,53.450345273104205,0.5236945814538434,296,71,3489,11734,480,3270,0,0.19538487871003155,0.7723061951018434,0.46750125200202697,0.6056007343475458,0.35369103036354443,0.8269111542974643,80.3720635831656,0.2563121890981144,4.028630318008681,47.1774454735434,0.3698966660093306,5.0494085060455145,4.4741701444169975,8.642198440363167,1.8425119851104728,14.51410984519199,0.8021304078407012,2.687700669815888,41.1432089562675,0.5878754172625587,87.11869125347798,National Highway,blocked,storm,pothole,low,essential_goods,high,good,low,verified,Medium
DATA_00439,ROAD_456,VEH_5652,Guwahati,Assam,Shillong,Meghalaya,26.376978554188348,91.11420273456707,25.23746859343649,92.69610563841589,70.09284702125292,26.98961002724759,187.37858383834276,68.21114899203599,24.920299251276894,69.50041121588296,41.40392836336073,47.19752412028649,42.521596281449504,4,2,2,23.864481512421417,0.37551518879613377,442,69.91701667129061,1.4652519871825689,284,39,3859,2229,304,2038,1,0.32639656356906177,0.6765311468167667,0.1520036633863284,0.6660693673285525,0.5669995876717775,0.5777685505437055,57.950721377985225,0.5904473084530522,3.1070070302179573,46.59605768615659,0.1148113660792849,7.8188727728460545,4.026182023616049,3.540938843489826,2.851065433843985,28.740953690909645,0.35463399951765806,1.525188731220585,108.07995087536088,0.6135929524398311,60.29344660088788,District Road,at_risk,storm,pothole,critical,essential_goods,high,good,low,verified,High
DATA_00440,ROAD_753,VEH_2415,Guwahati,Assam,Shillong,Meghalaya,25.955684737533794,91.58457441707188,25.13326903254108,92.34943319089794,113.17153099477599,9.911874174278765,144.01356086346448,65.53110003540999,19.569539665051686,50.35977323679993,6.2405441811943465,22.998339800612758,33.524822508705505,4,2,2,49.96272253160799,0.8367850796845817,327,61.94161117914404,0.5280150281455929,223,65,2855,7897,668,3035,0,0.7299626332547289,0.5095610466306192,0.7224234748365086,0.18208593652813906,0.10411848427909841,0.8747317113767353,83.63258396753041,0.5088875454432036,3.2369256451205857,31.65981519207509,0.34366035726963534,2.120895205244424,2.8650447136543655,9.747963266356756,3.798481378715135,17.146536844889745,0.5754090435691402,1.0693690646097915,116.71986254239543,0.3345217835236455,67.60920352418464,National Highway,at_risk,rain,landslide,moderate,essential_goods,high,good,low,verified,Critical
DATA_00441,ROAD_582,VEH_6353,Guwahati,Assam,Shillong,Meghalaya,26.366328195896333,91.78901325754008,25.35791586339417,92.2877943960456,156.96395857890587,7.427359215797031,154.3146275147124,26.65497938228125,16.82298840810907,51.755617690705094,46.32201243552166,38.75836097945257,58.42716384085045,1,4,2,19.05377092202049,0.3984205716246775,1701,25.088992306787908,1.1350366819506041,156,44,2932,1486,1991,3475,0,0.3549475369881516,0.7238149460773413,0.45439701633242124,0.21649512150723924,0.7129147746749431,0.5244900857928316,24.187639837320912,0.8192315258513527,4.644200154474914,41.661826649153504,0.12788523051891448,9.296932432771458,1.3530698080931198,7.30187978166397,3.3245240285763216,28.912563079851694,0.5895671813665402,1.3684137865092945,195.8134459665513,0.5669335966422027,12.336852030531018,National Highway,open,clear,pothole,low,essential_goods,high,good,low,verified,Low
DATA_00442,ROAD_992,VEH_3068,Guwahati,Assam,Shillong,Meghalaya,26.286643331960683,91.7658078979062,25.906390131232193,92.70878538901003,80.40651318594499,25.638267658148262,898.2026684629865,163.806032806709,20.249760150884732,70.43595141137143,45.30201452678611,64.01656418310478,54.04821398044386,5,2,3,21.13501610588346,0.6132475287314617,1480,47.77327668902963,3.856337370187041,41,49,1109,13386,1005,4977,0,0.6389508664333031,0.28187559523975336,0.5466489230703283,0.7184871263230365,0.6341075131053266,0.17787750495623716,72.67351766113737,0.66542381900578,4.953057716277728,46.196037745095666,0.134487269143287,9.448022781022184,9.32539810533509,9.1347355481681,4.110096533615015,15.062436498005187,0.6029962637247037,3.870428460306605,99.68507997187716,0.42621402345951753,37.55844945607577,Rural Road,at_risk,heavy_rain,none,high,essential_goods,high,good,low,verified,Medium
DATA_00443,ROAD_150,VEH_5883,Guwahati,Assam,Shillong,Meghalaya,25.859286106332117,91.22983928978245,25.60773689151557,92.2061884429894,23.39771611072347,9.089754014348067,213.35190413452034,161.06269741492525,11.211773490255194,64.92017570076166,30.283376114313306,36.346975577356645,70.4916818579247,0,3,9,27.993912700875292,0.8149439158632236,269,39.953659667949154,1.2914589490210746,242,11,3994,4648,1156,5488,0,0.33907274358121087,0.8191346499433342,0.1468689688444937,0.3861714793440818,0.6080146194725972,0.5096226112863593,28.61158932390618,0.7421644657764672,4.7657548975239035,34.638608578974186,0.3866045451415454,4.053851344904355,6.20612226813301,4.579927024706071,1.3467662521188695,16.495799529156088,0.7861546065600811,8.737131433074039,65.57875851317823,0.7618951560073164,74.92736578533071,District Road,blocked,rain,landslide,moderate,essential_goods,high,good,low,verified,High
DATA_00444,ROAD_565,VEH_3064,Guwahati,Assam,Shillong,Meghalaya,25.80781421147742,92.08021942896016,25.342008011390273,92.72498589109657,111.61366371870857,36.236256908776056,283.62102178460253,31.33960230847101,23.36442964859988,64.18963786687043,20.498374302100007,86.96815886309098,84.25332369136468,2,4,0,28.4460450790383,0.7672770827948304,1253,60.44963731572912,0.5822046800839411,172,21,1711,8408,425,2859,0,0.27729859147762637,0.215519127968446,0.735862573015315,0.6405252194391713,0.3328933260371466,0.24502651054213925,30.556880827118775,0.2619251671554065,3.595626654625431,35.60143755013357,0.3113810957381554,18.510829168544507,1.5651350360254586,4.48187384037106,0.23045067785434914,5.506395085090475,0.7796975299557671,6.445907793311403,113.26974717050585,0.8333747313709736,65.21268464162148,National Highway,at_risk,rain,none,critical,essential_goods,high,good,low,verified,Critical
DATA_00445,ROAD_654,VEH_3897,Guwahati,Assam,Shillong,Meghalaya,26.40517253517526,91.53877390195984,25.24073792688802,91.72892081789524,113.40764744552551,13.22864987066822,1127.0101350311734,28.255376279674312,21.870976511098046,94.5732990469007,5.272484248815696,35.4903552609248,20.096152317170322,1,1,0,27.423293861026682,0.12641357762322702,541,26.055499925837488,1.7684547135608781,110,64,384,5949,1388,3835,0,0.24795724243655057,0.1360666121124437,0.17617573542251838,0.568030929855996,0.18499432549747363,0.2914876201330838,32.046305126065384,0.48025385338251575,4.129083617449126,19.027716961326902,0.13477348292667332,12.47971113217665,1.0305757128915756,1.5561475233625992,0.29067414425788973,5.541972216927841,0.6961132228913685,6.832279593306217,121.8145558415074,0.46374800579516157,24.736469293645822,District Road,at_risk,heavy_rain,accident,low,essential_goods,high,good,low,verified,Low
DATA_00446,ROAD_736,VEH_3336,Guwahati,Assam,Shillong,Meghalaya,25.726904496554067,91.42848200493219,25.779636057795052,92.44504320803986,244.80568580295812,21.53666459112282,332.41793262161104,66.3239188768083,15.858320385747362,93.3067923212661,40.7989260890622,52.81061591642442,83.28392194619175,4,2,0,33.7066118560231,0.1603750126651753,778,38.842223394522556,2.9260068054239663,177,31,2018,1210,1902,1868,1,0.8559847280796586,0.3821950089681846,0.6421433306591439,0.6594396883990642,0.18352808904645856,0.16422356170463565,46.59518292682205,0.5742149365762705,4.817468464300063,48.76785857102875,0.2962957588643497,14.518469841273209,3.531817061993856,4.101407651537331,3.2941671636302545,21.202565449537847,0.731766032372887,1.6020682239919488,30.963110188726613,0.6028490492111793,54.30194561871322,District Road,at_risk,clear,accident,low,essential_goods,high,good,low,verified,Medium
DATA_00447,ROAD_589,VEH_9963,Guwahati,Assam,Shillong,Meghalaya,26.179752662236698,91.6626985560064,25.386382010796662,92.57367732168116,165.50055107729838,32.29183585503493,447.64621235437215,112.49056406898303,16.151860977613048,56.80258772469321,42.61754439582073,28.617293221805802,38.4588584815107,1,1,3,20.43593259533071,0.7952037581089705,875,60.93677238962014,3.3424920325170415,175,82,2299,7023,1148,2707,1,0.16703043629602438,0.3288536002981848,0.22177752617760912,0.34925523515084467,0.1172587575915002,0.12313440405702414,67.2520357157207,0.5401669049459217,2.9555087504026765,23.466082147630793,0.046314040247839125,18.25828038653362,5.784016367591519,5.840865955363167,4.5393193027708865,8.712566359658068,0.3703028000304647,7.2756227750953,71.61529255822505,0.3817571662824424,37.56636893715751,Rural Road,at_risk,rain,landslide,critical,essential_goods,high,good,low,verified,High
DATA_00448,ROAD_799,VEH_9141,Guwahati,Assam,Shillong,Meghalaya,25.912734540868538,91.85518702944641,25.88238465030068,91.94307537424692,68.371141563732,30.688698013490338,990.4479320130033,96.36707431412496,11.031103002698641,54.426282830927114,20.113499251763827,80.95587352010138,75.16200923194602,2,0,7,43.13399603484923,0.23093397438722452,976,39.64596707107019,1.5119401095133584,257,28,3769,7042,430,2083,1,0.24646295901193138,0.3237198908085982,0.8544536968793047,0.2764858899249798,0.7462388033246231,0.299125710064226,81.51275804944032,0.4740735635495254,3.3068217575981427,25.69007555067997,0.27046214215772446,18.676693814069388,3.981847992637989,5.2233550160888615,2.053663479543392,18.223371178151446,0.5579164982248367,6.29812518382627,60.94211404811228,0.39507744662390754,74.17356585130472,District Road,blocked,heavy_rain,none,low,essential_goods,high,good,low,verified,Critical
DATA_00449,ROAD_528,VEH_6357,Guwahati,Assam,Shillong,Meghalaya,25.88307750622803,92.39321394265222,25.858748272879847,91.68589288788996,174.59859931822433,13.659427579181251,1572.82562342951,112.58537221592786,29.14789138853053,83.78122173345798,53.16988235700118,69.7673353884615,24.345849512384554,2,0,6,48.06302315070872,0.6917560596440833,1538,21.08924530963933,2.9246731230146237,140,32,3005,5412,583,1497,0,0.5604224211588326,0.34092942140749827,0.7949412213717734,0.6253945372775079,0.8208274781964443,0.24883716790285268,70.11954697751888,0.4195305594782135,6.382778661474068,29.73710789128216,0.23986589557866206,11.45197344344373,8.598901466711004,9.414263275946778,3.496173794125399,23.248053211538345,0.20437666103848923,9.196370371460915,243.80479202321163,0.7061276897569475,47.09128430960747,State Highway,at_risk,clear,flood,high,essential_goods,high,good,low,verified,Low
DATA_00450,ROAD_195,VEH_5794,Guwahati,Assam,Shillong,Meghalaya,25.952783551480625,92.02095144436743,25.946834221063135,92.78055746429969,53.12420344396971,28.52835059841492,513.1263109163594,9.349120427757383,21.11768440252313,82.90114652095282,13.583300435080028,23.92702001968426,55.39088231248663,0,1,3,39.61060694933248,0.35332491436023283,1569,66.1264470199896,3.185307127990616,257,1,1819,4229,1133,2699,0,0.7789618901186727,0.7270586608620423,0.7464095444692375,0.4410708081749751,0.10347543426050985,0.15389088981413554,24.68228043488904,0.7953315058282091,4.61879912417991,16.06194735380012,0.2668974232089994,16.61241506810351,8.4419131597899,9.022071815975293,3.6002070708531524,17.94980892765856,0.5523658539554037,3.4157959307618557,112.23210717625189,0.3771890926455287,87.17517308573593,State Highway,open,rain,accident,critical,essential_goods,high,good,low,verified,Medium
DATA_00451,ROAD_857,VEH_2405,Guwahati,Assam,Shillong,Meghalaya,26.197311864844302,91.57178588593818,25.851821320768952,92.3321494875873,78.23475226399009,27.676413356496198,1659.5026693215107,68.58461964226791,32.266313514647244,89.45186370029415,37.966668064292094,21.681878636482264,88.8297339501808,4,1,8,47.1029409369508,0.32394538860475564,1564,61.697171349822945,1.1254854818357394,126,18,1271,11184,1056,1666,0,0.3993603351707369,0.7598961332624189,0.8752987139820989,0.7996957600171233,0.16195622151065586,0.8191375931012768,35.424146111349096,0.2822933324157825,4.495061329715897,23.799224730456814,0.24999576877116586,18.092974939058198,7.210872983716775,9.051191742541903,3.211408967525302,18.522334187808458,0.23415129595783343,9.564927628005325,190.0933872137479,0.603953951204163,70.58656974330731,National Highway,at_risk,heavy_rain,none,low,essential_goods,high,good,low,verified,High
DATA_00452,ROAD_177,VEH_4499,Guwahati,Assam,Shillong,Meghalaya,26.333637843505834,91.28639827134953,25.634305407513157,91.63393616942147,138.461866442241,12.7101299638641,469.31052365474454,48.94906627802738,17.757357407003916,64.38734513410823,32.81272100468448,33.79594954061802,59.95723226020438,0,2,6,15.42077875590939,0.8377395177085154,1157,66.5698448262219,2.5978824686264788,259,14,2194,14775,1970,4592,1,0.12887335474020523,0.8696532781549776,0.5865587355923758,0.2238141887699202,0.4700717436689724,0.8295177498880503,22.189523490785735,0.8730932981128394,4.535884748099162,31.084611026619328,0.16628559082431665,11.61633637004288,7.092185360202329,5.353595557179604,0.5141535191212387,7.335220595207641,0.45606954739369315,9.350587066287995,120.46598285968852,0.7591832001667571,88.22127963447281,National Highway,open,storm,accident,critical,essential_goods,high,good,low,verified,Critical
DATA_00453,ROAD_587,VEH_1682,Guwahati,Assam,Shillong,Meghalaya,26.21941715717947,92.29725628005062,25.33283945895468,92.7727530084342,67.69725424224518,15.537418171818656,422.30523179837905,132.4517682813497,18.913426779885555,74.2603334636526,37.34343490844788,49.53874105885948,45.17853123282745,4,1,10,20.248291001395373,0.3956940129215344,846,67.59276629962602,5.930638885952965,326,83,2630,13623,1858,5071,0,0.3258309314204595,0.4103170537959321,0.6275665232063905,0.17541147749498232,0.8243372307823703,0.6603192656158079,38.46057615555126,0.23248576484547462,4.155292840769079,37.252777913287545,0.09569836333942351,11.249091263661493,2.8233095251358993,4.827901682628786,2.7402650373010857,20.11880864743273,0.34561224358536546,8.333085275253278,199.68275834276224,0.20452205021781797,73.09544892039206,District Road,open,rain,accident,moderate,essential_goods,high,good,low,verified,Low
DATA_00454,ROAD_753,VEH_7078,Guwahati,Assam,Shillong,Meghalaya,26.3110061268408,92.06518057057146,25.16460651397657,91.66351650906522,139.10756308765588,20.201614399627534,1703.7592747040178,69.16475785821339,20.66172758238303,93.57263673644434,5.242999786202226,58.105795105532565,75.45475494291986,4,4,10,47.9481910320693,0.10612325391275208,1255,66.19288499351642,1.1878390488997543,34,81,2070,13542,1997,2733,0,0.8601048379169716,0.734686508626436,0.4753141668789419,0.835883085411164,0.8601011440495752,0.1927629001192485,76.5173812448746,0.5759470114064742,3.766623141456615,15.608342086982553,0.10435185638753758,3.4371616704209664,7.378380087846282,6.872259002444064,4.607708543164131,9.96048834195299,0.746162933273445,1.553306662124255,124.58171009395274,0.25806092994286717,15.854668645888532,State Highway,blocked,heavy_rain,landslide,moderate,essential_goods,high,good,low,verified,Medium
DATA_00455,ROAD_941,VEH_8324,Guwahati,Assam,Shillong,Meghalaya,26.48545561335721,91.14090349999135,25.619043565051395,92.70629557012627,183.7172183972369,13.217724678331283,826.2284173738097,52.248131394347304,13.007738232213207,76.0830713526561,39.69932497375102,27.58355003844108,39.18116671429674,1,0,5,36.34698636984517,0.379893605541472,916,40.13179390492485,3.0039242449176164,181,5,2687,10984,1781,3993,0,0.2558170931790594,0.7231829480291263,0.11286221753040193,0.5919946117007727,0.39331639499866444,0.22918150386911107,72.68840461055801,0.4111616988385641,4.433713878654428,15.536386664633017,0.30076656259809287,13.814819777141327,6.885077561318393,4.280763549853041,3.9016566223983853,20.603574961478028,0.8700315794809927,2.6406907002974833,213.50242938738154,0.6056187894430545,70.81912413738533,State Highway,blocked,clear,accident,low,essential_goods,high,good,low,verified,High
DATA_00456,ROAD_604,VEH_2872,Guwahati,Assam,Shillong,Meghalaya,25.58261603048349,92.41702622542627,25.037141865083736,92.41272871438441,30.086930363817824,15.75013941783174,774.8412259297564,51.21250499847035,30.720101503567854,56.81264205915969,5.490234842078013,55.2743554285822,20.76402509291512,5,1,6,27.202717062967842,0.5574564797745216,527,53.4712320050799,5.145825192913375,202,76,2066,10114,716,2707,1,0.33121790592432077,0.500314949236691,0.26561279510352986,0.49359728631038,0.17140705943180923,0.2495128399598417,34.85816247710474,0.5021897457837704,2.956070641713587,32.80537518599321,0.03902616150423848,16.5458399488839,3.9671582309616102,9.732692718999226,3.5544027576356108,28.10317930079393,0.8894658315442443,4.486047533732458,88.81701400671304,0.7822280821803629,74.98504349933047,National Highway,open,clear,accident,moderate,essential_goods,high,good,low,verified,Critical
DATA_00457,ROAD_441,VEH_5323,Guwahati,Assam,Shillong,Meghalaya,26.35831143624314,91.88836695888983,25.166446208868184,92.43678548892943,174.05642635794885,33.056898467102556,593.1670248839507,73.38026774071805,10.984942319028825,51.547218754993935,53.431885170974276,67.27109019494077,21.30001963424153,2,1,8,34.11365232385177,0.6312566581346363,276,35.2097104737683,4.604556322644998,38,40,552,10653,349,5483,1,0.3238426876573055,0.7591212102367931,0.4964058153475025,0.19163328051951156,0.863486788581028,0.2623345716573783,18.99140366567356,0.6837235083584152,4.071381555161656,39.01963895504101,0.07395506782787753,19.778687197379497,3.3386288524142227,4.787277241089505,3.277273398249456,10.426760647704715,0.61879088579817,7.863644514184101,226.77141815553452,0.7682764672413798,17.152733151361048,National Highway,open,clear,flood,low,essential_goods,high,good,low,verified,Low
DATA_00458,ROAD_103,VEH_6074,Guwahati,Assam,Shillong,Meghalaya,26.353607906579597,91.7975417520908,25.044854880671874,92.1847455303133,245.95136074812515,22.000287750279195,492.0896408786469,107.13395734098532,27.475507771938908,62.54055695907103,23.43066018005112,81.65468160832495,58.01093384981047,1,0,8,21.289869225582223,0.6463542524014255,1373,56.97975435484764,0.7715291684794673,164,90,1103,11376,1208,4317,1,0.17081636930967264,0.7162515426724205,0.4151264856481175,0.5270316715013385,0.6141577662511619,0.5094759511284211,71.7542148810947,0.30524789794373497,2.955832234833194,15.484215520137283,0.1884795650690468,13.068599068766071,5.295145534384566,4.139111106674712,4.9207103947258375,24.02580588535938,0.4121698822518204,5.129775420182684,181.91670399765192,0.37950423239449027,46.639882234814266,National Highway,at_risk,rain,none,low,essential_goods,high,good,low,verified,Medium
DATA_00459,ROAD_982,VEH_8088,Guwahati,Assam,Shillong,Meghalaya,25.997194677068805,91.30420449679337,25.447864596685275,92.15498962906958,245.1083561933553,3.380763077886181,260.9296303100082,62.7932752859482,24.613238719745617,55.61563934098796,21.96336040419485,66.70861839915328,58.51232959793837,4,1,10,31.602978780526197,0.4265535040703209,829,52.38194101630957,4.6660746038452015,83,51,3527,8959,1174,4823,0,0.5072696894123531,0.4829729878790884,0.7957864159222957,0.20021222626091265,0.5246162983339596,0.7483930942904389,30.17207904638121,0.8951277101571906,3.4780275526156124,27.29768799088804,0.31630686671912,10.993327581994153,6.715053076552813,4.217815378466048,0.4389079559113723,21.36850934410696,0.815368482792048,8.040851211241801,61.329630043173594,0.847022894628813,23.751805181577524,State Highway,open,storm,accident,critical,essential_goods,high,good,low,verified,High
DATA_00460,ROAD_759,VEH_7505,Guwahati,Assam,Shillong,Meghalaya,25.585625275594012,91.59276027965744,25.817022862470633,91.71971050086199,146.56829603656112,18.866422575410326,1189.4005374892417,149.54445365371834,26.89945755377238,82.13565602302481,58.21007727463387,20.0473029350189,33.3147141818882,4,0,9,35.430621418836054,0.7467387933611339,1258,46.7730322130667,1.2456848269628256,204,79,2152,8868,1252,2147,1,0.35817285760957895,0.5826092948671929,0.4968044601689692,0.3371086539324375,0.5392356982147969,0.2503687793739733,53.99305876981485,0.9196939982961048,3.2788649334772306,31.288043565939883,0.28571005494414936,7.024667766371359,9.257921250983404,9.266104142332392,4.705951919222916,12.27272017389507,0.74124468422362,1.984244033898968,238.12552001818568,0.4712721066978797,48.62767550434831,State Highway,blocked,clear,landslide,high,essential_goods,high,good,low,verified,Critical
DATA_00461,ROAD_961,VEH_6052,Guwahati,Assam,Shillong,Meghalaya,26.025582123015305,91.05906670230719,25.87303746232009,91.96937927757224,30.024984113897695,34.96129743059206,1321.27884496672,63.165397079719824,14.590891722941818,62.13963696171688,43.72033033611499,32.66629276126406,85.83153214884146,0,4,8,34.641234869021716,0.8111948936657626,815,51.972600319629734,5.958299199296848,350,29,2831,1272,1885,2057,0,0.11441428138906469,0.18134028751305575,0.8017508217687934,0.3719163217164283,0.11055420675163177,0.6149968058298574,42.39975190529914,0.6691730460308245,5.093148652140819,29.73630436516912,0.18773245282848136,4.247391878521387,7.591506058697283,1.206619505684834,3.307838203129469,20.018168528495274,0.3044644079865851,2.6304230053608,76.08893507324879,0.33232281122842444,58.37824834038055,National Highway,blocked,clear,accident,moderate,essential_goods,high,good,low,verified,Low
DATA_00462,ROAD_904,VEH_3830,Guwahati,Assam,Shillong,Meghalaya,26.40469853121709,91.97681239668934,25.423474536380862,91.83743108222093,205.13394416920897,35.684549343513055,867.0949259245101,2.4552147153215387,15.98045056119068,92.5335816716196,45.412737093330165,40.17962574653299,11.990608988574847,3,1,0,43.31403602981645,0.4958545141466234,1701,54.51897766143892,4.937177885554771,171,39,1801,11868,1523,3910,1,0.6426314698277282,0.8266537457468378,0.30456973343908605,0.67628888118523,0.5342001253558285,0.49435745947948584,29.57950402298637,0.6844559280421336,5.749544956138111,20.126081091089333,0.37735966050415165,8.080876306880462,2.69298209724577,7.520982336925352,1.4034370102292755,21.38290964609708,0.8274264125844921,9.776648132712637,174.0985036649725,0.4931831557136407,84.19827692150974,State Highway,blocked,heavy_rain,flood,moderate,essential_goods,high,good,low,verified,Medium
DATA_00463,ROAD_263,VEH_7823,Guwahati,Assam,Shillong,Meghalaya,26.332124996889558,91.32375147306371,25.978637400207198,92.57883150718828,139.0445955249195,31.888858193707424,508.5738760399646,101.08158106694877,10.732463386035837,79.83479418987916,30.339774087085754,45.544301544999655,47.67996371065105,1,2,10,47.35090797972857,0.82087370520203,695,32.18515938485715,4.752267609246221,239,78,2497,4578,1645,2962,1,0.29508404058973503,0.880317406229974,0.44449885485659146,0.5776503842503358,0.36977318445754404,0.5284575643043147,39.92217474925923,0.772369225643909,4.215838093459041,41.61782273817109,0.22787239431579398,7.063418084341938,0.7838191713358895,9.95073497657909,0.15940545483979218,9.37171152457812,0.38839794829953556,5.171329762687271,189.8836809032756,0.20573338520374618,46.63085114781482,District Road,open,rain,flood,low,essential_goods,high,good,low,verified,High
DATA_00464,ROAD_376,VEH_6658,Guwahati,Assam,Shillong,Meghalaya,26.16695430598323,92.45424068367808,25.004787178648183,92.23089657577118,26.572790627108475,28.483833281418242,816.9072161175485,80.43058530174027,18.37706244720045,94.67630476357328,11.04662760711539,22.691608498699086,20.612420850472244,5,3,2,39.40206745461302,0.10389245331226205,803,21.15798177493126,1.5174528045715237,317,12,1476,4436,1003,2759,0,0.21141533797297304,0.47119617221727994,0.31185860497819595,0.6470240693489584,0.6378685157570023,0.2860322941801796,30.66578419910203,0.5686031193683325,4.861161956630118,44.3388998009073,0.34092380977721237,15.410216415536574,2.0432889086824635,8.177385177418266,3.6244171822684867,7.51425916546496,0.29956536417678314,6.911383235255893,154.62350235557787,0.3923398598703078,79.51498101167073,Rural Road,at_risk,rain,accident,high,essential_goods,high,good,low,verified,Critical
DATA_00465,ROAD_808,VEH_1837,Guwahati,Assam,Shillong,Meghalaya,26.02357258173434,91.74386527639007,25.52852971250146,92.22020937002738,175.68632699938405,7.6615110706664975,692.5547107856313,78.14360463089271,18.555537826299652,53.61111575126262,39.75564101050007,50.197221922695185,13.278223751894425,5,3,2,36.12699776018337,0.8270856477368452,265,49.23001581138011,2.2829841413774963,70,61,2926,5987,1004,3828,1,0.7046391051069685,0.2759356241741047,0.46300437866769806,0.12500050618533073,0.7118950391881408,0.20856996461097177,28.05338858118011,0.8339007957334827,3.875784042805716,26.629325287231058,0.3263272556199015,4.7961305208620715,4.5341661710423375,4.467441200161092,4.98843747539226,8.509930492538228,0.2608082679469922,3.857144620076552,132.01623267884668,0.874325891556031,67.53134353274922,State Highway,at_risk,heavy_rain,none,moderate,essential_goods,high,good,low,verified,Low
DATA_00466,ROAD_552,VEH_7426,Guwahati,Assam,Shillong,Meghalaya,25.659783758328228,91.88373317146416,25.93290931775578,92.05106536703055,73.82951706113174,30.623782784670354,1125.9624884638094,5.1745236848680936,20.787184022459932,50.90799272473516,51.42452964870576,84.60630106398949,57.81703074933715,2,4,1,48.24371321187449,0.44866127815682666,1111,67.05124574129147,2.2092056598195997,46,42,3153,11085,1982,5734,0,0.8341482390218317,0.20003415891158297,0.6417436999314952,0.6788599694894135,0.452570564911151,0.6413590181102098,21.99707579862325,0.32993254113347226,5.634144444912753,40.423561100755045,0.21424232073700872,6.327543354416249,2.4456870459935782,7.978592371785207,4.598789161296689,18.26481624641823,0.22693481159212833,5.518736325930108,216.2970411445647,0.263316059561815,33.34018686426454,State Highway,open,rain,pothole,moderate,essential_goods,high,good,low,verified,Medium
DATA_00467,ROAD_209,VEH_5035,Guwahati,Assam,Shillong,Meghalaya,25.755351700876016,91.7070709805393,25.76710865923081,92.07403243997824,127.30840073902331,17.228038738039416,1130.8435010640144,65.92820009824356,11.598084365986121,82.32509937067027,21.104252766637906,21.699800434664535,32.81900562567161,5,1,8,24.05662787551349,0.8162400965993457,1167,62.54197653653024,1.6171780195678185,183,31,1985,11076,1062,2743,0,0.8092789056189938,0.6485407868216868,0.7846029827403017,0.6315779565651557,0.5682046084631025,0.4869153029841323,62.474256865502724,0.28040229596584987,5.389407164977385,10.631986083984444,0.08676760806489477,3.794470205776979,5.928556355267648,9.53851364596426,4.6806381817050084,20.123916068395047,0.4728787990828974,8.040333365198236,101.43970610202861,0.2449618878721548,46.15315867282716,State Highway,blocked,clear,accident,moderate,essential_goods,high,good,low,verified,High
DATA_00468,ROAD_260,VEH_2604,Guwahati,Assam,Shillong,Meghalaya,26.093703937157578,91.36927840557401,25.567200108616746,91.59817081781402,94.1204913095409,28.041716987986717,470.31302642059,15.008620723002156,21.512735194554452,85.0106320290423,11.264959182651214,21.88335124499306,20.95272038273814,0,4,7,32.98456697825761,0.46097671084001,102,42.10354605446358,2.106096330317959,334,79,3642,12943,465,3956,0,0.14518375548300463,0.3193312365877391,0.14089475280256433,0.7470916091691959,0.24206529859231943,0.20474572048255038,60.234136405660664,0.7568009417890569,4.974212472308272,30.82972235799903,0.106863445130265,11.648765149660242,5.638525220800896,1.307936295743951,1.0652347559025914,28.503301722869015,0.6465658436890995,8.924479853344053,63.27272641472668,0.4213458564288858,41.981204421871354,Rural Road,open,rain,none,high,essential_goods,high,good,low,verified,Critical
DATA_00469,ROAD_456,VEH_5875,Guwahati,Assam,Shillong,Meghalaya,26.125433736062107,91.8047041972464,25.723601379589702,91.81212169248946,117.51175034487106,2.323335192906149,958.4806521508027,140.5568017765044,11.116337641238601,89.98996187717773,50.65574772820123,66.55215501227507,45.712577207400294,1,2,6,17.508483504477038,0.7970780357738886,742,25.00643448668881,1.8451195325292273,222,7,611,9937,935,2208,0,0.10233760534846814,0.2880171271289419,0.6260271462613637,0.23524717904127865,0.7368753864529485,0.23905009646133346,68.96637647235488,0.7551740500907611,4.336952915174365,37.4056529197705,0.2802407567360551,2.459149939925916,7.572156952222884,4.480620262822113,0.607792426782281,24.49337919003794,0.48775224801588457,4.738023300244398,27.033458489557948,0.5762297212760016,64.13894514296317,National Highway,blocked,storm,landslide,critical,essential_goods,high,good,low,verified,Low
DATA_00470,ROAD_288,VEH_1756,Guwahati,Assam,Shillong,Meghalaya,25.54274174588274,91.53038228075283,25.080792503483437,92.40837418908218,42.93632477167968,24.808841112851752,185.6019835404314,83.85419379797213,21.847229472049463,50.39757427240789,11.2776946563541,36.901093116623144,54.85028884719839,4,4,4,45.497653281686425,0.12206764098677542,1439,53.56459272397046,5.108724279974466,194,13,938,4550,1239,952,1,0.1647415802761782,0.18810334731431277,0.7248645698078919,0.7027798836261231,0.5977726236869776,0.7388380267773995,36.27525348459554,0.39465628416132253,4.213642700974427,24.534745043610254,0.26624609771903557,12.504650503245054,1.5893273312224867,4.558850967117058,1.6921576630132384,25.56756468766996,0.6200278731453797,5.081675736979208,137.1661673680369,0.36542916303451023,45.6917785014877,National Highway,blocked,storm,landslide,critical,essential_goods,high,good,low,verified,Medium
DATA_00471,ROAD_894,VEH_8219,Guwahati,Assam,Shillong,Meghalaya,26.043902793666412,92.40993344439484,25.37225528332186,92.1427445387074,125.51626892866554,11.139671565717931,432.5152115941048,63.787572474349744,31.151683638258376,73.61388099567765,46.10918429313043,77.62150041381054,13.72306177966193,0,1,6,40.53035166034583,0.2739323239766989,1442,66.38146635792705,4.687836492467698,177,85,1759,2127,918,3334,1,0.8085970841721489,0.2407270043744985,0.4394103360461802,0.6820169879103443,0.10067877946410686,0.8611424605845018,22.731498964229864,0.8041520095825874,4.0267311013837634,26.643838220577027,0.31066671308196214,2.838484071193324,3.122264764505138,6.635885186780102,0.5113304918480388,9.639220665306148,0.5579510864521187,2.0142518312386377,114.27597923449234,0.5723049828111035,43.71985626650389,Rural Road,at_risk,storm,none,high,essential_goods,high,good,low,verified,High
DATA_00472,ROAD_122,VEH_4546,Guwahati,Assam,Shillong,Meghalaya,25.87740445547705,91.8380990189993,25.961291188235034,91.50388688398003,84.00990794968047,16.755329369763743,473.81185089734413,67.87938175318097,27.072785385577266,91.42403523498282,17.531053811952848,71.02555517771037,65.20762016948419,4,3,9,17.756527638381527,0.37561232195289807,470,57.340998631748775,1.297317697011336,334,14,2908,11548,643,4853,0,0.4066414197077187,0.5786480916920554,0.32412763872393324,0.13494480793382424,0.3113779368989442,0.40169629897372006,80.56489592784186,0.3088654580284436,4.43214505693235,13.767512763129472,0.21399525123022303,11.321105857056303,1.86932092649615,5.622066806345461,1.4038290634682116,8.101930118835323,0.3348056816629736,1.7875460224469157,50.69785975239243,0.687566313954981,71.81413828665103,Rural Road,blocked,clear,accident,high,essential_goods,high,good,low,verified,Critical
DATA_00473,ROAD_391,VEH_8353,Guwahati,Assam,Shillong,Meghalaya,26.124282126130666,91.08532033468474,25.161229922844907,92.62872343864491,44.484778961364015,27.73151708417821,311.20599350068005,94.64765079548921,16.97898372007259,88.41502881359199,48.47900896121815,89.14913273770827,38.47569198416693,5,4,10,40.821927810625944,0.5423135555971327,1194,53.14547915086354,5.971954890882015,34,55,515,9069,732,3467,1,0.7892564490035413,0.17577031846733943,0.4263477039344087,0.7632724171526335,0.23453036902175947,0.46879868496101984,81.85588408750768,0.824602282526339,4.8062044822294805,27.945253496758966,0.11577684966027503,4.382160977662219,8.693993601070984,4.729759633021069,2.0927620528892983,12.627207340449546,0.48736450860308866,5.392032028918739,151.12458496616205,0.2497214113330541,55.916699075210204,State Highway,blocked,clear,accident,moderate,essential_goods,high,good,low,verified,Low
DATA_00474,ROAD_456,VEH_4088,Guwahati,Assam,Shillong,Meghalaya,26.29534461113265,92.04341101465829,25.11491927049322,91.78834441410913,246.2440163563357,28.51257684677633,430.5989221983095,20.48915697224262,33.02308010319887,86.10486949005005,18.314230548057672,52.914451084840415,78.87862654142582,1,0,7,26.529802302804818,0.5627165558137355,1644,62.394236119616394,2.207597608051144,338,7,1193,8802,1677,2238,1,0.6997880655279966,0.39725721785955737,0.7212199350172774,0.5028177155548778,0.37339709815290323,0.4368783766258083,82.73801190721261,0.8506810760186241,6.464432611875284,37.203299283296445,0.049206700488082546,18.42431623588454,5.5719553666810935,8.477785305030356,0.7657429755415424,26.265284955213154,0.8994333655592985,2.9604453178779018,167.2264533838526,0.3018499503846708,35.772531495806994,District Road,open,storm,pothole,low,essential_goods,high,good,low,verified,Medium
DATA_00475,ROAD_856,VEH_5162,Guwahati,Assam,Shillong,Meghalaya,26.332071427207673,92.30146946483447,25.898030297305464,92.67598473813814,44.44754740854435,33.67782052462964,1295.4655430129028,126.10149899987876,14.554928970833943,58.45413284943791,49.61039503703077,28.506000181547886,53.35999989221392,1,2,8,23.164483942096613,0.5785873071022042,833,32.91039999487545,5.036480323549363,314,32,1503,4829,492,3471,1,0.2741024421213917,0.1421770131773218,0.2938891470949468,0.8158050404299048,0.7407837836163841,0.5782526457306315,51.492150547380945,0.7526587870214594,2.7670754679843865,41.0068029039899,0.354622152400789,12.813485226606485,6.575999362424047,4.857841054066059,3.3080091813897283,14.059061646820844,0.7517819494419276,5.845413969332912,55.51255599907408,0.394295574279625,68.3503830624285,State Highway,blocked,clear,accident,critical,essential_goods,high,good,low,verified,High
DATA_00476,ROAD_998,VEH_4378,Guwahati,Assam,Shillong,Meghalaya,25.715792633317346,91.93255007792789,25.19210947256018,92.05743003032109,26.62005677812085,26.16994413363332,1277.0979891072604,160.56635658348236,13.025597050566558,79.55880440910407,43.86368338879484,88.22346777308256,66.507776331831,2,0,6,21.30908947957342,0.206083295646049,451,52.316966045922044,4.542364065948217,168,12,3019,11104,1375,2780,0,0.4294357578379473,0.8298901751377198,0.24786199768495348,0.2877507831685513,0.3501370031150647,0.8214299322033883,21.590118649670522,0.6082086035974958,2.7574876566690967,35.95254057374676,0.17217483157757268,6.890073839676351,2.8308636728548984,3.668777971319952,4.8601200264970545,26.815378936567644,0.38952580994897285,7.024618565047143,175.33447263340577,0.3101393422871014,32.36084714213057,District Road,open,heavy_rain,accident,critical,essential_goods,high,good,low,verified,Critical
DATA_00477,ROAD_166,VEH_6510,Guwahati,Assam,Shillong,Meghalaya,25.916528433484533,91.41094665238333,25.61268859954705,92.24874557532749,43.70153502414925,15.339416791937987,941.4877518835672,161.00020623830247,14.81013778988219,74.26182663367581,43.86747008988596,82.80784095433674,47.39664795335018,0,0,10,26.19716473584333,0.7646544196384399,374,35.00409649266702,2.2863336536709262,77,87,2794,11216,414,5066,0,0.40843480145977684,0.16087463299868843,0.8214543093550749,0.7239212219154783,0.12172909166219387,0.259707202424443,41.83315979217551,0.6623771734563697,4.203186740200818,17.249543890162983,0.29961867493097827,11.980236830405993,9.902750415498005,1.3170938097503762,4.784051149133575,11.046548202686925,0.4675617381765506,4.434442072324753,156.19435421669587,0.8555790118819815,43.87412285801672,State Highway,open,heavy_rain,landslide,moderate,essential_goods,high,good,low,verified,Low
DATA_00478,ROAD_872,VEH_4143,Guwahati,Assam,Shillong,Meghalaya,26.108829793906267,91.0243638884549,25.621111428685854,91.79964390261824,202.61803321745293,22.415859569471237,315.58814851010266,16.788695323188637,26.342625139453652,88.63977873098725,21.173086055524895,46.498269213175696,63.86780391792933,2,0,1,32.93355536508407,0.25025653404092135,939,29.565772563804593,4.932743826132222,294,68,2676,4769,787,3008,0,0.4781118593867243,0.1820220943633964,0.8656529828165629,0.5214481138065394,0.4489439958484761,0.5898352340126145,66.21583135880361,0.5807977592646576,4.667063855601416,41.04184383403449,0.25754275376076735,7.8774551706520635,3.0221070984164853,3.5585091728106457,3.6372919590033588,9.414876249380228,0.8606436337095165,9.502430388345994,149.75914079098493,0.44046778689754373,45.98134354888711,State Highway,at_risk,clear,flood,high,essential_goods,high,good,low,verified,Medium
DATA_00479,ROAD_591,VEH_1135,Guwahati,Assam,Shillong,Meghalaya,25.748738673100757,91.64038000412287,25.90430715385861,92.6357118639962,117.04836968464569,8.197390191369397,655.4905739143475,136.64129043714445,18.06789837795118,54.325675873293044,52.40378972789515,48.34003204829702,13.584125792154227,4,4,9,31.026738728292493,0.7420542094078536,1171,30.07045768370115,0.7069957196051001,333,75,1593,5488,579,5409,1,0.26981322726345935,0.31981735221120766,0.3278415485594981,0.683780673805002,0.6160449648020574,0.6335696064072329,51.14413654357943,0.5252287084033684,4.93511442160545,27.9989551273116,0.39570455522703146,11.23898420195669,5.878029216308134,5.112866313365176,2.0429150276182675,7.662292953129125,0.6901960536639897,8.696230946349353,30.006031105228367,0.8043032683922038,78.40920295311824,National Highway,open,heavy_rain,flood,critical,essential_goods,high,good,low,verified,High
DATA_00480,ROAD_558,VEH_2681,Guwahati,Assam,Shillong,Meghalaya,25.836722347082116,91.7206516805582,25.35849658711874,92.06177565340894,94.93224561223275,36.511030220369605,1209.452704159923,14.542843436725706,11.91433961369461,82.75870969692798,28.230762309600067,21.40019616511276,17.673753729080815,1,4,4,32.19881749284657,0.33402493751501705,1252,64.34092109024692,4.256998334034241,134,36,3043,4399,1053,5902,1,0.5603869409389669,0.36213297259000865,0.806354731180697,0.8937546129605275,0.3225910742533513,0.7075750226338571,16.164718979596422,0.45134279829379076,6.304365209216602,26.358430209317348,0.322524737429106,17.280570502883048,5.850818644104008,9.535525098919386,2.422362765042323,12.771666728995951,0.2950000977320731,7.407397603575211,227.77019578565682,0.8308687353474153,73.63238308488731,Rural Road,open,storm,flood,moderate,essential_goods,high,good,low,verified,Critical
DATA_00481,ROAD_982,VEH_4943,Guwahati,Assam,Shillong,Meghalaya,26.038917290596114,92.30693993388554,25.998991955000925,92.0561823432739,59.65882274345364,36.18132926958097,739.8665240908073,144.27671283652236,30.77303646148266,73.13730090612349,48.427203401356685,64.04295063606685,70.84729180090198,0,2,0,23.727885507833683,0.6174600260706072,1273,32.22469052625482,4.617602674213211,316,6,2949,7313,701,3546,1,0.27658776652184325,0.6760723342889456,0.1676641048296431,0.7158243899313591,0.7801231072195005,0.21304173135325277,53.449003848935604,0.48302938081928815,3.82175362276128,23.33854111554001,0.34090409360394003,19.36992243918581,6.181820952560879,2.8755661026671824,3.795460100991497,21.067510083440816,0.5526005625855779,4.319861302724984,228.97402752452362,0.8325915433144504,49.178043877879645,District Road,blocked,storm,accident,low,essential_goods,high,good,low,verified,Low
DATA_00482,ROAD_320,VEH_5157,Guwahati,Assam,Shillong,Meghalaya,25.804044587016126,91.42188836870288,25.628868025505046,91.83561446758998,136.99410870375556,35.87827566427682,1116.1739672853346,69.71242590962812,28.68021073541595,82.34288708125973,17.79460330137862,57.605187334386635,63.94121883094547,3,1,0,20.2688724686665,0.27788025361766683,1000,53.98137667092641,0.9882749849727583,54,57,3815,4601,554,4557,1,0.32395234624378066,0.3858624366580491,0.4692406528362152,0.4424061129871567,0.6401616359560276,0.8121537514680914,42.168692403660785,0.9074007171713558,5.489431691839159,27.779847543890106,0.3792347016471263,6.950072700051871,0.6031734734215914,6.528278865781125,4.547448812211602,27.870752939297752,0.6238174620410014,8.323455918305228,84.61737559214413,0.5470566852117473,71.87066010158668,District Road,blocked,heavy_rain,pothole,moderate,essential_goods,high,good,low,verified,Medium
DATA_00483,ROAD_556,VEH_8531,Guwahati,Assam,Shillong,Meghalaya,26.287211487097665,92.31726641758338,25.869212910737815,92.75099399148829,200.32187726502127,37.75606209665439,909.5369388297107,151.07594512729625,21.643273647854397,75.090769316177,20.476590367974488,38.559689678612,22.023811949805847,5,2,2,48.54041554279755,0.48401477587968367,1056,37.734574184014306,2.1946895963121236,257,44,1018,5883,480,1522,1,0.7035048870514902,0.7132245851021835,0.6213925586757405,0.2663687351906,0.59759222023702,0.1465510772989175,17.26227518196762,0.7382203816241284,5.893766587682313,32.8390150818544,0.24322460155616554,6.277501099042757,0.5282719552801971,4.681370655845149,1.9921399785976235,23.149313052415966,0.3050105927103587,7.703786765147317,187.52908434169814,0.44038368963387836,52.02669977139887,District Road,blocked,storm,pothole,moderate,essential_goods,high,good,low,verified,High
DATA_00484,ROAD_799,VEH_1220,Guwahati,Assam,Shillong,Meghalaya,26.3617009442894,91.05522874288516,25.466415047860913,92.61210736035855,151.24257221429332,14.994345711511235,233.7583334687149,32.45280984403087,11.498250055240891,61.048168068170355,21.921571025030957,89.27199850039558,63.2539882431466,1,1,6,43.85651420615265,0.16223730491795785,1328,54.471743839004354,3.7881975305099274,320,75,3213,7538,943,1558,0,0.5380948549616474,0.6462778263493267,0.3546252519034291,0.2720291420750365,0.8693292882908702,0.7300443406650365,34.36772747431331,0.5197889183266131,2.6275666842251364,22.478358367134994,0.18333817447620826,6.82184045715103,4.597037511806876,9.30985133228514,2.5536335499151126,24.102869862301233,0.48585387287873927,5.381747082027541,25.01348359994165,0.7043830418817012,68.64621256801507,Rural Road,at_risk,storm,flood,moderate,essential_goods,high,good,low,verified,Critical
DATA_00485,ROAD_700,VEH_7142,Guwahati,Assam,Shillong,Meghalaya,25.516775865307107,91.9628558004516,25.067799406321544,92.43382778550158,181.31823654110883,28.910452122510847,1275.8142292026243,2.8480885421286017,10.090222382917068,58.12162951261788,43.74044265766792,54.746571627236264,82.66145127163686,2,1,5,44.93778910940303,0.3524365918531387,1085,54.020455271739195,3.9272795278032464,246,22,3946,3548,437,2975,0,0.38364266197224095,0.2730251662473118,0.17059154231509038,0.4108398221498515,0.12578521554664965,0.4876427847595711,46.5747061426419,0.3827269878976831,6.411803054821458,32.070531723135936,0.17356410540920128,16.92216138329718,2.682638338558919,7.59909105796997,2.501713608934886,9.191490311389817,0.518645019899775,8.782696021512226,211.21310706321532,0.20186392986464738,36.18514931542136,District Road,at_risk,clear,none,moderate,essential_goods,high,good,low,verified,Low
DATA_00486,ROAD_184,VEH_9802,Guwahati,Assam,Shillong,Meghalaya,26.415776683000615,92.02293789796175,25.7547821913615,92.0281734327801,91.32157335359132,36.82030869600376,1574.0089362092078,40.66742748734643,22.422514423554013,63.610085131958435,16.20828375190117,87.85621616429763,83.4938599863463,4,3,10,17.672420275895956,0.6394528042548805,117,27.067712156229277,3.3276420128076096,130,34,3889,7855,1881,3507,0,0.37940942770264974,0.8606930114150092,0.8485319943858873,0.7206561597464344,0.39174392603454267,0.23423002775768317,23.324916468763007,0.6127830077092205,3.9293951389823016,23.114734096445794,0.10575092269893756,17.65966272227271,8.105965383908092,1.5209726190538195,2.8866817624313557,12.589713988058605,0.820334894762871,8.142878307113001,42.09465165623715,0.3195663942380839,89.83672890305553,Rural Road,at_risk,heavy_rain,flood,low,essential_goods,high,good,low,verified,Medium
DATA_00487,ROAD_199,VEH_4610,Guwahati,Assam,Shillong,Meghalaya,25.811048981044394,92.1433069142095,25.571939677683265,92.21205114766201,184.78965972400272,16.318012278580593,169.78895176185148,62.129130932850465,11.387179082772233,58.82351009714067,34.30782268626009,77.33869670386662,79.29188989709584,4,1,3,21.61775077930875,0.2017082196687306,1342,69.10148002819354,1.45177165951328,110,13,3022,10965,1057,5604,1,0.6956502487730032,0.29373016344353503,0.710503160041521,0.14161769652614878,0.5701032741993995,0.8389927572107604,27.13722135448452,0.5862578141376086,6.269856180364328,16.189505598599283,0.22445403589384946,18.18745144956296,3.092881784503486,9.911316117528113,1.4786146850783033,15.039435157202384,0.3376492841141001,1.7546271234084756,223.5971116963811,0.4494509246476758,25.662176519021322,National Highway,open,heavy_rain,landslide,low,essential_goods,high,good,low,verified,High
DATA_00488,ROAD_829,VEH_2635,Guwahati,Assam,Shillong,Meghalaya,26.393703334387038,91.92495835944806,25.887999376210587,92.0294472252483,161.19961728361847,9.212753700000569,615.234589786786,145.52412357416847,29.201347290140035,64.3895003240394,27.37274770273438,78.75871441926381,44.572712920535125,2,0,7,41.225932933447524,0.34434142306766696,721,25.983967625754122,3.570989676422652,124,76,2620,2610,589,4230,1,0.37299456091344896,0.14406111488924048,0.34542882254383517,0.16562727054915188,0.594498919948107,0.6869940567236628,22.20851519408485,0.5145132584778533,2.851803591004569,14.185661947047127,0.1875614087467871,14.200717890382169,3.9479636283634836,6.766448530739683,3.450108603233825,7.3320861192921845,0.2412114003793901,7.783798575354325,214.04549752332306,0.6916240417115176,52.11490371015563,State Highway,open,heavy_rain,landslide,low,essential_goods,high,good,low,verified,Critical
DATA_00489,ROAD_611,VEH_6830,Guwahati,Assam,Shillong,Meghalaya,26.427870665774023,91.60316265937499,25.650383493171365,91.99533749808636,162.20513634942898,17.370918053021988,1424.464496586319,25.45116406032877,33.86508661247987,51.37146460867312,15.64540095425021,38.96930437356124,55.834817170876825,4,1,2,47.63395491834413,0.16908023801896166,107,20.55612152265857,3.627866855019107,101,84,3475,11389,1597,3781,1,0.20360500073470691,0.20613537759344702,0.601837816571385,0.13932505073225016,0.2609893927449026,0.21661380547586406,18.263852426494786,0.684041333166928,5.031278664188153,28.53210327412754,0.2810653508589648,17.0604185467906,5.676796228647851,6.541161354184984,3.675080319077442,11.352215782750669,0.33396221764050993,5.167725730340782,52.4717415315532,0.6270421523209937,17.069784578824986,District Road,open,clear,pothole,low,essential_goods,high,good,low,verified,Low
DATA_00490,ROAD_394,VEH_1469,Guwahati,Assam,Shillong,Meghalaya,25.6735025107212,92.40295422261678,25.181928867564704,91.51663183975266,200.13040119767783,28.846887628215637,1540.2372405733245,26.535573783777288,32.160222097692284,61.85705043600487,57.50406406265049,47.93975709737318,88.37841964184473,5,4,6,48.81136411381728,0.13332643936882677,1286,21.164689010819657,5.288435641369772,354,64,3184,10575,1334,3607,1,0.41371405698619357,0.6502485588764266,0.26339017173813084,0.17501468599188358,0.41114300685661376,0.6016039898455001,39.80933964400785,0.803944354511074,4.020413370249207,18.82230326975087,0.026055527376273077,11.618416021396236,5.402262650317396,9.340714600637956,2.213987548947529,27.00183670612368,0.44331630839331126,7.275312638601847,230.04758521724756,0.6293396967381851,76.36703386166988,National Highway,open,storm,none,critical,essential_goods,high,good,low,verified,Medium
DATA_00491,ROAD_918,VEH_4170,Guwahati,Assam,Shillong,Meghalaya,26.056012573705544,91.01368227141468,25.279442202165683,92.5799202178855,83.73166719856934,26.5918643389875,1380.5016164501612,159.30883472372662,32.56376983266456,53.5838673555474,36.75798325871622,21.07966538520406,50.71517885725279,1,4,0,22.256007541153462,0.19700255846934303,1576,56.51381405307015,5.212608400518292,296,75,3467,13538,960,2914,0,0.8605907363787777,0.5556302505126492,0.3464317683781257,0.5712970656829948,0.7027884848239138,0.3076923874592866,71.62153571423175,0.7483077450531328,6.469160649111476,48.28132699778296,0.35619393343858424,5.433810314870506,4.516897659419692,6.047148258643719,2.942619784117007,27.067624161574194,0.8701189377515881,4.67955447188086,73.38689412110344,0.23940681721308396,55.15195449076959,State Highway,open,storm,accident,low,essential_goods,high,good,low,verified,High
DATA_00492,ROAD_888,VEH_7780,Guwahati,Assam,Shillong,Meghalaya,26.33471315204855,91.497593004778,25.688766558921557,91.69402463861482,224.91134798797796,32.69747894369469,724.8519324981213,46.05255093884217,26.588320199262547,79.80924974430968,41.49523351495282,81.0846324415015,22.708022311649998,4,4,6,46.718162527428845,0.6735233160049995,103,58.00682789234136,1.109306826428941,141,19,1205,7119,729,1241,1,0.8186222166416242,0.5113913794925693,0.44167512974249024,0.6819944637896183,0.6452066835291488,0.765442510976823,48.94709284205253,0.5071281629007605,4.614882133847912,29.80836227607185,0.32958314789965754,1.3509699449347314,9.501082652154503,3.506876922514512,4.008550813483598,10.470272056689485,0.881496208817963,7.6065942386279835,154.26972618868277,0.7816656284212247,47.99551089687523,State Highway,open,rain,pothole,moderate,essential_goods,high,good,low,verified,Critical
DATA_00493,ROAD_816,VEH_9004,Guwahati,Assam,Shillong,Meghalaya,25.774537984560794,92.06280629475438,25.965367967459812,91.61308127386167,177.74118218425738,5.084115994199173,1299.7819548949076,85.96366344413084,17.27831497243279,73.69535071670805,42.61473222674982,88.79321541635785,22.519223349417654,2,2,9,30.531697879083964,0.708490354539754,1632,52.59568591334532,4.8444991439135965,346,63,1938,5213,985,2735,1,0.5905028367415616,0.3844741689391754,0.35463483972514553,0.7140025100600149,0.7229197838385469,0.4486642319600612,77.07044085719782,0.6585330043172606,6.195063099352907,27.623988547738914,0.2588331288120409,12.378183410380709,2.5283119005455066,7.503631324108142,4.567574777042267,6.2455093796783165,0.8687893505735802,4.158661720362169,138.47128290004812,0.32857982697127674,76.805619067107,Rural Road,open,clear,none,high,essential_goods,high,good,low,verified,Low
DATA_00494,ROAD_877,VEH_9871,Guwahati,Assam,Shillong,Meghalaya,26.29188030023208,91.3224497508851,25.772293378880757,92.28026310740121,130.30739171625072,23.873073563465468,797.3566877887044,117.397381924646,11.2204968496646,78.2793284460567,47.146072715313636,50.51257495465485,65.53262713510674,1,1,4,48.4221166215721,0.743571505747845,1136,68.54141475021319,2.0102686475559066,134,25,3927,5915,1433,941,0,0.7708042791744009,0.3669151119617641,0.2753388490595434,0.6982008113980938,0.3997823643360169,0.8049154253422234,42.939234361180354,0.94007341683025,4.597302087568174,29.438815445997374,0.07494173353892583,18.642333780024128,3.3977008354656695,3.4530906584222594,4.403755926183332,13.626257860110773,0.6100393839774187,9.03246608031212,34.20315469344859,0.8233716577752896,48.76445880877498,District Road,blocked,storm,landslide,critical,essential_goods,high,good,low,verified,Medium
DATA_00495,ROAD_406,VEH_2031,Guwahati,Assam,Shillong,Meghalaya,25.607085530454672,92.03631091661555,25.710597347696986,92.56731515136293,100.2755578906584,7.169254808328723,855.5607256003169,113.2427524022492,25.663434364923603,80.72601658784131,49.16607605347137,45.510153261202646,13.405899507232002,5,1,6,49.33903122687485,0.8035831444337427,831,68.4924988154256,4.4746017483872755,141,71,1207,1321,1679,4972,1,0.3721472851917258,0.3560204777063283,0.21100779229009634,0.8313486704749755,0.40902187932963974,0.4334279910315372,30.228088617082776,0.6555049410319729,5.910264098444829,25.90659841230288,0.3715679501352481,13.185606917202259,2.81655034294724,7.735494640162706,0.012638436474316506,19.029466660602075,0.7437330714057151,1.2013825884513976,133.11197114572377,0.44037571443267354,63.30429958181178,National Highway,blocked,clear,accident,critical,essential_goods,high,good,low,verified,High
DATA_00496,ROAD_899,VEH_3706,Guwahati,Assam,Shillong,Meghalaya,25.839053215131226,92.00827648975302,25.429444036764302,91.85827042837356,144.5444627173535,16.236483291330643,984.0229026293031,12.333902326016206,26.824096396556858,61.00417337030706,47.93429415989744,43.544087383206566,55.629161283891634,4,2,4,24.52396564482985,0.4559530284069363,817,38.961767397870105,2.255816070012145,48,61,276,6925,967,3382,1,0.6189137386905641,0.6666905415668894,0.6109176327904724,0.34473408593329846,0.8871924088349047,0.44552750311519773,47.95254339282952,0.569471895146269,3.727275806785086,23.451424795336546,0.0564713899904256,8.80001732865988,5.724037513973334,9.556744920222283,3.629619926313791,25.75171071705643,0.3859420414073558,6.5124237889599925,226.95883223487317,0.5408138199406916,85.72871741620395,State Highway,at_risk,clear,pothole,moderate,essential_goods,high,good,low,verified,Critical
DATA_00497,ROAD_441,VEH_5133,Guwahati,Assam,Shillong,Meghalaya,25.962343658915565,92.28821237640884,25.766499752459946,92.2989300247224,80.4510470128815,15.67779632331587,1227.460947796599,83.48631638282401,30.466179939812243,79.66684413558745,43.18289145462795,53.86296219635331,23.835902424095636,0,0,10,47.99044976223174,0.4746387360210672,1124,36.83832347441124,1.900093041891181,144,43,1307,11619,1797,4896,1,0.17618454333250463,0.5271737893152177,0.800428972534545,0.3992740480160296,0.2711973406051069,0.6321530658845533,25.61540548984042,0.8455275629343502,2.9922773525043316,31.456267048930687,0.03814069823712213,19.368025601541298,3.625277473154213,1.1588765494965658,3.8762349513974437,23.746917430697568,0.750029449742865,8.530078270257219,134.34649290918114,0.6184632570370161,76.62914960849233,District Road,blocked,clear,accident,critical,essential_goods,high,good,low,verified,Low
DATA_00498,ROAD_520,VEH_3746,Guwahati,Assam,Shillong,Meghalaya,25.73833616236899,92.11249529275368,25.655201075875006,92.75102914966277,89.44888980782855,3.683829724077805,103.19762089096835,141.73466996570468,10.456072290430592,54.57928960265979,27.024594540726447,61.50321177986555,88.06427207266589,4,2,10,37.17594843410779,0.17681279930165658,1594,68.95362648840995,4.181925317229849,280,88,1205,5765,554,5454,1,0.6709155459364755,0.5575245043042042,0.8957551958664662,0.514561234193253,0.27340168058463166,0.8510640638077327,41.10043138244693,0.7749374166266356,5.606778597635529,11.483184433776499,0.2633045150687691,9.768110219259317,2.0714423370594863,8.421810705175517,0.5038647360837079,6.945827055744329,0.4435542257952859,7.10024056793122,173.28703489479693,0.22751957051891789,18.38881280322637,National Highway,at_risk,storm,flood,high,essential_goods,high,good,low,verified,Medium
DATA_00499,ROAD_796,VEH_2603,Guwahati,Assam,Shillong,Meghalaya,25.89786846864123,92.05545342888045,25.10984196327076,92.53756448756691,153.00919828114752,23.835713783434443,1427.0089395478085,87.99861682757201,26.614561816617332,84.67926968347841,55.7840600400846,49.695435920073635,42.144339488062805,3,4,2,23.74953357393235,0.8985714924212801,1719,41.4218141461935,5.999214498853982,218,86,3458,6833,1740,5218,1,0.13638035350471595,0.14623433622392756,0.20246970136665948,0.5271827729840927,0.27151899498755117,0.7232723241172716,82.6927058767839,0.3728629495995796,3.7504043374602807,23.816238290152796,0.37878051251933564,3.0229390957381552,2.099729272712016,1.0657121141977297,1.3605247881100146,6.178208664730379,0.5276668730195082,8.715433126605951,62.11791121074744,0.6446770266952306,88.04645396142394,State Highway,at_risk,storm,landslide,high,essential_goods,high,good,low,verified,High
DATA_00500,ROAD_811,VEH_5391,Guwahati,Assam,Shillong,Meghalaya,26.020160056376945,91.03352001528461,25.703593677041262,92.61040042985536,225.0000379498223,20.231794633464247,118.7066072905679,138.9403645015686,11.288739762114915,70.53246245018764,44.65041386006774,76.32149014990307,71.93435229592939,4,3,7,30.29335185529166,0.39180593824815657,1766,27.668382074621285,5.033991382558229,292,22,3680,6614,671,4300,0,0.8175414069262729,0.4767004418955929,0.5730379757045254,0.3115332347604155,0.7227230060095745,0.15464763129645853,77.04491738573157,0.847987509687919,6.037755729632246,30.923598525029483,0.31207769715539957,9.154120377007962,5.916084836543538,1.796145873458913,0.6312789273343661,8.210563763401296,0.33728684751491783,8.220406029345266,42.000738042348395,0.6386360910562603,23.311301065845083,State Highway,at_risk,clear,none,critical,essential_goods,high,good,low,verified,Critical
DATA_00501,ROAD_876,VEH_6217,Guwahati,Assam,Shillong,Meghalaya,25.951504945485002,91.39615890341823,25.629115494138365,91.99080510801917,105.62935226422016,32.009287941400885,465.1092373391084,98.37976084775907,19.369617083378284,86.85374240775519,20.409021941964035,84.71740301958296,18.750034881098216,1,2,9,18.414450905511085,0.7179723184557709,1190,53.28663589432899,4.70482895879424,205,10,1075,7259,1221,2436,0,0.6497195562012638,0.21550758515559842,0.26486202807794135,0.7604235806946035,0.6147745939485728,0.18021383100758026,56.51784110923963,0.5334193723509162,4.077257751725486,48.0487870342365,0.3487558021868088,9.147950237593276,3.148900713377931,1.8974529566878116,3.8929716459590544,11.98645820132556,0.5476585586173068,1.722440677445657,110.95041502953437,0.2942053654497023,12.232103315662508,National Highway,at_risk,rain,landslide,moderate,essential_goods,high,good,low,verified,Low
DATA_00502,ROAD_498,VEH_1187,Guwahati,Assam,Shillong,Meghalaya,25.695595070731784,91.76223731579277,25.87844971401774,92.01336048987638,86.94837121519409,14.298441113118772,1643.493991501166,175.4599616731681,11.155246930628001,75.78544788416862,59.52615170328566,66.29801740162706,48.6534782859627,0,0,2,18.794258229407276,0.5347704663112064,1688,43.25160517439859,1.294096686486485,339,47,210,8916,1162,4854,0,0.6092068935396432,0.24843342279470637,0.17504731118075637,0.21782540703890707,0.3255511435604104,0.5188420822951523,51.130187642817425,0.6206856193914585,4.666810637922848,36.2708274423493,0.18830803740183935,2.9565826097061736,4.021323793950972,6.168725684295096,0.22358053275153777,27.151205283982712,0.6699003898597113,4.484103736315337,91.90893040766417,0.42995453295925024,42.04845443767464,Rural Road,at_risk,heavy_rain,none,low,essential_goods,high,good,low,verified,Medium
DATA_00503,ROAD_356,VEH_1543,Guwahati,Assam,Shillong,Meghalaya,26.465256114040017,92.0789772016144,25.750688832152953,92.33872480109413,72.77765317726578,17.248565296874855,322.17025735749473,58.12222979386393,30.35876822881469,94.91220563763505,43.78421547169271,61.73281350392103,64.61416366879958,5,1,9,19.31839890279545,0.15532106004591545,865,47.93266235808588,1.0491257461388044,233,69,782,10495,1101,4705,0,0.4698972301320553,0.24012122224489263,0.8685804148442378,0.8378187730705908,0.1535877621076173,0.29917457483778187,78.09297619654328,0.7464691136323689,4.0476147170253824,41.238354109117154,0.2790576924962148,7.477634035791535,1.8843485246225091,8.163012780480276,0.7029784163174113,7.827039998666123,0.5999707424229335,9.363000220139185,30.643883338873543,0.6954873007314715,46.43964729716682,District Road,blocked,clear,landslide,moderate,essential_goods,high,good,low,verified,High
DATA_00504,ROAD_959,VEH_2354,Guwahati,Assam,Shillong,Meghalaya,25.504261727692587,91.5431316396069,25.239313087503533,92.5444683285367,215.79509846438492,9.561497430225455,916.0305613990669,178.85784481652303,18.45179835674842,61.41745177643135,36.565058171540265,74.00418302654279,66.48147484371731,4,1,8,19.274121008142384,0.8008654484923147,1604,24.074373209572652,0.7589669748425772,75,19,3930,9897,800,2451,0,0.5570854325915519,0.3941146702362729,0.861209974496281,0.5663253528269154,0.48575282434380873,0.5625508964773085,80.22123169480481,0.4541560780705481,3.268496533705084,40.3346758670577,0.33447131166797994,12.45506322847396,1.179669362524619,9.360523718867436,0.40722954485641005,17.148311119388577,0.21877798836359308,1.2939250030264042,117.43124024995662,0.5163308742291352,14.55871456459266,District Road,open,rain,pothole,critical,essential_goods,high,good,low,verified,Critical
DATA_00505,ROAD_746,VEH_6255,Guwahati,Assam,Shillong,Meghalaya,25.70883389740488,91.67232705338134,25.558615567228703,91.64989430742614,148.19107535716495,2.1828830729310575,1398.7388440641623,16.7800805968921,20.092795725447143,70.91547022726479,41.697713836707734,80.03960538092903,10.751195185049607,3,2,8,24.79353612553644,0.34813120558617944,1443,62.13957962185377,5.621708890268002,262,86,2801,11949,777,1555,1,0.708243395306672,0.13568576113967065,0.28063862429289266,0.31135732877340383,0.7329960907709531,0.6987334837241006,65.57936333694018,0.5383915703743565,5.543064672785771,46.496355460563315,0.3274775198705974,19.6890248842357,8.98214244398651,3.3762449394978855,4.341405531029621,7.907759841434956,0.20022560441148482,5.885606322647298,226.8036337196759,0.8011496747302445,56.93189341036711,Rural Road,blocked,rain,none,low,essential_goods,high,good,low,verified,Low
DATA_00506,ROAD_898,VEH_6896,Guwahati,Assam,Shillong,Meghalaya,26.31762844756038,92.07717855896546,25.298895908912616,92.1205147164883,211.34967779363998,39.65143238819138,278.8164934721169,69.66300847765854,11.280624695889054,92.90134209912512,36.687168784410545,47.4543292929764,80.48902657602727,2,2,2,27.672006563451514,0.6388887330483182,819,40.91637899779546,3.0373409265594127,292,72,3436,8469,610,2263,1,0.6464987848795366,0.26807065186526347,0.5055279394260248,0.3146905120806296,0.8911844711321607,0.11978329275972702,29.225227315708253,0.20781238978088873,4.320056634973033,30.298825281209083,0.20378652408388598,19.176126927288934,3.9262106878948386,8.724443406908758,3.708214961620508,5.285194598669366,0.5037112777327691,7.512084143692215,189.00562252423393,0.3273974205964673,79.24015638462174,Rural Road,open,rain,flood,moderate,essential_goods,high,good,low,verified,Medium
DATA_00507,ROAD_551,VEH_8474,Guwahati,Assam,Shillong,Meghalaya,25.939032871992463,91.5618778445019,25.040880208886183,92.35053082754207,150.98570682071286,37.396544110560036,1618.2361938298095,140.7217976347733,20.156697434245622,66.93118330111318,32.33513221713879,61.24816963718558,80.34733935918163,3,0,9,43.27639811901729,0.8382385518791631,242,53.50399761845341,0.9696943894286276,254,30,1664,3018,566,5437,1,0.23791301362175546,0.6285511004505978,0.12598561887065546,0.5317113576342808,0.8208049693891886,0.8330293426986048,35.11937382906777,0.3229725902815998,4.271437224243639,17.703694607141873,0.3116612983321757,18.89117421023548,2.570192540500166,8.090141730665248,1.0783756381564809,19.734665663740376,0.36084967014612124,3.5193068862838066,30.075475031041126,0.4807948989426846,66.6695290145856,National Highway,at_risk,heavy_rain,landslide,low,essential_goods,high,good,low,verified,High
DATA_00508,ROAD_430,VEH_3303,Guwahati,Assam,Shillong,Meghalaya,26.098785685788993,91.13551594097027,25.50584831344809,91.81517213081652,184.54256416833542,17.15541263859673,182.55225536309666,61.882170422269745,29.63674693974483,88.7668647416626,19.569559871848387,57.17437589172041,76.24223980646521,1,1,5,26.77161123644109,0.5253664462499408,1697,67.35409220332008,1.8497491187340467,89,74,2787,13344,1866,5162,0,0.3047400544090187,0.38968799918927677,0.8704684335650098,0.8236114152859008,0.5235258269438818,0.10516911342134164,32.330690161957264,0.5330497895005928,6.019818943494194,40.405305324005454,0.18630549061537216,6.750982719971511,1.4937194733217545,3.9971920714261344,0.14931792317596337,18.928270500086214,0.8796494265335619,4.818490288822629,144.25764395629514,0.8724096835601409,53.54851627164329,National Highway,blocked,rain,none,moderate,essential_goods,high,good,low,verified,Critical
DATA_00509,ROAD_135,VEH_2524,Guwahati,Assam,Shillong,Meghalaya,26.121432095533898,92.07562274378054,25.32602851510184,92.02166887263802,115.38230942320702,29.440055149968604,455.0407880352056,171.17196651854402,24.79666284763922,75.95104064630338,12.244519440062392,76.77769901631976,55.26882322101799,1,0,3,42.18576790348638,0.22758365225604502,1163,44.85315136722575,5.045014998962698,69,32,3482,3580,1949,3437,1,0.7377628410380591,0.23894491539166715,0.7539473182743804,0.47911156365700636,0.6332264159765091,0.41384146994179194,36.02919413179061,0.5203327190597093,6.168212696329826,19.378191290705832,0.35733123472750994,15.444592509212153,5.510639404175708,5.559025697854631,2.355036921966414,5.484653436426333,0.25500662394693996,1.3719470322815845,143.59098568354062,0.41855362085202896,64.7819793696928,State Highway,open,rain,landslide,low,essential_goods,high,good,low,verified,Low
DATA_00510,ROAD_382,VEH_9680,Guwahati,Assam,Shillong,Meghalaya,25.998289217200234,91.2062336168276,25.864888360322833,91.58859601596161,219.74206055887467,5.126224394738844,557.4022344488221,159.74045655159435,20.376310559289163,89.35007673495292,22.57458847584476,71.78050131539592,72.39351516823483,2,2,5,27.442910157062894,0.42460302520362103,1493,48.557614776237486,1.890742972618059,117,6,1141,12817,1115,1353,1,0.5276430303367832,0.7136017164090536,0.33388371905651393,0.5342823322534823,0.8510809767544829,0.25091144562758916,15.937777832899558,0.9256965006094227,2.7672929584487926,30.307544455631728,0.37990386652353836,10.374814061026393,9.040451259400658,7.199150346208486,1.0808369293025293,18.37271774322126,0.6509848923036903,4.836201954191694,204.0147168173121,0.8051000332961307,36.84583869304312,State Highway,open,rain,accident,critical,essential_goods,high,good,low,verified,Medium
DATA_00511,ROAD_571,VEH_1114,Guwahati,Assam,Shillong,Meghalaya,25.59565378252404,91.06642721655629,25.106857445578996,92.06197110969765,160.1400132900462,4.868137554674309,1539.9396364259205,133.4747908969131,22.0846827829833,55.95055078153979,38.958384186789104,44.52782902980578,55.71658261459816,4,2,8,16.61770592756966,0.7787086162707273,416,47.48543460809535,4.464787777070507,94,30,1129,12551,605,5529,1,0.7734217465147427,0.765072567872122,0.5602792897668195,0.7807973158222684,0.7031606762207581,0.5683924635676494,50.38646065672317,0.6450423507550238,4.983843196459645,14.125624997517763,0.2874040292046573,11.174998524253544,9.391504080519091,9.176988529768483,4.572427955370915,25.263852202313572,0.25412773266844013,8.58086065872843,205.46626382306627,0.6521471113751993,16.66255371714974,State Highway,open,storm,pothole,critical,essential_goods,high,good,low,verified,High
DATA_00512,ROAD_343,VEH_7750,Guwahati,Assam,Shillong,Meghalaya,25.658451321612887,91.19542907192364,25.601290129719143,92.17227091046705,145.44512804358422,13.502749327180263,1278.2710613247214,154.65805083458045,14.445430878620439,79.39108834326055,57.38583180099902,87.74924222693461,83.19469897140674,2,1,4,40.46660356770166,0.2885075495226677,1422,41.712163354560744,4.84172048819053,275,21,3812,13312,828,3333,0,0.608285107050637,0.2580423750261341,0.8066733976757994,0.7879423576849738,0.5981087201639159,0.46995186518962395,49.67851565432075,0.6527009686892085,4.370975995860274,44.68038421165697,0.23328959769060476,7.876160122860264,1.2811128967111756,9.13603220622916,3.763416696749775,26.2852400368797,0.3559603238554968,5.666746421150423,177.17852086356004,0.23010741907687843,22.535335787167146,National Highway,open,heavy_rain,flood,low,essential_goods,high,good,low,verified,Critical
DATA_00513,ROAD_838,VEH_1816,Guwahati,Assam,Shillong,Meghalaya,26.06762415384561,91.01422564984941,25.065815518937633,92.40870223239538,131.0737215165238,26.346881697174165,912.3998322027878,22.56499031738987,13.186119960245465,89.55415083133181,27.30346572404254,68.61659783530541,87.52043944231963,3,4,6,44.16512824479294,0.2007125995514831,635,49.69496814675246,5.575635076923603,143,52,3402,10823,772,1334,0,0.6742659327832763,0.31474406077237466,0.7641473628850523,0.8796339217343772,0.8298966473356234,0.6430159290557369,25.381593724141034,0.3812951067950568,5.0059368619493,47.768909248931536,0.3851833279372347,3.1593289024435,4.709125267018358,8.37633035064125,1.98000976110768,27.78606669340908,0.38103726315453357,9.640014483008917,98.85823350212303,0.6001045188215441,73.03676069542661,National Highway,blocked,clear,flood,high,essential_goods,high,good,low,verified,Low
DATA_00514,ROAD_379,VEH_8346,Guwahati,Assam,Shillong,Meghalaya,26.30112735410165,91.245375858522,25.57520856364596,92.32858289789456,211.83474520299666,6.783201418067815,1736.8062086017435,109.86775758485001,26.184518069396507,64.53688675716933,27.949096542906418,49.08069516577992,65.48316507416932,1,1,5,42.563081955040396,0.7378002937688783,268,69.14690567288983,1.8705797176565615,334,2,3434,3765,640,4433,0,0.6934030848812751,0.47197864489909447,0.7234979405181265,0.422147234227939,0.1084782185715798,0.6757623267340205,25.027467700525904,0.6220757131421895,6.440209619312338,32.985974263529656,0.2521113845739179,14.360249135318437,6.4343185837932,4.89091561515276,4.212134348350861,15.164480855232789,0.8052656932808289,6.804290874346176,92.7488549260126,0.5161270696838698,49.11124125088426,District Road,at_risk,heavy_rain,none,high,essential_goods,high,good,low,verified,Medium
DATA_00515,ROAD_867,VEH_2002,Guwahati,Assam,Shillong,Meghalaya,26.234707358724386,91.66431194860895,25.363684757138973,92.62200474178739,237.60053769728538,8.68937215484165,481.8775404792559,44.74517421788996,14.911322762403081,93.0181017548136,42.615044352421705,48.017186009315736,11.537977622256639,3,4,7,26.181265189338532,0.26960934245194035,1693,53.593441765742,5.258195336965739,207,22,2302,8680,1442,2722,1,0.46533888100461973,0.2984959770872323,0.7385148514866555,0.5087530141985893,0.8135493351299469,0.2970186473112929,80.3977629072825,0.3743325904602233,5.3964735479751065,23.6154768611646,0.24750258098968217,12.95235459554775,8.414920911612352,2.8737227578033697,0.9039425844609839,10.75006928725179,0.4171583106445491,8.606204581323418,59.31858320498508,0.730707086123207,84.67237189620619,National Highway,blocked,heavy_rain,landslide,critical,essential_goods,high,good,low,verified,High
DATA_00516,ROAD_228,VEH_5072,Guwahati,Assam,Shillong,Meghalaya,26.321499385923662,91.48998034480033,25.818853572222125,92.13371580258989,40.64811605287066,7.976736203496601,1710.2568380984742,43.51095319857648,18.106654609427117,88.66397572636257,7.9776442737761855,61.143103069972625,87.30866746114083,2,0,5,37.19174675582604,0.6586115363378957,659,27.594273296115027,5.424485315099109,183,43,1810,6006,445,1544,0,0.3970685947716964,0.39780923042208505,0.17008110959289013,0.3565935208354606,0.5085534083889984,0.7501291753983099,80.89662122757723,0.7780210747395035,4.099044503217868,13.014708634132903,0.36802471822199756,2.7315290722633114,2.6447687779254934,9.795283865890207,4.868587549251543,13.631483261178929,0.21492506596824199,7.439471458541623,75.22310438808682,0.6820084416645933,58.89922974169135,District Road,open,storm,none,high,essential_goods,high,good,low,verified,Critical
DATA_00517,ROAD_501,VEH_8081,Guwahati,Assam,Shillong,Meghalaya,26.297541843582795,91.260516467975,25.51493109488341,92.34447366573586,245.5521635253984,28.296247935995986,796.2852807212868,154.49787151933523,10.436235748211955,85.27252926957792,11.617853537007637,48.73621299407594,77.63007035975106,2,2,7,17.605171825716532,0.6356918565786376,1198,52.85665637429203,5.404775185262171,251,30,1494,3153,318,906,1,0.448654734728025,0.15852604098713902,0.13322843485571012,0.2230741861744818,0.35151384238668315,0.5499016145439771,41.978861131282436,0.8065067650293896,6.076545892114052,36.70578499201865,0.38076966469053225,8.980511295179145,4.564847306264009,8.895380099833892,1.530359692493359,22.14596547480149,0.6849112724888816,4.802123883484365,230.4033784939803,0.5536304654883071,69.61303279725425,National Highway,open,clear,none,high,essential_goods,high,good,low,verified,Low
DATA_00518,ROAD_625,VEH_9592,Guwahati,Assam,Shillong,Meghalaya,26.000836600044877,91.14724479844362,25.593896807783278,91.54974437330188,203.82719817740158,31.081038882313603,1622.9130660314602,75.16760641256086,26.411090663556042,67.3643180520995,18.369014490525743,56.61019055524257,42.610542158416145,0,0,3,32.78896597444732,0.6661772342661426,1602,37.61571693740598,3.400932226293915,210,53,2640,1749,1017,1188,1,0.367257106264001,0.4202077910825336,0.5454434724825789,0.7069307336825856,0.4041548221029815,0.24087776854041457,17.399238726811156,0.5593755566472918,4.44236874076897,16.243296180527107,0.24796037239241447,10.277227692121764,8.276395568381401,7.5160220320885385,4.917579500152757,7.8064961867834555,0.6681351614039222,8.783216570417942,125.67143335734308,0.6425915363074004,46.648111469017465,District Road,at_risk,heavy_rain,none,critical,essential_goods,high,good,low,verified,Medium
DATA_00519,ROAD_718,VEH_8265,Guwahati,Assam,Shillong,Meghalaya,26.45229998889795,91.78064329654241,25.598415036380203,92.31745413754314,151.02938358025642,21.599071059260464,275.50835974979015,130.88731356261232,16.382581097386673,93.962411677707,38.416067884671385,34.30936842274611,46.91604786616489,5,0,8,17.780077674295235,0.4100225775289891,639,48.214932618781404,5.691006287122505,224,67,2309,12849,1155,4581,1,0.15470248978374787,0.5489493867017405,0.71028918320789,0.8145723408518806,0.16720086589447603,0.3434575757641996,45.17751241609727,0.46332071611006903,5.574586105356881,34.30480503904975,0.10433914079436964,7.943416242297808,4.141272756687079,9.972212200857935,1.2447189884680627,23.762351589166528,0.5526465008718533,9.244945195558303,172.55974988454204,0.34665635013580237,84.55981203708032,National Highway,blocked,clear,landslide,high,essential_goods,high,good,low,verified,High
DATA_00520,ROAD_588,VEH_8898,Guwahati,Assam,Shillong,Meghalaya,26.294601889267224,91.0276427866184,25.200062871720057,91.99208657774082,178.1279501181706,22.111727146252907,917.7533103827471,173.0384731463954,24.797566790648688,57.2399724109785,27.86258806232523,45.98236583040648,53.80047349958808,3,2,3,38.565419393624836,0.11009219200679016,311,27.178865843497654,4.156324947749626,100,47,3550,5752,990,3531,0,0.6265473607647627,0.8974301179772706,0.33662991875323045,0.8940418662509364,0.5058246612163059,0.6955006463522981,17.553461243261086,0.6226889363647392,4.37890180061775,46.736106738615476,0.11128604093791199,17.0156897825512,5.766679237015781,5.463779275217312,3.155487010562705,10.922538884063883,0.5570013309629056,2.2159415914767027,109.93896981264845,0.47420944906911683,11.05516743790977,District Road,open,rain,none,low,essential_goods,high,good,low,verified,Critical
DATA_00521,ROAD_331,VEH_1290,Guwahati,Assam,Shillong,Meghalaya,25.991718602863266,92.46048736997548,25.27797969509927,92.06898777551254,150.67193880878773,3.136529133096323,1735.0156418568683,14.304218384541155,20.319414420815537,94.56663323354829,27.73217645662066,47.12401561947371,50.958772074697755,1,2,2,32.378576653164224,0.255721136088528,304,46.09344780655035,4.891459897732411,110,18,1579,3542,1226,3581,1,0.14454943540202125,0.23274687008496972,0.29984936140391216,0.20371142163547723,0.817311668121355,0.32957597398133853,41.05962274042453,0.757668550693045,4.973845301176262,28.064316467379182,0.2537334440405748,17.112130891802035,9.543848066035123,2.6600698101135456,0.39406253618356424,14.22406362717172,0.5947034114271789,1.3913190620734683,84.03876664500697,0.8461194147289388,78.06724883856378,State Highway,blocked,clear,pothole,low,essential_goods,high,good,low,verified,Low
DATA_00522,ROAD_230,VEH_8992,Guwahati,Assam,Shillong,Meghalaya,26.02720439846311,91.44086932880421,25.27541093145247,92.32535129784401,27.738458173362442,17.687074194079514,1046.6854873951488,77.64416015014062,29.991434401590553,68.73278885133857,22.951176633905085,53.154473881152,58.91991276917402,5,4,1,44.01947248211455,0.7482508648158198,677,35.137305968601616,1.3541102042903925,104,20,3473,5252,1721,5449,0,0.30084968529159484,0.5353758682989606,0.41430901403065235,0.6793495242029225,0.2954530946511408,0.4691915704888431,47.341652105574745,0.4251525616291423,3.3700395399068213,11.662094958532974,0.34292427441688833,18.91741683631982,8.408462028120626,8.843387894249638,4.5669989858945295,5.789154264228439,0.30674970720843464,7.1113596217769075,167.04215114646473,0.7685213207099475,83.60693470452442,National Highway,blocked,rain,flood,critical,essential_goods,high,good,low,verified,Medium
DATA_00523,ROAD_862,VEH_3033,Guwahati,Assam,Shillong,Meghalaya,26.33081927226436,92.22187406473041,25.804237438735328,92.30033016996647,188.73666936550686,2.2432424468019696,1539.8981423051937,15.348558905804966,19.45912710510438,79.59998820308124,37.95861093599946,82.18735993850353,68.10248821151376,2,3,1,29.322243367187394,0.5417692462747138,1691,30.570918876478828,0.8486479582527514,53,28,1272,2286,875,1663,0,0.7044947985992462,0.5125349408605373,0.1886914667121661,0.7862922728027132,0.783916309847611,0.6067904716942827,36.84353285044075,0.9115829995829989,4.77144363025762,23.672240949162784,0.3518758616634983,2.6325532589163174,7.097939509661999,2.4091513666046085,3.1809044299961693,16.1233569446717,0.6110724647936339,1.0200380667109754,95.15930471083585,0.22698667460404068,38.892678269189894,National Highway,blocked,heavy_rain,none,critical,essential_goods,high,good,low,verified,High
DATA_00524,ROAD_207,VEH_5303,Guwahati,Assam,Shillong,Meghalaya,26.30932421838671,91.5305311727851,25.91042492829059,91.85329615108009,128.9742889164608,19.222943066085314,1708.8220909220713,53.264193973725924,13.811654720031587,64.76550150485825,58.71941772089755,61.975045567866594,73.24475828090468,4,3,8,30.92478812037063,0.31418324129176967,555,30.739728010390486,5.962200195755623,260,33,1257,11129,1584,5656,1,0.10296796920459626,0.8540545477251439,0.29754577045714015,0.18523409788619835,0.2830074870180155,0.6982351718525319,84.92152253568875,0.41669790757239744,2.5871237873414907,17.432885115093093,0.10081845005079662,12.971398023410806,9.642023516777925,1.6372753608134603,4.167278386105162,5.423034508553774,0.3174807764488392,7.831697860967984,126.4570627650872,0.3636199620232896,15.229410352005406,National Highway,at_risk,storm,accident,moderate,essential_goods,high,good,low,verified,Critical
DATA_00525,ROAD_402,VEH_7668,Guwahati,Assam,Shillong,Meghalaya,26.286805436720112,91.24861542122945,25.225859406561888,91.54868739698117,234.134821343293,5.328386277309904,136.24113875952233,150.57285999146868,17.022470504196793,63.076688593449035,33.65795088559622,52.47153998882545,34.02508966732857,0,0,8,34.65007251687337,0.7199179210399247,1402,49.19390977036527,3.3535395432277104,169,65,1233,9466,442,4728,0,0.8185464778520549,0.2971650982218236,0.7464988953263979,0.12028253071443916,0.14284579110952117,0.813626864290207,70.85526729224227,0.2029465393358482,5.076028416522957,12.872639728938275,0.2489730667643072,10.23944516512751,9.566402222954824,8.754603296498297,3.2692106247123887,12.829965757973863,0.8352171958756418,6.35966496747312,207.01256167476998,0.7711113012817599,84.73856212912337,Rural Road,blocked,clear,none,low,essential_goods,high,good,low,verified,Low
DATA_00526,ROAD_195,VEH_5391,Guwahati,Assam,Shillong,Meghalaya,25.78661401788685,91.12919650910213,25.97173880644257,91.96367403443489,215.31788838014867,18.80929040947146,818.8859132018397,103.27219476273038,16.982901548491718,60.45629520340418,41.6070832789605,56.328799137567465,63.08735225477494,3,0,0,40.564393730837836,0.8879415434678178,801,38.70128025864183,1.3896722365801395,320,13,2166,13716,1692,1117,0,0.6815141811021465,0.3881544783342069,0.8254972040728468,0.8011472638654736,0.7057050231421067,0.34889336000197413,63.63122497340818,0.6392499397524094,2.5945042124456523,17.20449280283654,0.1256521579184622,12.903646913767982,9.803477931098934,2.9299810638581834,1.9295841350269705,7.7917040432328095,0.7177894326254464,5.2986027585592135,212.08113750578056,0.3647506264793572,89.55596891309617,State Highway,blocked,heavy_rain,accident,moderate,essential_goods,high,good,low,verified,Medium
DATA_00527,ROAD_942,VEH_6717,Guwahati,Assam,Shillong,Meghalaya,26.345797512874395,91.56417369683633,25.32956948853842,92.35963020709664,212.18652474134302,12.375759253274925,360.83753385980765,89.15578774495607,21.979060183996907,86.54315503285015,35.43744657134955,66.46469992752532,30.86195987540208,5,1,3,17.738431019232817,0.840310775989049,594,33.67397888619711,1.60417011268936,93,61,3957,10977,1099,4507,0,0.44433687332787275,0.39223303415678445,0.5473720409934754,0.18101451681668124,0.7981708897888392,0.7598052222694754,47.375527490129656,0.2939715455385429,5.747149424557611,45.23345283183414,0.32125634151380017,3.307267914586084,1.535225386338022,1.2204785461635383,3.487429835329465,19.68619845012058,0.62864888259459,9.41016499617823,108.47374717724291,0.3840814379990208,34.18077254333741,State Highway,blocked,storm,none,low,essential_goods,high,good,low,verified,High
DATA_00528,ROAD_336,VEH_4888,Guwahati,Assam,Shillong,Meghalaya,25.750537415306358,91.19848041022684,25.695610209106864,92.7768454099355,186.5886780949792,37.66951734756592,1775.4598324872816,119.27189779201488,19.938319018811846,83.63134161564412,58.06833105758092,45.34811036699112,20.091454746923887,5,2,5,44.181284716938144,0.6187576356813934,774,21.192678742534653,5.581541023813115,229,6,229,1784,1665,1557,0,0.633777873341548,0.6998767379247115,0.166531353103973,0.36136235847552056,0.15903966674374434,0.15633055476002672,55.979387552865724,0.344394842322067,5.887820180473657,20.316921111280113,0.20467909739809464,5.7951910897412455,7.758897359076544,6.611379449376426,2.571350078355546,8.48287670827635,0.26140401958518467,3.078892700455084,35.547726052491626,0.7179068572016718,50.9595031380246,State Highway,blocked,heavy_rain,accident,low,essential_goods,high,good,low,verified,Critical
DATA_00529,ROAD_323,VEH_2205,Guwahati,Assam,Shillong,Meghalaya,25.5613613148309,91.99796578953861,25.52922530565313,92.14192729800305,224.4626395188657,31.03815719377376,1764.3381088416766,123.58772360548468,33.71718746202011,61.02554156084234,59.55207778288466,79.92548020983583,85.09512088465726,5,4,6,48.929948628659155,0.6797114695250447,243,50.29542048964756,1.195448580630437,66,67,2440,3231,586,1071,1,0.2706583067813688,0.16528897599142356,0.6817880271914559,0.4181081999656402,0.32994158936479234,0.48455380430463835,19.41913518805243,0.6722698328683812,3.2865686021403606,48.98989996844054,0.20166709801990945,5.243542028523457,0.4847464526019877,2.7062496745671325,1.308992198280135,7.909211756713298,0.639453964721064,6.467956275855172,120.30112679315478,0.33249192552123147,83.04486848454228,National Highway,at_risk,storm,accident,high,essential_goods,high,good,low,verified,Low
DATA_00530,ROAD_333,VEH_3943,Guwahati,Assam,Shillong,Meghalaya,26.477510842258404,91.20986798914217,25.89969925980017,91.69394047223899,223.98035568047206,2.568120329013789,1468.5701741571859,43.88727774114569,30.12608171519152,91.01791944039206,14.614268212984399,82.16444046925908,29.23197952574215,1,4,10,35.41106756106977,0.5840107133729128,1379,48.38352334532074,5.151127869117387,114,23,1482,4031,1559,4295,1,0.30651055753996836,0.6470353097929725,0.32273689365458846,0.8691472127933059,0.7411478514778304,0.6975942530023681,45.044321743190835,0.7276060126515813,4.786260686343093,31.685142944755036,0.045733526877660094,10.63861686100324,8.746660199206685,8.954143613914557,0.3719275559898555,24.578841882030158,0.35579399581663684,1.4169895860163206,82.93838691316053,0.623499860579317,51.578979506803634,District Road,blocked,storm,accident,low,essential_goods,high,good,low,verified,Medium
DATA_00531,ROAD_889,VEH_7367,Guwahati,Assam,Shillong,Meghalaya,26.19860043293817,91.25034918390213,25.481481727441004,92.1225819714948,160.24246127896018,33.95462351061299,391.94174086973345,57.10752462183306,18.908269103081395,54.408602684470225,13.356923094910577,69.92675066800032,31.315731379109437,2,4,10,28.656072306484447,0.2883044509170179,444,25.811492134800666,1.4821765599756282,233,50,3168,1368,743,2094,0,0.3592007071299549,0.3375653748062864,0.528149919487858,0.10537078485017473,0.597991009470671,0.375760428058469,58.345994064663394,0.6258304310108791,5.277007670872995,29.58823486221048,0.2707719066519989,15.621675739587781,7.270542483498564,9.731542052720155,3.9832773644942856,9.889134057172445,0.7814048361130215,9.790712895987802,216.86085764501638,0.421092999238883,37.700536887316716,State Highway,at_risk,storm,pothole,low,essential_goods,high,good,low,verified,High
DATA_00532,ROAD_535,VEH_3431,Guwahati,Assam,Shillong,Meghalaya,26.46130074080189,91.5894173080978,25.652936015002552,92.62169878974866,43.936778856697046,4.792637053481063,372.53155201752014,86.30717040281183,33.70186663337256,63.124864010980346,51.758927247078894,34.370040704008936,12.450336692620922,1,3,7,15.504479363608478,0.13436897016461932,914,67.81203391002293,0.6764035715694329,290,89,798,10470,640,2970,0,0.5090210882803061,0.2785373029801165,0.8272902657899884,0.7915957520680639,0.7394968158640299,0.13145231537804625,48.019224463452645,0.7370875477140906,5.341936007967771,30.990559817171928,0.02450279372184601,2.5812663306558994,6.439431681673915,3.0657496560098365,2.1337958790954152,13.828547552693017,0.8437583990650297,5.902917103025477,58.6028271643497,0.2018685626265061,20.698745850672424,National Highway,blocked,storm,none,high,essential_goods,high,good,low,verified,Critical
DATA_00533,ROAD_727,VEH_8043,Guwahati,Assam,Shillong,Meghalaya,26.262032448411162,91.31401092144732,25.395559939192587,91.58608912083591,163.68229387860634,7.233616238096795,1342.1258781574988,84.59285203821341,18.837061250958016,54.11184844225202,44.015600093242746,21.28242669246833,39.074574044347905,5,0,6,17.82674194226144,0.5106140560795275,1366,35.178729105232506,3.457713903689453,161,90,727,3110,1179,2316,0,0.6520653608301663,0.11029192334296677,0.43467326766690817,0.8968260255563069,0.20771229940057945,0.29250168992423287,17.680043062179173,0.759366675024072,3.1406630721705175,31.157884368572766,0.27911379227234856,1.0535907179295927,9.063263109817553,7.026989925246306,3.414014247892256,26.928883124007818,0.6478214628417835,2.7774224651000017,127.80174295940365,0.7648150082178262,55.94525165243627,Rural Road,blocked,rain,flood,low,essential_goods,high,good,low,verified,Low
DATA_00534,ROAD_903,VEH_7984,Guwahati,Assam,Shillong,Meghalaya,26.11221631158521,92.2542225222083,25.471245443276192,92.37887968642423,22.12744047647508,34.849814497183985,450.78022747351,20.134299522757665,10.035874592929918,66.82173443980639,55.04348929151634,24.49943278730449,11.50879108282016,3,3,3,18.485657015862266,0.412770970248599,1288,43.21538850824691,0.6684519966822736,309,36,1388,13923,1804,3613,0,0.1798819025111069,0.6830945471280108,0.17598695450902843,0.4257734316547137,0.21416102397505538,0.8562966728977809,73.10948810376854,0.32746729803676344,5.860935267801642,10.143717404111783,0.06710779220141624,3.462284591932929,1.1397478607770035,4.227983095158939,1.5892556614472109,5.453960644862975,0.6268876543270543,8.254482840534365,163.43661680041092,0.8847574203726307,43.25618690175741,State Highway,open,heavy_rain,landslide,high,essential_goods,high,good,low,verified,Medium
DATA_00535,ROAD_149,VEH_6314,Guwahati,Assam,Shillong,Meghalaya,26.00321433572064,91.82237219281241,25.984106089592196,92.3422981320215,166.27103477684372,16.154158697070883,499.51980035551236,125.66356065882447,33.030846802706506,83.30765010846383,57.50558431050939,79.55833062468173,34.48500066813469,5,1,2,49.827047058647246,0.23948543631088448,796,57.30760137377905,4.219991993841715,335,46,391,13641,518,1612,0,0.8317083557224992,0.7210347959945044,0.7536570806778897,0.35547303859318713,0.6486585285389539,0.7678591917847214,47.41047897318376,0.7280932516416414,6.418472872754171,32.08653138229337,0.27105038837648676,4.366197516288258,0.5956929949393935,1.7421042684358863,2.2257110206917066,18.288105388649004,0.21307670830606604,3.141638555965188,82.3135963038138,0.8746886592441876,74.18733233357044,National Highway,blocked,storm,none,critical,essential_goods,high,good,low,verified,High
DATA_00536,ROAD_476,VEH_6381,Guwahati,Assam,Shillong,Meghalaya,26.459624295623126,92.15225091161224,25.660750878832022,91.97380499746751,222.23477238148996,4.5614646998968835,176.83247666190897,159.9924411842094,28.41130569455244,65.86809959530004,27.37208414347847,42.482261815251505,49.67403089975378,2,1,2,36.25434159777615,0.7820717399612862,319,54.03097137375433,4.818899731864565,333,70,1115,1300,1751,3402,1,0.4741887117128203,0.8772526987957717,0.4537215344551151,0.3000912983723788,0.7136434368370894,0.6462629741673465,21.143420188221512,0.49179096408502576,6.071494258051672,31.979690960045776,0.25147783798596723,19.599213808416145,8.518908738308557,9.711818402822779,2.8522006967944953,27.789092724880803,0.22728311984683947,7.808613784471658,222.59377057434523,0.6615082886059325,87.14084992878838,State Highway,open,rain,landslide,critical,essential_goods,high,good,low,verified,Critical
DATA_00537,ROAD_569,VEH_8088,Guwahati,Assam,Shillong,Meghalaya,26.180758720251422,91.10552195977313,25.671619016733672,92.32630577050966,224.26809853858842,28.954156516672224,1097.4096398772817,107.12028503293844,28.037947309628365,50.31646099618569,59.361412194650576,54.70894396046869,41.233270706238656,3,0,0,18.70395784017872,0.19346558301270653,604,56.52613119673041,3.6473472887548706,357,61,2564,14854,1517,1937,1,0.18410603781581633,0.8250904019416588,0.3626878422256212,0.4151578243675308,0.1389108950636705,0.7265166095274732,74.42764740752331,0.3584327529419433,3.2830301306335508,37.07035854034125,0.3678570489237219,15.215197297029643,8.842896086623368,7.089635135046336,4.412574053880922,8.638345098749548,0.4558465846904833,6.784375918426515,237.26159186053894,0.8025461966569625,50.9681441763425,National Highway,blocked,heavy_rain,landslide,critical,essential_goods,high,good,low,verified,Low
DATA_00538,ROAD_608,VEH_5662,Guwahati,Assam,Shillong,Meghalaya,26.11547653065914,92.47032689614281,25.849653220049706,92.72543099855183,170.29885418331912,17.045177388740406,605.2211406016158,43.688291230849316,16.91732546549904,70.8149661181837,54.536028208891764,66.16133129362447,79.56386435030156,5,4,0,25.839740147431435,0.1882554641365946,188,42.5949739675939,3.6984171940456823,117,54,754,7317,1611,3712,1,0.6233537210956787,0.3381745741879477,0.4615396668335473,0.38372517224260816,0.5544360524959873,0.6514954113423777,17.169479694722533,0.800249139966215,4.381055868780968,20.364622250046025,0.2651189534481442,7.476768620424287,6.592142279536361,5.638533159223806,4.604507893742021,17.893117280563303,0.8683633270760793,6.73147368725945,218.99910627104825,0.7185404899562382,46.964899189695686,Rural Road,at_risk,heavy_rain,accident,moderate,essential_goods,high,good,low,verified,Medium
DATA_00539,ROAD_943,VEH_4573,Guwahati,Assam,Shillong,Meghalaya,26.49098253478544,92.0157857467116,25.488805710084797,92.74181866572388,68.41865914360814,37.03344721744494,1793.3337826494612,89.43826674949989,26.303868530303976,54.40377575372654,42.76895650633316,52.61796141116634,86.58412420030204,3,4,1,18.287180146617068,0.8369646947746407,1404,62.994034362325515,2.239666198318743,43,82,2765,1042,1307,5060,0,0.410323361062218,0.22537775724299083,0.25259788750035317,0.6723972422575912,0.5008394677731206,0.3260169566491487,31.5407422430314,0.34181780298501374,4.604990521354377,33.26571422453779,0.163798339674186,12.476280662874009,1.4729791905624114,5.988930650035113,3.4105895372415906,6.080451110013836,0.33110093442310257,1.782985276615721,249.9275802929043,0.296771234652308,75.70891957484287,Rural Road,at_risk,rain,landslide,critical,essential_goods,high,good,low,verified,High
DATA_00540,ROAD_368,VEH_1878,Guwahati,Assam,Shillong,Meghalaya,25.688374565092133,92.45286835873081,25.245667079596508,92.12669283400095,37.21241263422678,11.03992956813689,820.5975610521293,124.98403564672854,25.309355469371976,89.88034394757518,37.18380308424242,69.72528088827016,35.11706493386295,5,2,1,27.06367697060201,0.46118766061481553,185,65.66234982831676,1.3183808677055922,50,52,665,8704,815,1503,0,0.4344773291014137,0.3473344937888917,0.849614256223128,0.7343735299137305,0.5508806423788948,0.7394565431482033,70.94367934326795,0.2833678046202547,4.30196124779806,16.404697629145844,0.1282025214788779,11.469234062065562,2.642959091710159,6.96404762099377,0.4662189616468504,20.871690986207675,0.5343263616703492,7.59177144469636,201.78149438061232,0.7899172193775561,35.99421860555631,Rural Road,blocked,storm,none,moderate,essential_goods,high,good,low,verified,Critical
DATA_00541,ROAD_495,VEH_5850,Guwahati,Assam,Shillong,Meghalaya,25.7832833932284,91.83618586542056,25.352701151731107,92.37255567018451,235.46628027434704,8.416677825402733,730.6632468739048,26.896888786132052,18.09605080844434,92.28099990863294,36.93477741117171,23.573856792039024,87.56202185624237,4,1,10,22.428609428549166,0.3662642325681681,113,44.986119754023484,3.180087135917558,305,77,3485,12012,938,2672,0,0.6169328042083887,0.49052689915861203,0.7862605630526779,0.2533489380869767,0.6785398757493855,0.14937313951762282,62.4861934605512,0.5082949428001362,2.6056588400804324,11.169270431860859,0.2898321846148503,4.380921178991625,7.469936676942828,3.197768230756868,2.8278256720688066,23.021817814687164,0.8881356065998374,8.51631503760109,238.30903705936254,0.4968622052882193,84.330478049997,National Highway,open,rain,landslide,low,essential_goods,high,good,low,verified,Low
DATA_00542,ROAD_138,VEH_8072,Guwahati,Assam,Shillong,Meghalaya,26.143314986963205,92.37401194269464,25.023756987733297,92.43769274940547,239.92271638195865,23.440883479093458,1252.9659016675082,67.4144535571453,14.316086329272547,52.51176207754229,37.121023920617155,34.61495777740775,34.74709726071441,2,0,6,16.160761050867684,0.44913891910989656,1074,64.70233923330522,5.518004701508422,225,23,3182,2210,1428,2486,0,0.7039273541346651,0.7543180658293422,0.5705329581182702,0.6081544807861348,0.7712636534724718,0.692506090380363,26.028591025318203,0.8898985991883528,5.593035715982085,41.32786531710569,0.05958970393245212,12.578604912664092,1.3022540541287928,8.65090769555103,1.1216565975878579,17.009598516866504,0.31173078955214784,9.276798425325207,34.47783846278276,0.23895731216967744,54.738048390104375,State Highway,blocked,rain,accident,critical,essential_goods,high,good,low,verified,Medium
DATA_00543,ROAD_852,VEH_9871,Guwahati,Assam,Shillong,Meghalaya,26.035447842546837,91.6673567010755,25.16651496209699,92.21175272027844,53.41746832647982,30.446711410803154,780.3898969961452,32.72959308121651,13.768147371481994,81.18362944357486,33.52042127909297,68.55911308758218,69.40019907104498,0,2,4,48.59950041599765,0.8846805870343979,442,41.0694223553092,3.673068069247414,57,37,1259,7815,1741,4333,1,0.5026155446743361,0.3592351742825163,0.692521315104003,0.31660138661306847,0.42668150075162015,0.7757140074245226,44.186917821266874,0.719457797456061,3.7966019061504466,10.778099491218441,0.25576816091441157,9.105152143807812,8.33708591400025,3.3874246177050944,0.7781574761410981,20.69067952354804,0.8417711077004577,9.99391415777632,64.7989079833188,0.5227223564107957,46.24388548738497,Rural Road,blocked,heavy_rain,accident,critical,essential_goods,high,good,low,verified,High
DATA_00544,ROAD_379,VEH_7825,Guwahati,Assam,Shillong,Meghalaya,25.818080399025614,91.70215407898442,25.775436169412192,91.56871507385529,119.81455601658253,22.803289044151658,341.87463923021534,96.54169490156188,25.370542092984373,72.50554231777687,29.956815037446226,84.48958054721894,53.66047042984658,0,3,0,20.427212260372887,0.5179621402102513,1729,49.93695219469474,3.3195723584411216,105,51,3014,12789,445,3993,1,0.19562108777491352,0.12147663236445068,0.37328009722158384,0.7925493865769601,0.15962545660420516,0.5127567645401128,44.697168784806706,0.45101665064986357,5.296298998772972,39.14543173230747,0.327976133114201,8.558469580950035,5.250048265633209,8.154086335088184,0.37135357744893793,25.983249314817623,0.6488843685462586,4.401990016926298,249.87781275949447,0.8785898797881722,56.1782800186358,District Road,blocked,clear,landslide,critical,essential_goods,high,good,low,verified,Critical
DATA_00545,ROAD_343,VEH_7112,Guwahati,Assam,Shillong,Meghalaya,26.17225133393461,91.40508543420441,25.838454912594777,92.52934423255479,39.49038902419957,24.140065609667268,1126.6814510935533,34.36346934409483,34.427602927536675,75.03651030839315,19.393018153228205,21.38043803394558,45.199366213538084,0,1,4,47.583670054270286,0.1947998969035214,102,54.60695911736653,4.786944579196115,234,62,3772,2683,1051,2297,0,0.4836307374676423,0.6190913921800886,0.6796249148193165,0.14385127110061413,0.7616081791235919,0.14657212665665897,30.826220257174057,0.51848661587597,5.238848994999042,31.91887336342965,0.07074373954180527,8.086811750443134,4.537818879273574,4.413763918557057,3.4969396200651763,21.20291767865641,0.40556959054320085,1.7491374688388261,37.084428397511616,0.8821118917104716,17.32726099192366,National Highway,open,storm,none,low,essential_goods,high,good,low,verified,Low
DATA_00546,ROAD_781,VEH_5735,Guwahati,Assam,Shillong,Meghalaya,26.065346050810483,91.2452084722304,25.762601203697102,92.31473305298788,181.76578355592395,20.861762129516595,1150.2151474249572,132.6436624316999,10.819302738068325,50.537983063899546,42.101969342441656,63.40728359733084,80.85567562023876,0,1,0,27.756603484275562,0.5994962381753675,1335,43.66855080017089,4.066322263582931,200,81,1142,10816,1164,3532,1,0.698532875235272,0.30352393884311046,0.7080671797215836,0.377238906331944,0.4068622807449497,0.6425610582855754,58.08710659629569,0.7564968879776919,3.0943890615706318,36.7579623009104,0.16144512130517352,4.149506457648949,2.9565503926361343,4.640171852394349,0.5650289859332858,24.46400771267688,0.3478324182969773,3.62548653300214,236.7604986094137,0.7508332571085845,78.06299410247085,National Highway,open,rain,accident,moderate,essential_goods,high,good,low,verified,Medium
DATA_00547,ROAD_217,VEH_7172,Guwahati,Assam,Shillong,Meghalaya,26.267122484126936,91.0071977396028,25.53019451588564,91.94655655656253,196.3690076793196,34.99913359341968,1474.1686467283635,142.0946512838808,21.445127111147833,76.94202568067956,7.553456045662015,45.42190638532898,33.861973056421874,3,4,10,40.325557058189005,0.5129689246960875,261,33.75162239107123,3.735269199069661,47,65,438,4464,1978,3664,1,0.23673234750772387,0.687577122718887,0.6390723607271,0.45536697659189584,0.3124266405743421,0.12144735196195491,58.20418715796706,0.6183808105256206,4.017281995224154,18.363989049988195,0.2510114409772284,5.910304047940834,7.695555700258671,3.8560413815693115,4.870071390322295,23.41593749656574,0.2764962231220293,9.112259835370184,45.36906354562751,0.8739585581401559,82.88352412053021,District Road,blocked,clear,flood,high,essential_goods,high,good,low,verified,High
DATA_00548,ROAD_710,VEH_4643,Guwahati,Assam,Shillong,Meghalaya,26.31850642834563,91.11456124010789,25.35696585347319,92.24993748616923,47.09042388959543,17.593621907698097,1232.2143551438744,76.37235970401898,11.307883079859288,79.65858064910911,44.77671621884828,33.89917422502046,31.99986141513584,4,4,8,47.79479808956198,0.5254986644286759,1655,21.99415977476155,1.3590815612143419,244,33,834,6671,1561,4957,0,0.10692151984540504,0.7812497575991288,0.3372053655782278,0.7609874913928829,0.758108768310823,0.513633321939344,76.90595362265495,0.5632022585052354,5.407583901927085,41.667394205349936,0.2739585734775435,17.424799166154248,7.238964085099284,2.2681568690796947,0.3211886008778647,23.967404180088156,0.39734103552502575,9.745685258118813,82.46157830202058,0.7101907415530284,32.40326848438766,District Road,at_risk,clear,pothole,moderate,essential_goods,high,good,low,verified,Critical
DATA_00549,ROAD_913,VEH_3953,Guwahati,Assam,Shillong,Meghalaya,25.580604063438255,91.64467011107344,25.458011203878833,92.14874744144629,143.1271299042287,24.187235082838317,1474.742700617168,168.3855702133484,18.603427708262522,56.48255808627057,50.76988648130049,32.66504361977897,45.68113855378179,0,3,8,47.995884600001595,0.4422860003690332,1131,45.92349933425075,3.9026263468152145,331,69,2349,8553,1263,3608,1,0.3230245431029165,0.5101768389820005,0.80678212315988,0.7067933576995789,0.8731809322194529,0.2884801225521262,15.298997745575504,0.888550477532912,5.228771700693359,47.048175035451465,0.36916334506710313,3.587659170618876,9.369076723577063,9.920121447945284,4.918605581411301,15.398721321433962,0.8233647707243072,1.0293497832216492,98.86598264110253,0.6214468457138163,24.559604940044572,Rural Road,at_risk,clear,flood,moderate,essential_goods,high,good,low,verified,Low
DATA_00550,ROAD_961,VEH_9650,Guwahati,Assam,Shillong,Meghalaya,25.78634276082833,91.44190894974601,25.604042822438487,92.04851201947329,201.31446938133496,11.54437949002774,694.1035091289135,161.24627251070166,12.97071112713253,89.91890909631361,58.96536100512575,48.67126575713536,74.26539445046359,4,4,0,19.763610025374476,0.20585032523411845,591,63.39056867966729,0.8415635661295329,268,3,2892,7863,986,5924,1,0.514768040360546,0.7931111831430959,0.8742403282646274,0.18171048390130615,0.12809857208323275,0.6652424104841728,46.46574783695186,0.8928523758398876,5.8611849033474925,19.650898053668673,0.06213436736324916,2.00429315902603,8.4025675886268,9.641997561430077,0.8813043984929569,27.123798711894164,0.6553975261809772,7.75410236549346,135.71304373567028,0.5758269972331781,60.859177499234775,State Highway,at_risk,heavy_rain,accident,high,essential_goods,high,good,low,verified,Medium
DATA_00551,ROAD_114,VEH_9053,Guwahati,Assam,Shillong,Meghalaya,26.044530785437196,91.27901208278836,25.904078852297886,92.20146216590543,203.5276483068004,17.898052730754124,1640.4902009044422,155.08393728191302,20.404910534168454,64.35274777086788,53.51024636204855,44.27017937288286,78.94128770271364,0,1,10,26.59652071428284,0.42107190118258575,574,37.681970236081035,2.2935690387903134,181,10,2341,1470,638,5413,0,0.37087082946008343,0.16082119308794518,0.23708467432779187,0.6302178890902493,0.6639143320339589,0.4049805845784621,55.879978037664685,0.883499153286178,4.674425414160743,22.64395261829528,0.04906921580201856,19.093428944465533,2.8705871449642633,6.303987587251381,3.573756389533007,18.149303525906028,0.41711357849033304,5.831711839985204,225.37629556038823,0.8954749657576928,77.25589247501829,District Road,at_risk,clear,pothole,moderate,essential_goods,high,good,low,verified,High
DATA_00552,ROAD_571,VEH_2493,Guwahati,Assam,Shillong,Meghalaya,26.292669383686682,92.13195343537114,25.167587013614238,92.46952979719002,231.13175864411318,3.689328545454727,453.5747749707346,14.2636437756776,20.814769369483965,67.17358770618546,29.00633364102953,40.508592790918954,73.01184263379213,1,1,9,47.531360093835495,0.6991776673825394,1216,39.45994799441994,2.8511168300813132,307,89,2917,13743,992,2424,1,0.21522011476268937,0.4702147408651173,0.4029752372596106,0.12324819995388525,0.2945607432695819,0.10503373447548725,84.57589562158131,0.5623378413664315,5.968190875787785,32.4415252287676,0.22534973316703266,16.79207488972034,4.4887889437787445,1.7199420452810217,3.716898188265158,15.167497430368645,0.6660866571654438,3.0480039001622137,74.919452405281,0.6464087414987887,37.75669861630548,District Road,at_risk,rain,pothole,critical,essential_goods,high,good,low,verified,Critical
DATA_00553,ROAD_157,VEH_5172,Guwahati,Assam,Shillong,Meghalaya,25.83059165785436,91.50948532891356,25.35645286519616,92.259214628568,70.21452310685808,8.592401872048951,1700.5811103724395,171.7271670480619,29.398728285409913,59.92818618972512,39.981559900981715,77.74399212643105,23.61722204133919,1,3,7,27.053682458054382,0.839574222624937,1017,66.13904428169121,0.6245485597621538,113,32,371,13505,1788,2148,1,0.37374636732191535,0.3322830135121453,0.42843566847567294,0.5829049511339978,0.7317977529785508,0.6471465302880508,83.67727935701093,0.7968228454694235,5.568413795129975,45.69492248162709,0.2648403350357568,19.678215702659738,6.562542384706734,3.638545140164722,0.5199947735506683,16.916903028463196,0.5905423140243136,8.68428045205074,40.5588647792425,0.7521004804122962,43.70606281616199,District Road,at_risk,storm,landslide,critical,essential_goods,high,good,low,verified,Low
DATA_00554,ROAD_385,VEH_9436,Guwahati,Assam,Shillong,Meghalaya,26.171203202958644,92.34666528848436,25.746127901011178,92.0606046143867,191.605492252862,33.97353789133795,452.28945999295206,177.5690360164317,27.79188740594607,78.06198547159383,8.880420983332026,68.28485489943948,32.67387839815797,2,3,9,36.080068100693126,0.3817994209209624,1052,65.90098920817367,2.907368009236014,35,84,3677,7934,631,2859,1,0.8520134169625385,0.5661469986456945,0.5742597083895753,0.7734943942966903,0.8671096155623189,0.43739664718262494,17.224162475565663,0.5094353174270845,6.355638443390971,35.44720189427095,0.023860497570541383,12.29815710438481,2.222024014441204,1.7662892874997973,4.7202733799223155,6.179961902161858,0.8016182420302229,3.2044514356798355,140.12174871944313,0.6856663598278893,29.30591030200759,Rural Road,open,storm,landslide,moderate,essential_goods,high,good,low,verified,Medium
DATA_00555,ROAD_177,VEH_1625,Guwahati,Assam,Shillong,Meghalaya,26.040838119936424,91.02536288961745,25.11696797882002,92.56419233071802,67.54239160655354,11.414542254227705,576.3459840722294,76.37370570712,30.202910750681006,64.67348220323404,30.21113105986022,29.051028896213737,62.474962145001754,4,0,5,32.18507581054811,0.5091950164255297,1043,23.543888031685526,2.2532357282415916,225,46,2690,8069,1651,5987,1,0.47014396009944426,0.8332150315127732,0.634228699791276,0.33665209623249304,0.8685714929976309,0.37250128131119,39.02817929396315,0.6275317752967786,4.692457699032445,49.05050348277228,0.35861515877614797,1.4829429457307874,3.5575123978947056,9.068958355760905,1.199952464115952,20.72984259328296,0.29380261819214754,7.39066235485577,43.670240787415565,0.28031305156837216,51.11568591865889,District Road,open,rain,flood,high,essential_goods,high,good,low,verified,High
DATA_00556,ROAD_564,VEH_9676,Guwahati,Assam,Shillong,Meghalaya,26.145237728778397,91.75093550045817,25.77484203695735,91.59659768277902,169.52560702016254,37.79827046466797,263.6771782132429,124.14218497521931,11.67752701980218,78.31185532316161,15.173572079011986,40.955859111667806,82.61420629874519,1,2,2,32.199911067924404,0.6684260326376649,754,27.446888484076496,4.921070610171572,50,85,755,8759,1591,4059,1,0.47058352352667565,0.1205765099101714,0.6845208869851243,0.5375401743739637,0.3401484128896678,0.1453467976364663,72.57740088563209,0.4717820630401484,2.7468119246484104,44.32972170173299,0.32742194216363774,4.273754527765609,9.38448277933379,8.071965139484272,3.6891334128385944,12.112834207351007,0.8939029201866062,1.0864623310496022,183.00190094036097,0.6079246829464473,89.89346669489366,Rural Road,open,heavy_rain,none,high,essential_goods,high,good,low,verified,Critical
DATA_00557,ROAD_268,VEH_6793,Guwahati,Assam,Shillong,Meghalaya,25.978195202139574,91.47547674085567,25.568183094718535,92.41962266590433,84.93201824103876,5.429658894904274,1489.4090549153825,143.49904558791897,25.19455349316786,61.37962951499468,12.496251046853125,83.7627841970216,28.93334621443603,0,4,0,20.385214659363864,0.34198939446590126,116,24.31719442966884,5.4502441642350625,74,14,1035,14105,919,2810,1,0.7408357292553157,0.6680418751650439,0.47839322131071904,0.2617028904815857,0.5806612835355826,0.6484946168864533,45.26837399924783,0.331925477976876,5.821812381149369,28.467228540038754,0.15744501615318238,11.390429704667657,1.0544054479842406,5.442119353659075,1.4517706565330384,8.210553734744812,0.737602294844002,2.356635773429864,198.98622212723234,0.6334720742733677,80.62809151161045,State Highway,blocked,clear,landslide,low,essential_goods,high,good,low,verified,Low
DATA_00558,ROAD_716,VEH_1831,Guwahati,Assam,Shillong,Meghalaya,26.056058001108735,91.96708729708521,25.711404696630208,92.25191438715011,175.8082298546938,5.506143503039833,613.4315757175397,106.5713442465184,19.01159051019387,58.47151581395995,50.34758762624377,27.538467700235742,56.057174127614275,2,4,0,35.65312207686537,0.5105095574502932,243,53.535057387112886,1.5570629966641505,230,71,3178,14379,1725,2594,0,0.4538149294799626,0.22128357430401185,0.7083002712192424,0.8048012248431301,0.6008282446783326,0.49124488266607835,84.41908472051841,0.9303494266743015,4.60257005544865,38.46099283695101,0.08184923943032503,14.219679317025248,0.8782061556769885,5.358278116328159,0.056725921416936886,21.379865858267067,0.6835471807680955,9.117217392240939,45.7543862174127,0.28060605094954044,50.49421178888291,Rural Road,at_risk,clear,pothole,low,essential_goods,high,good,low,verified,Medium
DATA_00559,ROAD_706,VEH_7027,Guwahati,Assam,Shillong,Meghalaya,25.92985732874137,92.43722444578736,25.07661316734628,92.66267563533046,129.19232932543568,6.256551437741175,764.428918707386,129.99185336433322,11.450784472073677,82.20011988518326,29.958006844456374,72.5790440234162,22.279687737289642,1,0,3,39.762018174590295,0.6224150327398198,411,31.304682521239513,5.040302694404749,136,15,1815,1427,701,4975,0,0.1742576041956129,0.8779358497427489,0.6374703094026636,0.8812824533532446,0.1438962120739057,0.71643457346447,63.30185951928063,0.5296193032146641,5.696051992878218,43.875412038279904,0.1235237179847095,1.5885617817045792,2.042040828205519,8.712096275091021,3.0602575607268396,26.49284142469729,0.3440419840983962,4.820729923177036,220.67042573446582,0.21589693955752987,37.62959873307226,District Road,at_risk,storm,accident,moderate,essential_goods,high,good,low,verified,High
DATA_00560,ROAD_860,VEH_6214,Guwahati,Assam,Shillong,Meghalaya,26.022914952179732,91.01335378864427,25.02642801091073,92.14412063901605,230.00644471579278,34.729279273726874,566.3920485611216,24.646467250784376,11.213904201878801,68.93852873821209,18.730594441617374,35.1341848885798,27.239406016099466,1,1,7,16.071728154777364,0.7021089280022431,791,64.47761793975411,4.78073903694794,180,36,3811,12400,1409,5210,0,0.5984409801678154,0.6208724985784263,0.29472466390204605,0.3680430150018851,0.6857667327237377,0.7725836847887625,49.50212540518709,0.30660547869987176,4.47260907614514,44.03672036210959,0.042520780348224235,7.175427417109534,5.5090449081136255,7.232070880177314,3.429483710744748,18.760240738382667,0.4363655084363085,3.4691289902078837,96.18211909950251,0.8091867415517477,26.92583538306124,National Highway,blocked,storm,none,moderate,essential_goods,high,good,low,verified,Critical
DATA_00561,ROAD_311,VEH_9975,Guwahati,Assam,Shillong,Meghalaya,26.2104346788603,91.29317808966762,25.878034439404253,92.59354424942566,64.27696126278586,36.93484051384727,1719.8407456940788,93.4884433086786,23.297227028197412,51.46437020312542,43.21713311930158,48.78361745084472,45.118057944829594,1,1,6,33.16086404690171,0.43063617003614674,1737,33.67350128190989,2.869001754070062,275,34,602,7437,772,4923,0,0.204215532771296,0.4202597870110568,0.18451932941298743,0.3663330813956689,0.8122091482201633,0.5600699272290764,48.6550120858439,0.22798729271718268,4.743174878027309,20.40592412899442,0.20833143581607316,10.754326185109344,0.24773470182818005,1.9309474825722965,3.7464836156462447,11.733868877042326,0.7594771538349228,4.328843101521666,65.10908732124625,0.27891788553233093,34.9284676977034,State Highway,blocked,storm,none,low,essential_goods,high,good,low,verified,Low
DATA_00562,ROAD_998,VEH_7144,Guwahati,Assam,Shillong,Meghalaya,25.576128006646975,91.77459553935645,25.16638592183343,92.4730704499248,25.091114044335807,17.734710935373364,665.8408275312312,68.61764849191377,18.49462947049686,78.37666505673977,25.849611300409702,44.544390988973404,30.656349763542377,0,2,6,40.95314725442438,0.5006209848509827,605,38.988742495535746,4.641827746519326,148,63,2051,2466,846,1123,0,0.332054244740516,0.7394366781512413,0.31815290827681625,0.6487884897873455,0.32464782590794516,0.37037001161336647,54.66217350059793,0.7059253857113688,5.938990628666975,41.51717109203081,0.36862450936286245,1.5445820329224114,2.4625001618733036,1.0625075970667703,0.43116510259791574,20.02434182079156,0.48956365995459394,9.814762027852247,59.242244524673964,0.7428054191536089,86.5168966177383,Rural Road,blocked,storm,pothole,moderate,essential_goods,high,good,low,verified,Medium
DATA_00563,ROAD_647,VEH_7023,Guwahati,Assam,Shillong,Meghalaya,26.158120198444305,92.3121310404169,25.942301069057955,91.92229733756967,176.21144648734932,28.23769053639037,866.668483141879,117.29394953178836,34.49600729904947,76.34646347698228,19.225076598046094,74.66247163809476,58.36474631642504,5,3,3,17.97617960142764,0.6463745410366156,838,21.657315918652635,1.1242608158512601,126,52,3491,12356,1919,3026,0,0.29243846699651793,0.7529971929054866,0.6026917234175061,0.549578334522308,0.25105554980996303,0.6964040992331977,48.170284084280134,0.5475485632229196,4.621507860176386,10.623829272695584,0.16841996850952623,8.979476141048147,8.142615015601656,9.351572991413715,1.653597902973301,21.51916104860634,0.4347688072427438,7.388417043663726,93.59820937769662,0.3268696614782694,86.37243053638903,District Road,at_risk,storm,accident,high,essential_goods,high,good,low,verified,High
DATA_00564,ROAD_451,VEH_3761,Guwahati,Assam,Shillong,Meghalaya,26.000489749072138,92.45084364725628,25.112245987466768,92.75689663744929,190.77176268747846,13.15997979977094,1793.2829976788564,150.3552336634534,33.2710336741898,88.89547134196505,40.659854036609694,51.27803366131005,31.672169152517895,5,3,5,31.133504735667557,0.6298111962268109,682,54.855883475863045,2.2540833072209043,124,29,1482,12045,540,4252,0,0.5406422449824391,0.758649678005613,0.4380500810056799,0.827557460858124,0.511509618795153,0.4891306800748819,21.376747400161683,0.9166623027074112,3.0217224500969246,44.08969463294235,0.3410015224318715,2.007395451660834,4.5605689922350665,5.186109766406351,4.829778706503775,7.585995965721075,0.6781616590803262,6.606662426552389,168.15803906042473,0.43648862178571607,42.40285632135795,National Highway,blocked,rain,none,high,essential_goods,high,good,low,verified,Critical
DATA_00565,ROAD_973,VEH_5725,Guwahati,Assam,Shillong,Meghalaya,25.67373022158081,92.05842091021344,25.63709980881071,92.65641152143881,76.40138836262543,35.21035781476494,1313.176118552892,140.07347874617227,29.34670994984948,85.42289644360929,53.78492012431106,82.43563166206721,26.159456157628735,4,2,8,22.46436046003374,0.2351855854660447,1195,60.48389251227377,4.421179890450837,237,84,2214,10400,1436,1921,0,0.1386222536462782,0.21081688651177882,0.8082082648617713,0.40268569155883105,0.6097709504148047,0.8604684335647542,48.06471710436002,0.8209540409005485,5.295403507977774,23.66605416466371,0.12709983031561695,11.646984968096005,8.858608348234345,7.560534252683711,0.3237464962822134,18.117147025708974,0.8915346128649542,5.218694341466375,33.44181647081335,0.8230743800492466,73.23168909222933,District Road,open,clear,accident,low,essential_goods,high,good,low,verified,Low
DATA_00566,ROAD_765,VEH_2338,Guwahati,Assam,Shillong,Meghalaya,26.46783669369721,92.4990377304985,25.856258649415057,91.81345267279785,194.39715782261896,6.407754686296947,877.7101123147417,74.97393534680343,30.00611038942471,57.76078494575211,47.20955164438896,81.12139637978291,49.15781868272167,0,2,6,48.58667642331437,0.7506664620019067,1473,45.809014557766254,3.506410507253428,202,90,956,4951,1317,4855,1,0.5476542870681916,0.7710258899407882,0.6824072092507898,0.46679295304257795,0.14520488064739814,0.5482539866000986,77.11492723576706,0.6743922621777183,4.027298739926934,23.625477922633422,0.11796214265182514,4.2790555086162065,9.327930448421139,2.4114171473601127,3.7548217046931907,23.17684467339785,0.5884490235136347,1.2771482017294495,243.0052467567512,0.7284661808326689,42.49431460086753,National Highway,blocked,storm,accident,critical,essential_goods,high,good,low,verified,Medium
DATA_00567,ROAD_684,VEH_6914,Guwahati,Assam,Shillong,Meghalaya,25.95937421219928,91.61480078817277,25.40251103608296,92.5728565139266,141.8095035160136,29.664489244983272,1757.6554029010942,26.71245826337984,29.213399052113143,50.0523730912051,5.762952978835661,67.80059180789956,69.60189907097015,3,2,3,15.336919383099909,0.7056102856949761,1315,62.13903769249282,0.6164623793855222,53,31,2196,9522,1890,1397,1,0.8352391166305201,0.6640389905197233,0.4477148756471879,0.7460664745522765,0.5640324665593875,0.2313770952021149,49.909734249401026,0.830489398508194,3.360031063227199,40.098431320876216,0.22873924625847716,1.667335486726023,9.646244158708745,9.01107500220572,1.1728918654085108,17.61517615454642,0.6157074772431357,7.051478790172929,180.60202000974607,0.544195527626391,34.357474768653475,Rural Road,at_risk,rain,flood,critical,essential_goods,high,good,low,verified,High
DATA_00568,ROAD_537,VEH_8715,Guwahati,Assam,Shillong,Meghalaya,25.89516722679474,92.0154726014604,25.08981225470762,92.27750757159875,56.8367283455534,15.209300505012843,275.03687858188556,153.4359832514744,34.94839142746836,62.21508210471671,31.214597089266128,44.50174831036081,78.72836346592754,2,2,5,43.22628595987362,0.25506478731233645,783,58.235709493002624,4.651378242823556,61,23,1991,3941,1113,5909,0,0.1466780675453343,0.20000587013457213,0.6945533656414747,0.6306417462351039,0.8232228592377253,0.37625061375993785,81.71212430930406,0.47841275345038686,4.266567114985933,27.732056445682215,0.1700876835013299,5.58891968572194,6.195518861138082,7.441725118684982,0.16503781076873447,29.825218592108502,0.7274400267205594,8.380157733866525,199.5008870671281,0.22745567644170328,40.48778309053199,District Road,open,storm,flood,high,essential_goods,high,good,low,verified,Critical
DATA_00569,ROAD_825,VEH_4278,Guwahati,Assam,Shillong,Meghalaya,25.98218770146412,91.94931539417902,25.593554690356882,91.53214013412895,185.62803271164964,7.57223733214477,708.8735627305208,26.7273951241175,30.95708211506547,59.44736590962722,44.783133498044506,73.69484304319042,58.03833122891401,3,3,7,22.31031083907402,0.20880240495542843,989,31.52740799527591,5.961001760648905,96,19,2382,6815,1727,4178,0,0.7186644550947459,0.7166224987485139,0.2847022620758597,0.21185027894502595,0.7292185117775176,0.783889179311346,30.33812876649552,0.7056270557085826,3.000577519613445,17.449541490381534,0.1598764724018069,15.267388872913056,2.2373969599579997,1.3181054450400065,4.049565465354465,22.936518689903448,0.7771864923594591,7.600141743500894,185.7356967345099,0.23724465150262364,53.457462604598014,District Road,open,rain,pothole,low,essential_goods,high,good,low,verified,Low
DATA_00570,ROAD_799,VEH_3028,Guwahati,Assam,Shillong,Meghalaya,26.132255737682765,91.80610922970516,25.810697797794926,91.77370475153168,84.6140748593278,9.767730610343936,777.6602430555929,80.23875744644774,29.151089334537495,53.71202812161087,24.802605215548226,54.08060202270477,53.794014826975385,2,1,3,47.26721857072745,0.31550576367819316,548,41.99440825768845,3.758429906373518,358,80,1722,13332,1707,1831,1,0.8595820452032475,0.5570934692545241,0.4085139127990828,0.113250016532215,0.8817947843822727,0.602266874230877,35.705467729769914,0.8331129392945422,5.546653127570536,24.261689277637952,0.108624195583298,6.746582968758208,8.353587879042149,2.2967150946165003,1.8382454473326948,21.64219492985462,0.5775655549323948,3.0021208015986294,164.66291286395025,0.31013937223369886,33.14925255186404,District Road,open,rain,accident,moderate,essential_goods,high,good,low,verified,Medium
DATA_00571,ROAD_369,VEH_3175,Guwahati,Assam,Shillong,Meghalaya,26.026173032760955,91.83413901045977,25.635659231266295,92.24381594024167,70.81813602703033,26.61233260370371,876.584147238251,178.34599565187443,32.75446031376511,71.09370973793222,55.395947413382075,67.04911668786193,79.00067759614755,4,3,8,38.7201839863728,0.16424212869039626,862,21.142862900354903,1.4073946850025432,334,65,1732,13411,1491,4345,1,0.738294251935513,0.7235019271415304,0.6447482686337713,0.6819873811593856,0.20221342046035407,0.10934666631294823,45.51383227413972,0.8577132059904344,4.966961360102243,39.45764531175804,0.22114139212526843,10.956154008887255,6.451385462110678,7.906718256558566,2.016362124913646,16.443566199979557,0.893326894256212,5.447910657211841,130.98203108507818,0.809582758758143,76.30705450072367,Rural Road,open,rain,flood,high,essential_goods,high,good,low,verified,High
DATA_00572,ROAD_250,VEH_8695,Guwahati,Assam,Shillong,Meghalaya,25.88113365448189,91.22905592363138,25.325254360977333,92.2357733807503,112.10142832743445,29.518043111221765,1642.8253438391375,16.024845542788146,21.044155116184875,59.265420330868984,42.21654060645645,49.02425055168307,57.72566592914905,5,0,3,24.000986639619136,0.3694535071668258,1321,34.45151865751396,1.6058443491147676,318,44,1512,13908,1823,3242,1,0.38983508608031125,0.7229561785609872,0.6223345718860697,0.2587090973525429,0.47594412003879427,0.510838153902294,30.20402999365178,0.24018152588764402,3.240793982458697,39.53323330049885,0.22054011722863204,2.7297560445837927,6.689428547288621,7.626711981445446,4.724539759298519,28.500365801905076,0.4661185932907215,4.384388081677451,178.65166732783342,0.8810815104650063,38.07392104615592,Rural Road,blocked,storm,landslide,moderate,essential_goods,high,good,low,verified,Critical
DATA_00573,ROAD_166,VEH_7980,Guwahati,Assam,Shillong,Meghalaya,26.167531768913843,91.00763260346221,25.096038211735042,91.66099508586079,158.737873825331,8.460450500166395,614.0182862640647,131.34849322446374,22.98493229426283,67.83486796468412,58.36025133728335,21.603374871203982,45.38921189777416,2,4,7,49.16569296315326,0.6967077741280312,946,35.47708932467058,5.581861128322791,259,71,3831,10355,1586,2519,1,0.5112784287774796,0.5912301681224542,0.6040807422366447,0.32351451570609635,0.48747507924866473,0.4445963906941379,19.079572670775956,0.8120679189433906,3.3553083121296616,36.83581203913953,0.1218026518406458,12.389932235767862,5.05735862514324,9.266114449005594,1.4631785793338548,28.442750195258036,0.6950805206585893,6.9567022419849245,168.6626385052285,0.5914589976907494,11.158317497708872,District Road,at_risk,rain,pothole,critical,essential_goods,high,good,low,verified,Low
DATA_00574,ROAD_339,VEH_9840,Guwahati,Assam,Shillong,Meghalaya,25.94047994738902,91.82365346940811,25.056959388734402,92.50229077430288,225.12785663675274,18.542504448681406,1309.6170518807266,103.43670957066482,13.269198630223691,92.45231502329558,6.649694228581706,43.22285210512113,44.939453211289944,2,2,7,47.14367966769497,0.1703005823679316,491,42.12510278162372,4.893661800150643,185,57,2012,2483,1515,5230,0,0.8813315418068205,0.3187511339516138,0.7522305683137356,0.3838081481659178,0.5849841405118176,0.42262134854859845,37.32379595434572,0.36074138043465415,5.254664628517672,11.623071847877311,0.3212545280240108,3.9971101596297505,3.3690271941276406,2.348172814828849,0.22539405195057316,26.514344135420103,0.6514470794363681,8.458283670675733,112.73526354204287,0.4752968852337491,58.66079089182726,State Highway,at_risk,rain,pothole,moderate,essential_goods,high,good,low,verified,Medium
DATA_00575,ROAD_204,VEH_6827,Guwahati,Assam,Shillong,Meghalaya,25.888875894488347,92.23381682003067,25.50440389999653,91.58254701947153,139.85599112180898,15.616428952985567,176.51167106837642,95.11014650036444,18.252936949540192,63.96536125900104,39.204377576638436,46.723256631952964,10.055341663783972,4,2,2,25.4879229929983,0.7419047776377096,534,43.84697064845309,1.9275636481279772,171,58,1962,13036,1493,1903,0,0.44082339454331265,0.24901015268218105,0.19263388402753875,0.3704233708636745,0.8880103692684099,0.29019179777517645,55.21870298035706,0.7104346037193785,3.246658766873113,37.95010099202683,0.3987634562149438,19.60165367776013,5.602241546875115,4.67897794687335,2.5135422390310853,28.15485416015786,0.24909091328778515,6.067260780382657,168.73686376954058,0.22968360969036986,76.28382343214626,National Highway,at_risk,rain,landslide,moderate,essential_goods,high,good,low,verified,High
DATA_00576,ROAD_421,VEH_6171,Guwahati,Assam,Shillong,Meghalaya,26.249208159747152,92.1496301762306,25.025912092382836,92.261957235935,200.643006388502,16.166660509845922,919.2645663629388,152.11663691614157,29.745460994291726,50.52027717058927,59.53349845989358,81.89942868189262,15.486393084740309,3,3,0,44.94485084191423,0.7485174200166511,1053,24.73384483274387,3.4808747098560198,221,71,424,7304,1831,1642,1,0.5860683832657596,0.7165802572870159,0.19274861925657244,0.8306778335641138,0.6003778504396098,0.679218693814738,17.53274315145688,0.46718123444938814,3.393698141444472,14.832565657969354,0.05815852857880695,2.8028888312355877,8.167193794615649,8.295034567550125,1.1130560872448303,28.217547792268604,0.4882489545090373,4.942199705044592,137.8749232549025,0.7564673614664748,49.39641063022787,Rural Road,open,clear,pothole,moderate,essential_goods,high,good,low,verified,Critical
DATA_00577,ROAD_818,VEH_2661,Guwahati,Assam,Shillong,Meghalaya,26.10016256885651,91.1255940365087,25.962838929824468,91.78600421376375,206.93949626620375,24.702934446381114,226.1838160163946,36.721344048413314,14.86783166964511,75.94193712536728,13.975636012067097,29.433839417594577,55.00300757380339,1,4,5,47.97043655131885,0.7173351932070771,643,22.06742870275874,0.7868916890783684,139,61,3774,12079,449,4759,1,0.39057236028999265,0.5445370575711522,0.4082854876190395,0.6730784144935955,0.30390929306090647,0.10552404158508688,42.959856967890076,0.25121995894521065,6.173636255019258,46.72556456813106,0.026563583361732694,18.997909982883844,1.976868275330447,4.730625496066652,4.881689166302102,8.282705269905701,0.22297748815094362,3.0659740362439325,38.39775136710999,0.4718307876164935,89.73127414594121,District Road,open,storm,pothole,critical,essential_goods,high,good,low,verified,Low
DATA_00578,ROAD_655,VEH_2341,Guwahati,Assam,Shillong,Meghalaya,26.399217397879355,92.00083813886938,25.131759679790434,92.36862705740029,168.36605198219502,27.60342067141452,491.0379781362616,30.24330019824307,26.988680067394142,87.96903183602933,55.93908367448196,33.69669410698197,24.568771317330665,0,4,6,27.50120312295912,0.7998533114525078,1140,58.449309205756094,3.6944503744210158,99,7,1957,13911,608,2711,0,0.7325702743797835,0.7527952948972579,0.3726749098302895,0.4443798455892295,0.6264843206854104,0.5039162021941773,57.37107418292015,0.8347245116650597,5.072880508407128,14.21821947271182,0.038265189051298096,1.3831135388313953,5.910228802995001,4.4821277387394955,0.5386871312082014,24.070250430062664,0.8021245672054667,1.4356205143181882,89.84663304570908,0.2215890723515,23.062184506090723,National Highway,open,clear,landslide,critical,essential_goods,high,good,low,verified,Medium
DATA_00579,ROAD_865,VEH_7669,Guwahati,Assam,Shillong,Meghalaya,26.33983480961994,92.31466416874284,25.701469243134383,92.39932950433001,134.89952950640352,2.2236592152486514,273.7516584717663,22.040846592863478,10.953526385955946,84.84892066442585,51.24291265744505,39.122259689417824,55.11383910517888,2,0,8,24.22642301631816,0.5528312973694894,821,21.491855762983462,2.721670408275364,332,87,3524,14920,1815,3623,0,0.43117672698316445,0.20536234791464097,0.8557316390081259,0.3098205705909745,0.41869980950473784,0.5752968106120936,30.43070076329999,0.6636782313008502,3.5126903729173176,31.855281565950083,0.3120981447776039,16.82871839865563,5.800686280487778,1.3655943079591104,1.289457907589509,20.209715065136926,0.3919257257485525,3.745441900846932,174.6600070163542,0.6605476737860838,33.22847045677783,District Road,at_risk,storm,accident,moderate,essential_goods,high,good,low,verified,High
DATA_00580,ROAD_719,VEH_2402,Guwahati,Assam,Shillong,Meghalaya,26.378137227897124,92.20963316424262,25.195251092649222,91.62444408243873,235.7756230014304,14.015450300447164,1744.2257731085629,34.29622606491241,22.384226571579266,73.59963762848415,39.65081127022938,28.642394936523768,89.13827973216361,5,4,4,38.530362359635475,0.40025988155685066,1162,36.00843913199391,5.486501318058244,98,87,1786,3121,1546,4553,1,0.16784188223457147,0.7068439745320658,0.40955698571864096,0.7149824364135287,0.5321146273554413,0.4483089983932852,68.75955725666037,0.43133113754967656,5.510997158006859,30.883735456310127,0.1925729548511641,6.131298008191286,9.424045039118841,8.885163329061303,2.972480130102095,20.783164836079234,0.7502703478379984,4.717578473300127,171.3550551633826,0.28745518607708676,39.56622027068073,State Highway,at_risk,storm,pothole,low,essential_goods,high,good,low,verified,Critical
DATA_00581,ROAD_430,VEH_3424,Guwahati,Assam,Shillong,Meghalaya,25.773516410435075,92.44153593707546,25.34020277225503,91.94404241871942,190.83746082904943,8.009209173846305,1512.941946517967,161.4322704487005,10.017191566712945,64.44630893715185,51.030457233908976,78.63800014071973,34.711984157683496,3,1,3,28.666762826963907,0.15001508267293095,468,25.40002448930052,5.75684469692958,58,43,3365,3460,316,3848,0,0.3643663597060328,0.7140336459139384,0.2507342500626566,0.19522161790749737,0.3177560828415563,0.8348336542469793,16.166078992613397,0.6594646671452369,6.251246248111655,43.172841257952534,0.052960039171453005,5.368775192461497,6.706040128054125,3.1798035826147126,0.6343768807352107,22.94571163339686,0.2865056880164155,6.440784013023798,223.7181002873845,0.8449497626328952,56.29217819623199,District Road,blocked,rain,none,high,essential_goods,high,good,low,verified,Low
DATA_00582,ROAD_908,VEH_8954,Guwahati,Assam,Shillong,Meghalaya,26.011993700433116,91.39785877646506,25.90693377554684,92.61555490982447,176.61020251997536,36.533389393517915,1179.797729041276,115.3215427978409,31.89877141909176,71.67710484287394,46.91325031160961,30.57912996591798,79.9096657656055,0,2,0,16.579634930725195,0.2188699966470531,335,41.354204762935666,3.4199702166765804,146,11,1088,9062,1575,5535,0,0.5017986006084042,0.6225148738354002,0.8680912974037805,0.7432147722307821,0.553489663498797,0.22048304594466306,36.751258830604996,0.9300680600576097,4.652993825859962,23.752145467215627,0.32682930531555343,9.800118087731654,7.76909764142491,7.793384985996733,2.1760961342889202,10.426109708712005,0.43274725044619533,5.535413103261906,126.62316630624866,0.3975685383633622,85.53280703481626,District Road,open,storm,landslide,high,essential_goods,high,good,low,verified,Medium
DATA_00583,ROAD_418,VEH_5840,Guwahati,Assam,Shillong,Meghalaya,26.24785202134907,91.19239227815785,25.321929769237332,91.92501626723842,35.549940666395074,21.086208267970243,892.0998591854819,171.0630398688731,23.159666150727,75.06944149043574,15.261141847406495,21.766959005432646,13.684997549596352,1,1,7,23.733479744283756,0.36912755588008983,571,47.700946381768844,3.3999704832344015,291,60,850,1116,836,4515,1,0.47825209161727533,0.40375272581029953,0.4030908746039349,0.1354086311595255,0.2028032692690827,0.5367855666271978,49.66007352580104,0.44071467876491643,3.0963750575353863,37.85186851853002,0.3331067010615556,10.510525125922083,0.9744982114806582,6.986138330135027,0.27807778216037027,16.815950891637417,0.3453250367237526,7.156129275098705,209.84894743865974,0.7017479027652294,41.2020770045789,District Road,blocked,rain,none,high,essential_goods,high,good,low,verified,High
DATA_00584,ROAD_961,VEH_5842,Guwahati,Assam,Shillong,Meghalaya,26.21187234594284,92.41085164340808,25.256924590396526,92.74110369788353,70.56957759613027,31.531152281928698,1180.469588133437,127.68262553608075,13.044530007098848,86.23712303076712,9.489074314050093,84.53828260325575,38.43775996109045,3,1,1,35.68083668199091,0.7938118910640618,882,66.5686832762849,2.4388997174281632,266,39,1310,4354,737,1466,1,0.17734774834379002,0.19798550417140215,0.781034632697252,0.28142531649518965,0.7549502625646527,0.8097312049664702,69.98437010231605,0.899627664597278,2.637866451763054,16.585106439060343,0.26953345961003833,9.210584811851424,6.229588314745956,1.256413756535306,0.12575275264700037,6.14270276321316,0.3442152802219719,6.698626456580319,75.91448829517427,0.4110695505129458,57.97202676316167,District Road,blocked,heavy_rain,flood,critical,essential_goods,high,good,low,verified,Critical
DATA_00585,ROAD_513,VEH_1879,Guwahati,Assam,Shillong,Meghalaya,26.448030112017353,92.49396289434715,25.808997935672483,91.67008393742356,104.26188790588184,25.822157923989984,1104.297828382692,132.05911141278557,22.478526794724992,61.48071396932578,30.098948918586753,88.4341445884244,27.567242094855942,4,4,1,19.464725197751424,0.8224178569821479,1294,63.37427245268085,5.739179492436631,137,27,681,3624,642,2425,0,0.7967549657945748,0.35719440736793673,0.5453982534465625,0.8435031585683201,0.4511775256024604,0.33187018305342764,29.471765369201915,0.28824454237088803,4.404650494806033,22.487870970915505,0.33839042495477767,18.894216795930213,7.430488567079006,9.128149134876159,1.0917165054960476,14.908570825229502,0.5243265741821956,5.1384852621286194,187.68784361454172,0.5474586746028574,10.510214840795156,National Highway,open,storm,accident,critical,essential_goods,high,good,low,verified,Low
DATA_00586,ROAD_486,VEH_3281,Guwahati,Assam,Shillong,Meghalaya,25.662054239621813,92.48870521280494,25.852499910851233,91.65619007814745,242.4223642172414,34.6658755833257,1438.6542437124867,176.76269812299037,26.1254708727386,55.717658962618565,36.95656612958494,84.955190158463,78.69739047074218,2,3,0,32.6205857808652,0.7921693441771676,1200,28.251651928112413,3.555783490432419,163,56,747,7990,835,2665,0,0.2580490937858076,0.10887473169750175,0.3394914789314421,0.7233981094369483,0.615077582515654,0.8986400117786362,45.162207036423794,0.3245748102418563,6.367916537799858,40.419606279338595,0.02141809519708065,18.102545012858734,4.128689484814571,9.69960106591756,0.16230772761420542,11.829103369839597,0.4466201461253758,3.084517768401701,65.88334996652995,0.37666216907949945,83.13166753329271,State Highway,at_risk,heavy_rain,flood,low,essential_goods,high,good,low,verified,Medium
DATA_00587,ROAD_285,VEH_2939,Guwahati,Assam,Shillong,Meghalaya,25.529089278525994,91.58319794479044,25.2350389619744,92.22452935194129,40.32009593384811,6.273675432281891,1387.1417001097282,93.75385432249523,10.474426952550132,75.16000290933594,44.92108454248449,35.78673262335301,40.10118082309977,2,3,5,36.90716757058477,0.5232217615535705,270,54.46487129135791,4.496362703735218,326,44,3991,6921,1811,5425,1,0.5581729169610192,0.3064071784431929,0.1586011983315041,0.29739514887118723,0.5590466305893989,0.2578668530070548,22.308089916409287,0.7722967843702406,6.36748609725798,26.404526887363566,0.057269636679647046,18.28220907671453,4.059995058903456,6.185805070913602,0.8863304737531075,14.993727404850716,0.4993688111287856,5.431338096306982,134.8261030940274,0.5975692223513112,38.87040304441034,Rural Road,open,rain,pothole,low,essential_goods,high,good,low,verified,High
DATA_00588,ROAD_668,VEH_1384,Guwahati,Assam,Shillong,Meghalaya,26.459933106211764,91.97853584823481,25.799447352422625,91.73290305332884,200.9232568220752,20.449998376964544,1553.4410359075025,179.71555655606653,14.799715280622987,77.35125264012773,5.714233386343169,76.79878543541278,77.96198988320965,0,4,5,19.0243521535112,0.7927092255805039,167,24.69884316436793,0.9509864988304009,342,13,1569,6045,1376,901,1,0.32644708265917705,0.6995070111680606,0.43015851957690765,0.30089140236014933,0.5947796711700193,0.7065125469838723,33.308395814132695,0.6387695618181055,5.756102383013857,10.510650899121433,0.1036223513952144,1.0481799946436912,7.315997895157559,9.5568487386705,0.48624403030529506,28.344228302030526,0.7441361753157594,9.166876900269294,81.27008945302418,0.522188499516435,58.448007713883015,District Road,blocked,clear,pothole,critical,essential_goods,high,good,low,verified,Critical
DATA_00589,ROAD_572,VEH_4787,Guwahati,Assam,Shillong,Meghalaya,25.887104492277583,91.27226085563535,25.036569115400564,92.37825986677947,47.17943609030945,10.518526376426156,1461.6379373377804,119.06649951625431,29.041886216713404,70.61311530436718,28.77916214470115,35.66046913880015,23.8760817391484,0,3,7,27.734169831962152,0.7387509130653972,1262,48.29520159916271,5.895036823081027,166,46,2741,8683,512,3882,1,0.8320043485285289,0.45514512430466714,0.2563754031476724,0.7145766250875216,0.4911141363793916,0.10569040845957388,23.094206286149735,0.45173211269967883,4.789183389571013,37.11315829115405,0.2529768134405492,2.8216236072570053,9.657619534225308,7.083346303494554,1.028009676387548,25.209361833126707,0.7111102140373373,8.650428859318637,26.035530186147696,0.876488257276766,43.920842711911455,District Road,at_risk,storm,none,low,essential_goods,high,good,low,verified,Low
DATA_00590,ROAD_487,VEH_8845,Guwahati,Assam,Shillong,Meghalaya,26.361992432400235,92.22678726077564,25.830592323773814,91.88134589849457,68.88377165977143,37.26009749423811,1284.6638490026423,94.27418769705318,14.863682946722836,88.49272134514518,20.05936607669893,81.85956548700403,14.084828000197538,5,4,7,28.393758550485664,0.22030456954242128,910,61.98285583138266,4.118191024911656,209,76,1812,14246,1935,3061,1,0.5145940747526278,0.6246581181372199,0.40979679456359663,0.5952163950162109,0.755411825080916,0.6064105943744047,83.07128713267528,0.758436168795303,3.8870756179378767,23.954818950171237,0.09617729200326124,16.9972266028731,8.129655479156314,3.1475206574476213,4.26834383768411,27.678110050548163,0.8044740596696838,6.829970324968622,186.3027505104868,0.2907959086986737,11.88143180290031,District Road,open,storm,accident,moderate,essential_goods,high,good,low,verified,Medium
DATA_00591,ROAD_507,VEH_6158,Guwahati,Assam,Shillong,Meghalaya,26.3784949647411,91.9625241453619,25.258698257302985,92.64078804280669,74.51537721911849,24.819599930966138,1468.0401964862697,1.0008241284524977,18.734940789576193,74.92845389254751,56.801695464473944,74.09965744427305,48.56315465270106,5,2,10,15.255198278359414,0.28365765531120146,542,29.936083007379303,3.435228742996633,236,74,972,4056,1777,5873,0,0.2981397235815628,0.5806684933887414,0.3423550902367703,0.6922663362315993,0.13431950030700818,0.8350426690381543,71.79957050573992,0.2218816649618665,4.596873241995019,18.856438535034073,0.336064856978164,4.971606150656109,9.682385166501449,8.879262115609109,0.4368056115414254,5.032698870023845,0.8159378466786942,2.9658106460429807,207.42952076809797,0.6945667071662656,77.0744818623746,District Road,open,clear,landslide,critical,essential_goods,high,good,low,verified,High
DATA_00592,ROAD_398,VEH_7464,Guwahati,Assam,Shillong,Meghalaya,25.967279101022577,91.97157820791425,25.266477873114177,92.77848460672159,201.39700531513154,15.716637817233508,1631.3693223145801,41.48297605278247,31.594224950649515,83.55051440507488,18.62020166227652,79.5535189658241,86.13146849661503,4,3,10,46.620013356203096,0.2572528113260035,1705,48.51881668691752,3.1099537160583566,87,42,2635,3402,1902,1339,1,0.7545294095022469,0.15585263999326415,0.8017006223725553,0.11691864239596877,0.6026282518460335,0.4489685061271228,48.805710943740465,0.5999899408417289,3.3239018083241874,37.28246267850769,0.2409418423780417,12.330165328309391,1.3268499287892397,3.691267302563629,2.588741491078243,19.797477588272134,0.5230387034493953,6.092033242468745,130.5998483336831,0.5628587420092419,89.66759695771873,National Highway,at_risk,clear,pothole,high,essential_goods,high,good,low,verified,Critical
DATA_00593,ROAD_704,VEH_4446,Guwahati,Assam,Shillong,Meghalaya,26.355013007979046,91.03439034461049,25.808561935359872,91.94711984298591,194.20227346392588,10.168589024238033,1190.255973984588,57.857773009640695,14.585587309653754,51.42669452993442,46.828948711632336,22.029532498374145,42.27901450438345,5,2,4,33.47500731395924,0.3672961141628811,1648,43.522263787859146,3.144869506125006,355,89,2419,12144,545,2210,0,0.29132432271865727,0.6750235581345965,0.8379524177006056,0.7901562942172372,0.555988276659175,0.20190079324008964,49.43889813363888,0.39016520696086165,4.392233715298918,33.92886657852167,0.2882095138703476,12.17674419952503,9.660847107443505,9.639581159126351,0.5122702084438019,23.410483555129158,0.34497098800881715,9.220379488439443,137.10161386076982,0.8546218622504478,45.671541100133396,District Road,blocked,clear,accident,low,essential_goods,high,good,low,verified,Low
DATA_00594,ROAD_373,VEH_1668,Guwahati,Assam,Shillong,Meghalaya,25.995957970886025,92.44842689247879,25.527710297740885,92.48975738584394,176.56798167871005,30.822796253152664,612.3642083281626,113.03433063980951,23.272701712465114,62.100707687832895,58.29418771561438,76.38714306610899,28.239842208805797,3,2,1,33.11406164951531,0.7150160333589863,1047,30.653336507402173,5.613331196929366,198,84,1366,12306,1689,959,1,0.8021127299208649,0.5961528547364247,0.4833670865577625,0.511258191214536,0.5914712966077977,0.2513137705188041,75.68099313689795,0.6155607719112279,5.774679464915866,42.76670530618729,0.35685012244720565,5.652304455975836,6.6995586447535125,4.509642990174126,4.930140720916123,11.142612311869325,0.8637561958871405,4.852203774690858,192.4463115024039,0.4279354193976435,59.93399471198068,District Road,at_risk,heavy_rain,none,high,essential_goods,high,good,low,verified,Medium
DATA_00595,ROAD_741,VEH_7090,Guwahati,Assam,Shillong,Meghalaya,25.935713790394953,92.26711249403557,25.824848795997188,91.70086960830035,162.4421696644182,39.86758940080183,1428.1044437881158,105.7722583324475,13.104948018345452,66.2721366968223,16.3697451042926,83.84566326013321,13.021132289727273,0,1,2,19.561500744870376,0.8580648040659226,1448,51.12253189169073,2.5960357008657233,142,2,2659,14476,638,2914,1,0.7797489342947412,0.41964047165289065,0.31178976278932763,0.10257363902611437,0.2958601357302165,0.4521335100963242,59.986694690002516,0.2880045842560709,2.634697272216309,24.128783427232054,0.3892527477274412,16.296790570781774,8.447559463897269,8.238795054107943,3.4130866625499428,10.212009311540319,0.3143466801794559,2.0572750368246835,219.93590700852775,0.63956883494914,38.582608231903215,National Highway,blocked,heavy_rain,none,low,essential_goods,high,good,low,verified,High
DATA_00596,ROAD_809,VEH_7299,Guwahati,Assam,Shillong,Meghalaya,26.433280337729894,91.18947276258187,25.90856562596162,91.89124338095523,221.13184689449184,13.103836125618724,1428.995668726422,36.08602444909135,10.813316845635967,60.68812277877437,58.223697379792966,83.66804024019487,37.72721189100845,5,4,2,33.574033491879504,0.6670532491701093,545,65.7610430256297,2.474035720818174,278,76,2031,4351,1501,5204,0,0.316716199106143,0.6733520646662009,0.6104678015703506,0.36193387649477815,0.5210133661619855,0.18398237451760605,75.06149080339968,0.6018380892843793,5.532254069945525,29.44078062335838,0.28591765802214425,17.33169441589217,2.0403803057517838,5.636978729315534,0.690416076652362,28.29494120077934,0.7963662713173991,6.281933890248255,220.31651579033635,0.26892662087910096,37.46361326257342,District Road,at_risk,storm,accident,low,essential_goods,high,good,low,verified,Critical
DATA_00597,ROAD_533,VEH_6379,Guwahati,Assam,Shillong,Meghalaya,26.344966048772122,91.39270267719486,25.50180796871694,92.0039847972565,175.29763969643162,14.78865242302433,675.5930887558909,60.92060108866358,30.613929202520733,84.29931616960245,33.18743154773383,39.7207443487961,69.15608114905874,0,1,0,45.967132150790874,0.7762453992685091,1609,21.52244847656079,3.6465973276590304,160,36,1867,12662,894,1236,0,0.8339600284840832,0.12140974666845628,0.8462212136427982,0.4303786432484371,0.8442246756619922,0.37733580937298716,39.66077418694948,0.7233268335457332,2.995733993506059,40.94360021774638,0.37600689303170715,4.996271364369083,8.637238547652098,5.574731540657704,0.3890150360317113,6.550076065173298,0.7296425916125171,2.2069389147790113,59.32226647059065,0.5070475022731342,36.37883085013931,Rural Road,at_risk,storm,accident,high,essential_goods,high,good,low,verified,Low
DATA_00598,ROAD_251,VEH_5726,Guwahati,Assam,Shillong,Meghalaya,26.236660797795615,92.21835088519104,25.24831943573451,92.2749756471136,161.60983971404744,16.13994750252447,128.94567503691962,157.298361155283,11.553105509038053,62.826024400721955,23.201366432748003,45.49316661051794,88.66182105792075,2,2,1,34.15967109892124,0.348431668097917,1509,56.860579779764514,3.0401481682817266,165,13,1987,7985,571,2517,1,0.7304736937390179,0.6271928241578001,0.4908631570184997,0.22323041158850263,0.3912109529144965,0.27679749335948267,78.11465175517688,0.8975969122839496,4.557257576208633,41.060929432631475,0.06795259104962302,9.187589865090537,2.782372453181741,7.608138018258758,0.1041079079957341,12.528146006898004,0.7475669183463247,9.201399206983101,246.78925022061756,0.5435733475034513,64.36319856803146,Rural Road,at_risk,rain,none,high,essential_goods,high,good,low,verified,Medium
DATA_00599,ROAD_752,VEH_1809,Guwahati,Assam,Shillong,Meghalaya,25.55588216587145,91.42437651709149,25.36453702551417,92.22238968694849,201.7703192431607,33.047362267800395,700.4267491742885,170.71841031589827,25.562175952536226,65.1295343410064,50.692874304906866,84.65424619957733,74.11360930641732,5,1,4,48.5376746528291,0.43917013998092835,1243,67.81557208666982,4.149590433990902,134,47,3453,11781,1290,4296,1,0.5071797135708839,0.5483925749085675,0.7258553720281211,0.3848970994867539,0.10622279823733685,0.890809892437058,67.06726551530542,0.26874335760233525,6.125608203676011,30.10968280356382,0.0592232081938224,15.423514430472611,0.6979880547396129,2.8083073699110694,2.368246767252476,14.263919836043879,0.43074028027314526,5.24394241744577,97.23850002393655,0.3110729021239489,60.05977852237062,Rural Road,blocked,rain,landslide,critical,essential_goods,high,good,low,verified,High
DATA_00600,ROAD_636,VEH_9481,Guwahati,Assam,Shillong,Meghalaya,26.483324069575826,91.81948248315894,25.646229786270982,91.53177692721319,40.238872376715705,23.12754434780173,726.5415194039748,159.6900451803256,29.751382016105897,74.83405734494819,37.84694943059488,26.498424094631375,39.55392410827816,4,1,1,22.161323361563714,0.13496837712385298,931,34.2517734499602,0.6813806955590131,127,87,2976,13018,786,2678,1,0.2943950206027879,0.5699484112415606,0.24795277660874754,0.1019511560540761,0.6352889710037334,0.2889633032282781,54.23613909289021,0.5356596744736282,4.180935860754454,16.782388670336296,0.27392727060905675,13.44278260984552,9.530195078367608,6.036379142036006,3.07469126624074,18.205333481944017,0.39832860132168313,9.452155016721429,141.93995294981767,0.7268833915080479,42.97713027770807,Rural Road,at_risk,storm,landslide,high,essential_goods,high,good,low,verified,Critical
DATA_00601,ROAD_194,VEH_4040,Guwahati,Assam,Shillong,Meghalaya,25.79394617815575,92.11428679636782,25.40475758489195,91.87973262611743,83.96163764779892,35.46576643024604,1337.48222952703,144.78925574064718,20.325711650206536,62.366625354962345,6.649234288715902,52.41700198782303,54.7044182980802,5,0,8,41.82735609969377,0.7119870434192047,1659,44.74523507031462,5.012370280083393,238,30,2011,10730,1907,3580,0,0.6464794915500673,0.5397329060695857,0.45490144982808123,0.783790029897408,0.3181009269320006,0.5531826625392718,36.77700584509913,0.5948558929145197,4.550014486889824,36.5500563646293,0.10838253508218754,6.81315235579771,9.508751406676991,4.456199909292363,3.0492996877888827,29.5689516501817,0.5983256565900381,7.328243509044013,81.09731037666334,0.7672615560064131,36.42249572759045,Rural Road,at_risk,heavy_rain,landslide,moderate,essential_goods,high,good,low,verified,Low
DATA_00602,ROAD_678,VEH_7144,Guwahati,Assam,Shillong,Meghalaya,25.76826897088939,92.43272582354936,25.388600955832548,92.04378931274991,249.07992754726737,25.3719010398362,982.9131633683288,1.8426439872287803,33.96842015858263,55.47808389930404,59.24942027462718,32.744319578891634,21.12841580899864,1,3,9,42.35258041078951,0.21671525980826153,1461,58.605548310997506,3.9657951136026783,360,17,1290,7286,1447,4919,0,0.24859105290958824,0.1419620169791961,0.474168319748573,0.284323039567294,0.6656020495772191,0.7188303367486085,18.726363023276566,0.49010459040565363,5.887562261686305,38.49194230566079,0.30842166888878864,4.871299891016942,4.254002577222959,9.27925766786348,3.5342204899806777,29.733967244779056,0.8745628686900984,5.461951490588393,80.03669613285358,0.8497696190017965,72.97788699251555,District Road,blocked,storm,pothole,critical,essential_goods,high,good,low,verified,Medium
DATA_00603,ROAD_102,VEH_1886,Guwahati,Assam,Shillong,Meghalaya,26.38669238502206,91.5059862256099,25.849729565790003,91.67129409306894,110.9877796959602,27.178509467668754,1372.638534115715,117.31070389971339,26.291463454132725,61.75122226597102,19.04965424340332,62.11580573378306,27.186842541763305,5,2,7,29.498088188783044,0.27935310104852207,1056,21.821048322187753,2.760977678675502,160,55,1654,4160,814,2974,0,0.13384876883895247,0.3334714660103651,0.17022410619667439,0.6479980618363712,0.4450350191776562,0.30004800233789136,65.07512030737578,0.8490941533930152,4.746489843040745,15.491521671625726,0.21091796209247218,5.741645680294524,1.011656400482411,6.169949835793632,2.858245818727141,18.192032342329895,0.6694689077201451,6.916574494505812,206.00497332643397,0.4861935411531204,60.18796092348201,State Highway,open,heavy_rain,flood,high,essential_goods,high,good,low,verified,High
DATA_00604,ROAD_612,VEH_8795,Guwahati,Assam,Shillong,Meghalaya,26.39904278087105,91.61613490108644,25.995103263890833,91.74201681025677,132.69275638812917,3.887159039453235,1104.77455762123,15.766321813042683,27.916612149704335,85.07369471759881,12.087119194838394,34.311866673512085,17.663084269502065,2,1,2,29.07741067126024,0.8360742150646658,1623,60.0200208669181,3.8858148182778454,69,62,377,1625,1044,2137,0,0.582511091718206,0.522995878858991,0.3796573845096115,0.8201443900978133,0.6234510825783433,0.766766905297659,35.68304732908692,0.8239125547928117,5.338289784272153,26.257167864397015,0.3365231535628876,12.744557115237129,0.40511007808724697,8.625202262359482,2.3654076836610423,22.58226215470402,0.44594302275400555,6.583929642013686,46.52856618488305,0.2791449700388404,33.19454503987359,District Road,blocked,rain,none,high,essential_goods,high,good,low,verified,Critical
DATA_00605,ROAD_178,VEH_1177,Guwahati,Assam,Shillong,Meghalaya,26.095338528984566,91.22971409071747,25.889444783168717,91.68191375986751,112.3342962298149,37.80269982635361,1099.045766702417,1.1230350505710285,17.187517795553845,86.16093272055545,16.064145716062445,52.19310639587176,32.601298688854286,3,3,5,30.64539658555565,0.8731413116119672,417,22.186357708058694,1.85206020589743,342,16,2016,5620,809,1612,0,0.4310142125188414,0.42898683161371964,0.4185147574895248,0.1345885942908156,0.27733100772646846,0.4213649456885332,78.30297245806122,0.9260163483534167,2.6605939694674823,23.590103241858642,0.06693103003437526,1.4212425124040147,7.675782168107843,3.2549204087495984,1.6293162231056713,13.459302624648648,0.49469047650569653,9.461588928473093,226.20566626773223,0.6721165155572295,42.41460003200571,Rural Road,blocked,clear,landslide,critical,essential_goods,high,good,low,verified,Low
DATA_00606,ROAD_142,VEH_7983,Guwahati,Assam,Shillong,Meghalaya,26.07904729994193,91.47881020004705,25.95693250802171,92.5043818152867,243.43838781789736,29.51288284313118,241.4894572369848,20.292230854846043,23.063750805577182,88.2226446810232,29.950199483502843,68.17092353044436,26.208754664774485,0,2,10,21.30798894177643,0.2927423677741017,1737,59.787039975681644,3.658922857933087,147,89,3964,4790,334,3935,1,0.5237801270596748,0.6872607921526529,0.6606903154830441,0.8746541564577857,0.7966982535757351,0.4348827381780568,48.11562454133453,0.24204878339386254,4.699436559898503,27.69444423368027,0.37085523773667867,6.639199790198831,1.623746215065751,1.9744569760290793,2.6400650004745323,5.801680264604398,0.38998674246405285,4.5635034155148055,84.64001449018411,0.724913322700742,72.72970457931042,District Road,blocked,clear,flood,low,essential_goods,high,good,low,verified,Medium
DATA_00607,ROAD_133,VEH_6178,Guwahati,Assam,Shillong,Meghalaya,25.598526254668112,91.91018758216528,25.19036135289396,92.00875593876165,103.95568755554518,7.42201080462543,521.2821050082127,6.213829776836097,34.51303031605624,59.13872222883912,18.096381428526527,42.09964449509661,66.69346259370211,0,0,5,27.89065762979234,0.34212403412763936,1053,55.02786154691513,0.7911435888405127,325,69,3885,5617,544,4222,1,0.28662979871533634,0.843260916763385,0.12640387201182543,0.6174077519579078,0.17671369782858923,0.4699376822157144,72.99180468668031,0.7600181814444502,4.677492246163614,27.633445281233687,0.28983604830367105,3.1150634852006034,2.0025744299731287,7.33387308791756,4.36911965245005,9.240424661300953,0.8289658656416314,8.51206807229622,75.39432342415219,0.34851864832861723,82.89292849754463,Rural Road,open,storm,flood,high,essential_goods,high,good,low,verified,High
DATA_00608,ROAD_196,VEH_9086,Guwahati,Assam,Shillong,Meghalaya,26.451839743103807,91.35513201692558,25.689422195957828,92.23164576225484,27.021119487277705,16.465925172783976,1292.4563334705078,19.519330126959083,34.52579309366742,80.85340615825547,44.660987518501294,82.47359736093509,57.17295413253439,3,4,7,42.105818042493155,0.5852604911868456,1222,29.460224675889577,4.446109478008227,67,62,2611,4471,1069,3255,1,0.12234388899285893,0.5817265314661725,0.7532971218687295,0.6781461614369004,0.1345282994848912,0.3803084177029571,65.21628294959913,0.6721103345752617,3.9184238792749184,47.123056648005914,0.16249078164985664,17.532154275059117,8.31473969565758,9.812051964256595,1.670244767179112,10.06579632524321,0.7886558209212557,5.2037611469111456,174.38803752458966,0.7967443299170425,89.2375477446303,District Road,open,heavy_rain,accident,moderate,essential_goods,high,good,low,verified,Critical
DATA_00609,ROAD_286,VEH_8375,Guwahati,Assam,Shillong,Meghalaya,25.610659447170544,91.99245706370594,25.16011518545948,91.53389015337909,49.594194106641595,35.035242009679216,1684.9474155256976,84.41529420641987,25.78949888379276,67.23612450393748,45.67892741448828,87.16197665437937,19.702484346099496,5,2,6,30.263850040276683,0.7885927788323911,140,56.97519194988166,0.6451425473706888,340,28,1985,14736,306,5713,0,0.5716538147827276,0.7754535530315122,0.10279053339112815,0.5445977215006538,0.6229444054803454,0.13916690974825113,76.06501172290241,0.9459977593418247,6.267168006933874,29.983765688626377,0.07593786603190095,8.71811038008827,1.8472667125488837,1.217108883727579,4.645333545059293,25.056658176393647,0.6668848967792125,5.714945287678317,129.6113028022508,0.5436632491334976,49.661115279731014,National Highway,open,heavy_rain,flood,critical,essential_goods,high,good,low,verified,Low
DATA_00610,ROAD_771,VEH_7573,Guwahati,Assam,Shillong,Meghalaya,25.805908683195817,91.04225709621765,25.49085709787606,91.76296445151017,93.12502020004142,7.097003091209414,1110.8644106643562,69.42549147586287,19.75858656603173,85.91706045219215,42.72156779590078,89.33424324914034,75.39483616783536,1,0,1,20.225373590679162,0.3832809321005385,1771,65.07893802385817,1.160695465953194,134,47,1843,4934,1793,5560,1,0.7376644628185576,0.6844855995812822,0.7259485999954882,0.5878491531295064,0.3813646617226826,0.1389663129805869,39.984710644251436,0.5183118000643827,4.2072098150098185,39.88030203154201,0.23400389915424277,17.70633358060567,7.280298406961738,4.744588194419887,2.3644183646565944,14.077653203409145,0.2844533658452161,2.1764593018398117,50.42627107549073,0.708856833336102,30.97121984338284,Rural Road,at_risk,storm,accident,moderate,essential_goods,high,good,low,verified,Medium
DATA_00611,ROAD_340,VEH_7108,Guwahati,Assam,Shillong,Meghalaya,25.886628587576826,91.86803333003358,25.469675777492863,91.66145446323362,100.65362612349482,16.205004504367878,1414.1361650926178,177.2828265321208,31.058834917890604,77.52353212987342,8.387010234121647,46.59763025078263,30.33381606685266,4,2,10,37.41442103108425,0.19847096889438537,881,60.492796708234586,1.1156475892314215,75,72,1921,10589,1478,2449,0,0.3956487371860473,0.6425950589035255,0.2703100182242012,0.16104141619989676,0.7117243740267339,0.48271214101798166,30.172468444499284,0.4407025469917474,3.3646406095339945,25.73259458850902,0.22902512115702087,3.519489011141598,8.018855265027495,7.513281628834797,2.3872065310892103,10.80357000891524,0.4305968261522938,3.983345393847109,120.29327996185299,0.3201651754772983,20.8601162423032,District Road,blocked,storm,pothole,critical,essential_goods,high,good,low,verified,High
DATA_00612,ROAD_301,VEH_5757,Guwahati,Assam,Shillong,Meghalaya,26.246008592608494,91.18333075700765,25.230758268912027,92.76562085088166,204.148018057145,21.158870866207952,333.6563220941687,20.47254795978501,15.525707655158648,69.82232882839077,30.304952473100844,50.205102067405704,82.45323594373572,4,1,6,15.282620994467678,0.29543606381212484,1433,33.84514931055161,4.466716024735113,254,47,3626,13419,1619,1354,1,0.36052541712186403,0.48588442023231504,0.6281333893236437,0.6798164336831326,0.7247797599138719,0.5500351314477777,47.10760981623747,0.35288000222759747,5.157813328183703,46.58513221905801,0.2445383091621665,13.71702926400374,2.2744925227592336,6.766651368687922,1.0319792237036736,11.190876942668911,0.8474947131199182,1.6884227441131094,180.23518248905037,0.5464675914213275,12.532607827811688,State Highway,at_risk,rain,none,high,essential_goods,high,good,low,verified,Critical
DATA_00613,ROAD_759,VEH_6772,Guwahati,Assam,Shillong,Meghalaya,26.49181132329781,91.27967995645919,25.61181131941514,91.75620287998994,152.622118093793,21.591630841168005,791.7923041502347,131.9531189031838,19.439185613749956,87.20526382770106,30.33365338076974,20.33346933469967,51.66833611554331,1,3,9,26.039817492350622,0.11325816750368906,1272,57.950851869685984,1.753060853161357,326,82,3951,5466,844,1769,0,0.7286795062831278,0.15396711239601066,0.3398735651129895,0.7864859669612919,0.7236174508850177,0.5744036762353376,33.23097864952955,0.34471354344193467,3.992639465651134,21.136204255072336,0.2866952041146486,12.106189704349786,1.3243745164875735,9.619516715501037,0.5340211037844667,18.11428729439085,0.2497025233019215,5.911277583953902,169.08428790691752,0.4909612531059007,81.4920335638912,National Highway,open,rain,flood,moderate,essential_goods,high,good,low,verified,Low
DATA_00614,ROAD_749,VEH_2270,Guwahati,Assam,Shillong,Meghalaya,25.600745455094817,91.48742615114867,25.4994845020591,92.61161845434641,88.90067618603094,16.049015172089113,728.0331929963583,174.80350964951387,11.330265708831266,54.16288591309805,58.77239406884748,48.84253539175141,77.32501622022457,2,1,8,45.75763239748079,0.22909723749368346,483,35.09439678198463,5.674441094240373,195,36,1904,3665,306,2357,0,0.7644231392771892,0.37334608262210356,0.3005283581796092,0.41150895132412624,0.6673561554894838,0.2356937297826172,61.45279427988156,0.6272119549167758,4.5111886229437275,10.158640888390366,0.13654077248795587,16.894136796458312,1.0169282880227442,5.003412956111734,3.3320399111175476,10.726847104019452,0.46944480067579014,9.217626791883484,231.62346008515513,0.7610067727934997,84.0734507683044,District Road,at_risk,clear,none,critical,essential_goods,high,good,low,verified,Medium
DATA_00615,ROAD_892,VEH_6856,Guwahati,Assam,Shillong,Meghalaya,25.60835577093946,91.28482871879596,25.133461654741755,91.83768614621556,195.38533516058354,3.927502872437522,245.1929923769955,142.4537384880361,14.43302933135164,91.06836946808221,14.100182808999602,64.31755935749847,49.008360110493825,4,4,1,28.97760083793197,0.40637580463049017,185,65.27230285382745,2.355892270048514,159,85,3599,2407,1382,3650,1,0.19747713322487465,0.2746655385143243,0.25764708182067003,0.4136526010015992,0.6846553969598944,0.10986642921256076,51.25220204769139,0.9353929296529306,4.8123593925003005,33.891290962733095,0.03955910956687342,18.49944246023449,3.4216438954096295,4.879850255472821,3.795089307400155,12.987361690388106,0.2816009812613678,6.821173120391503,47.25337903999622,0.4612472318777367,47.87551733780161,State Highway,blocked,clear,pothole,moderate,essential_goods,high,good,low,verified,High
DATA_00616,ROAD_758,VEH_2681,Guwahati,Assam,Shillong,Meghalaya,26.15040985705808,91.24004858252141,25.582896827984516,92.28988555708106,135.86874899244086,30.03352944935685,593.3283909206798,54.72319354621148,17.10609257348624,83.79858422118488,16.90195102137482,55.9260584958153,38.9453617890879,1,1,1,39.61453261887282,0.821024397475996,1290,29.478045843723326,1.1654841494918144,116,52,1516,3520,311,1888,0,0.756632749501481,0.124422962117628,0.4601796764252828,0.8120236220536141,0.2217174473502703,0.5954238587747294,50.42621378050855,0.42704454344794646,5.951147947196461,22.288946639251645,0.3294871722330198,12.747142922983768,5.131325155736503,9.643206824996678,1.9550186918394852,14.099677880153303,0.40810650051110525,1.6669256852513943,147.05407737230507,0.5243457818823489,85.15964734511967,National Highway,open,storm,accident,high,essential_goods,high,good,low,verified,Critical
DATA_00617,ROAD_420,VEH_4135,Guwahati,Assam,Shillong,Meghalaya,26.295896754782895,92.07898458220451,25.559746449102697,91.53306734010695,41.87374057342116,38.07810220907254,424.169763958318,171.29633514821984,22.934559456006696,89.72010378675705,16.975056645488408,45.151274712271615,76.30570702422993,3,2,4,33.67670854078672,0.23666032485491845,582,34.49098631107463,3.48729378639818,36,16,804,12903,1804,2962,1,0.2393242951790663,0.41445253179439057,0.766904658565957,0.6037855222385892,0.89925764072155,0.2264787138106087,84.64937351465694,0.434851043188369,4.806856486909213,47.49174977392939,0.28366250472456556,19.3829771905682,8.835260232394578,2.4303339062308837,2.684481718536908,16.025285311013747,0.22754819295912826,5.033696921667322,111.59466044357798,0.417655743963499,20.76924420540302,State Highway,blocked,storm,accident,critical,essential_goods,high,good,low,verified,Low
DATA_00618,ROAD_559,VEH_6538,Guwahati,Assam,Shillong,Meghalaya,25.678478142570643,91.43816876980854,25.68814919927537,91.52660340006227,211.48881130138392,36.578291072332135,1288.2285785738559,54.429107377869016,32.06174336213202,66.66669021138034,9.017341442606241,68.1545795286074,75.1500414633133,4,3,7,41.4014615561227,0.671747784989737,1109,68.32645502583156,1.29552483975973,266,17,1611,5530,674,4441,1,0.33147174647666655,0.15178517959635257,0.695953117673533,0.633141171865389,0.5254796242273492,0.6367295039139251,56.5469467077533,0.5640470765424286,2.800155044785655,43.760128448725325,0.3480380674522783,15.296659043091855,9.544324394939173,7.386197219936437,1.169667749886591,18.772698551241795,0.6895212287433159,2.9757740050551273,172.9519687463683,0.7634565061772789,23.540758964440556,State Highway,at_risk,rain,landslide,critical,essential_goods,high,good,low,verified,Medium
DATA_00619,ROAD_337,VEH_6771,Guwahati,Assam,Shillong,Meghalaya,26.40378710563545,91.68491239592366,25.650438735119888,91.60279521105724,161.26508674382845,22.87266463588609,724.2667360900531,76.76627913769417,15.881616672645603,86.9278390230906,44.90071161427337,67.71845050530014,57.45366465275666,0,3,0,38.60617386423516,0.6206405353019784,752,32.472319719367256,4.389098927912756,59,44,228,14354,1261,927,1,0.4835888586935774,0.10490396453865919,0.5468718502019562,0.8350615249534047,0.8219092684837163,0.5530739026221789,61.10357761718934,0.6570662283075375,5.102854009759536,41.69474539546471,0.12419494158510368,8.590476339746829,7.86593365815081,5.104617539055369,2.522843868141942,22.608734585007976,0.4902223891591431,7.9182725447135756,78.4780301007454,0.8540547520521231,74.9493308814496,District Road,open,heavy_rain,flood,high,essential_goods,high,good,low,verified,High
DATA_00620,ROAD_300,VEH_4095,Guwahati,Assam,Shillong,Meghalaya,26.207982033748692,92.11374402412109,25.612333685661262,91.95632438646547,42.141506923899485,30.114225340201212,802.8998893043956,50.02271633360878,26.486179398142642,65.94742678059654,55.63954354167905,69.2799537976742,83.33849078387153,1,1,5,15.906839116534305,0.42857681213548304,732,37.13124443115839,4.198884086811235,249,29,1846,13391,1028,5859,0,0.8542252293437843,0.36813970049604583,0.12435079963093294,0.15190841252348602,0.2898808210887166,0.8063222284411132,78.3926840868993,0.30550009964364333,3.84658772053783,20.43259386250621,0.2414256155972789,8.976374070773124,7.080212341034945,8.589502755708647,3.9342298287839004,16.653046471695447,0.872378273833184,1.355845383833513,184.60826590442997,0.8184637909314847,76.08473281766754,State Highway,open,clear,landslide,low,essential_goods,high,good,low,verified,Critical
DATA_00621,ROAD_461,VEH_6033,Guwahati,Assam,Shillong,Meghalaya,26.174745540642146,92.11258536966879,25.85160913876539,91.91620451391134,51.97643085919381,18.77123596071357,1495.875277400083,159.63173763931795,11.76515204890779,57.255413419422595,46.20624689343986,86.35935612540015,43.848927166562255,4,4,10,41.50970138596015,0.49843501979796745,1772,30.872874435160398,0.9822374148813833,340,26,1177,2722,333,5283,1,0.22957913860076096,0.2925902489056478,0.7531290199278876,0.6856026337554945,0.3674634026376581,0.8768656467286665,77.20340980707934,0.7049990927643566,5.50046700924812,11.053877480849934,0.29568232995776117,5.462651464840329,9.292236322305811,1.8597230582302957,4.005832486551719,11.086355765347223,0.49223720586663633,5.924274836231137,108.75018228541504,0.26487567480100066,12.994762610015433,National Highway,open,clear,flood,moderate,essential_goods,high,good,low,verified,Low
DATA_00622,ROAD_368,VEH_7924,Guwahati,Assam,Shillong,Meghalaya,25.56268115658024,91.9516110295447,25.470582079387896,92.07929962377241,202.28433277783728,13.572958610061583,425.65207863091297,127.15594578913507,28.987207126660433,62.66969845111847,38.36202954178175,53.477309870209766,83.18086079003591,0,4,1,15.376075970656093,0.6317919083139848,142,34.005214418362044,4.043249772583193,283,32,1072,12865,719,3413,1,0.2037674373654932,0.13471015936945951,0.3889785889765224,0.7966308775245218,0.7438316704083126,0.33538303281936327,42.656879873097694,0.24922683357440073,3.0388638829528047,35.16024687656639,0.1901409579612735,3.099976955251962,1.3951953775975594,4.02605334890993,1.6697903335110442,23.629967319819144,0.5998572894366311,2.1984219210291363,187.1691238603042,0.7318874655890468,89.88051900073361,State Highway,blocked,rain,flood,high,essential_goods,high,good,low,verified,Medium
DATA_00623,ROAD_913,VEH_2257,Guwahati,Assam,Shillong,Meghalaya,26.210772868415226,92.20110623647577,25.599909900808502,92.48605589737812,236.41703727746452,18.08400264897034,1042.336584214785,154.91253062482843,27.88285813363751,90.7800372556199,50.274426750596895,54.37745697532856,48.08967872592803,5,3,2,30.3284038389017,0.3968522659824384,230,30.886878706552483,3.142106403082282,69,16,3435,4491,1542,5299,0,0.5264248667416656,0.5590085877371216,0.5917792883901092,0.614578441595203,0.7399050781770761,0.1333757953508794,50.467520753730874,0.36861850044970323,4.456485312514689,20.99642972983302,0.2696359085465434,3.221272588906027,2.6785441929626037,4.074243282179347,2.506456911932275,28.23481803942582,0.7659414714599029,1.7604490131646684,190.72252160185795,0.5193714870498287,67.93533100089223,District Road,open,clear,accident,critical,essential_goods,high,good,low,verified,High
DATA_00624,ROAD_997,VEH_8937,Guwahati,Assam,Shillong,Meghalaya,26.30485782264917,91.76499815655632,25.619816423898232,92.67932446032275,44.389905828708535,31.5966643381457,1773.5809871320882,131.02457956910462,25.939001613350463,60.72916887533195,26.52136917871309,29.814638140110468,38.93576854498836,0,1,10,24.762468628237805,0.34453316093057784,491,58.36036854816163,3.709410630202677,259,10,2961,10233,947,2961,0,0.8545242632065901,0.2823230237755901,0.35121073631906496,0.4363812559628808,0.4648692906405518,0.21221802817059246,18.817990286064955,0.5511956238944116,2.927773486013292,35.395499192089865,0.26079901413795714,15.586836880052045,2.1327542580264587,6.030298917819355,1.39552493340937,6.379245461296854,0.8267289969508032,4.231372312769098,170.9981994953345,0.7032919260531887,70.46093000116676,District Road,at_risk,heavy_rain,none,critical,essential_goods,high,good,low,verified,Critical
DATA_00625,ROAD_615,VEH_9611,Guwahati,Assam,Shillong,Meghalaya,26.03804662802851,92.20374044315312,25.927128641879015,91.71416517822182,184.63567626790874,30.836100412044328,1340.860822276929,165.31098226388355,34.37386419129243,85.95757037224911,46.92573037650006,22.18985201283323,13.09593406649344,5,4,10,42.28691019039107,0.6433090607290519,118,66.27833935515278,0.6191527748827388,346,39,2225,13448,439,1922,0,0.3360361302049902,0.1845200102811016,0.45487447599805,0.6349332183109598,0.5299318891337547,0.11249930794539864,81.05099923584018,0.2710837688815452,4.371936371879089,45.508928007777236,0.1770082941151586,19.098721781276677,9.858597545654524,5.967565922794567,2.044274228940732,7.04546796564323,0.49290696293099595,9.55932514712805,58.51034757483025,0.5033825754244481,71.56727331420453,District Road,at_risk,clear,pothole,critical,essential_goods,high,good,low,verified,Low
DATA_00626,ROAD_336,VEH_4968,Guwahati,Assam,Shillong,Meghalaya,25.657030175077168,91.69486592832831,25.047006194985943,91.87084524078293,87.56426439843801,19.860720523612503,1435.9114250765726,20.69646764499538,10.72870598427594,60.99232726586737,21.93767555956475,46.33455564199754,43.851566775249125,0,0,8,33.55390600726242,0.8935020662162566,1088,52.863426540844934,1.910018718272118,60,27,2817,13710,416,3036,0,0.5107411145127548,0.18088066460370433,0.47122997905201014,0.599462119309909,0.8026803537648097,0.5001689191669145,56.2922598431937,0.30704913136244816,5.614352971726052,26.157732260668535,0.19601064009335975,11.898597106755027,2.979572048617431,1.2009812261357076,4.2753656777514655,8.030299414933118,0.8503638919772705,7.120784086919157,38.31726682171239,0.5581603087350987,71.42430423354908,District Road,open,rain,landslide,low,essential_goods,high,good,low,verified,Medium
DATA_00627,ROAD_270,VEH_8597,Guwahati,Assam,Shillong,Meghalaya,25.867203739245813,91.12101064135362,25.816879581471007,91.57393034940992,76.51801476167338,32.93471957775161,511.4560055434578,166.01882773868113,28.97322916617508,62.18653223590158,45.086048777089815,30.81899154772595,81.06395326932251,5,3,5,43.21228615114143,0.47519691762934946,158,68.62524487544522,4.866712043592802,199,26,1756,3262,945,1648,0,0.2644038744179736,0.15843159450065505,0.3692456976046232,0.18737658045880484,0.15316917367900987,0.5734981050250963,79.41099936566178,0.2202642491464189,5.648566339155985,15.500345536401259,0.056820996804831395,8.204435134083223,4.990242092342044,3.230619278796376,2.0100562516456555,19.576439597439546,0.23693065158159698,1.2974372226322255,221.00723183850815,0.3235753473100898,88.22166423493434,District Road,at_risk,rain,accident,critical,essential_goods,high,good,low,verified,High
DATA_00628,ROAD_423,VEH_7953,Guwahati,Assam,Shillong,Meghalaya,25.61991910728584,92.24877893264619,25.108667775715297,92.39104523663573,173.65735818313752,26.851461749379702,1155.9955289251222,170.32170104967,27.885568106753684,63.998735935658665,45.400703234909464,48.91609687691505,66.14211981610723,5,2,3,33.687845130506346,0.780814801615662,774,35.729178193827785,2.9122357979233393,192,68,831,7577,1385,1942,1,0.1480210634103868,0.18517310780114837,0.7812115050079872,0.5644236076893066,0.781679240804366,0.348755824372095,17.19796115762047,0.7993041947009258,5.179098908188616,15.342656432048564,0.23300449506115456,7.5994111489359195,3.830293558634716,3.069908830741749,1.7390645858338505,6.3990867312372535,0.344377933921697,7.026967962319305,234.91389465652986,0.43328158194666055,61.58715675556351,National Highway,at_risk,clear,accident,high,essential_goods,high,good,low,verified,Critical
DATA_00629,ROAD_745,VEH_8390,Guwahati,Assam,Shillong,Meghalaya,26.308295214264234,91.54106830350213,25.78836256854186,92.56917737635297,229.77584287708447,3.7317036030338704,708.8185079948453,89.47337604234264,17.012468893778355,81.55543518290852,32.07873576787213,53.769656551762225,32.821938263538456,5,4,1,46.841146532979195,0.5523950004012486,641,59.716183985509154,1.8490511751665268,186,54,1356,14217,408,1299,1,0.10696729055960237,0.5546400340323017,0.7990317732753404,0.8391427644235894,0.41213969169647324,0.5370693590306654,23.813415670542,0.7562866833336408,6.030078646294179,28.298978616045247,0.2426455357725007,16.318321093433507,8.062802931944642,5.4715517846028,2.9684637944351855,24.628933795908022,0.7709022886922781,6.0622480970973225,228.2227588564688,0.8057405792413461,62.25797403124708,Rural Road,open,clear,landslide,low,essential_goods,high,good,low,verified,Low
DATA_00630,ROAD_462,VEH_4245,Guwahati,Assam,Shillong,Meghalaya,26.103052246831833,91.06528513609521,25.75566608037159,91.57858054373827,211.78817069588402,2.841293779508864,1144.6437049846234,152.35991020313998,34.65572428223851,60.01487397670817,51.332399768924894,72.02211817876295,47.498777527262,0,3,2,30.41260752624511,0.21465915082179832,378,38.028446908454896,5.659417282120563,83,90,2153,5860,712,1918,1,0.7190811816261512,0.2740852959853186,0.3973863664789046,0.6192678500725741,0.28491136282395935,0.6443179844530191,63.47809072128726,0.6383660944019272,3.5131246986933404,19.861011407967375,0.3466891018820953,13.057806904258182,5.183452182690319,5.78047378605537,4.738676557966976,28.44577389854096,0.5219504258764353,6.158865356574864,59.94117319045802,0.8472530079629899,44.190378839257576,Rural Road,blocked,heavy_rain,flood,critical,essential_goods,high,good,low,verified,Medium
DATA_00631,ROAD_567,VEH_9307,Guwahati,Assam,Shillong,Meghalaya,26.375846580534983,91.2599510861407,25.7251365571696,92.44334216000104,133.3926472307371,29.584531113337054,1585.9391614006806,60.502191683367556,27.026349665202236,88.84252439918843,49.05610846657313,50.76142185221853,18.517631607701553,2,4,5,23.000362289289356,0.7800051876608476,1498,33.99298045867495,0.6301765396275196,139,76,1054,7457,1663,1959,1,0.40997031392074845,0.46933576708230373,0.8344975758534746,0.3164989871412044,0.12431939105061024,0.6330513553427034,83.49458234630856,0.40862370763943123,3.916156555495364,46.92062449140509,0.2902766833961613,7.390771862952563,3.7925146935368437,1.726919960009567,2.7621572232906937,10.785156694173995,0.25561856977567987,2.1049266135947042,28.579349844145618,0.20458483216469225,20.8685825510916,State Highway,blocked,rain,none,critical,essential_goods,high,good,low,verified,High
DATA_00632,ROAD_638,VEH_3209,Guwahati,Assam,Shillong,Meghalaya,25.94235338851693,92.396879008784,25.419998977261546,92.12597491914754,82.76872599116629,31.447907005952874,450.6726396263785,52.55164908059514,15.254893995513314,81.46453538480971,16.93626292113923,72.64059443806539,75.59356548711725,5,2,9,49.817284984950604,0.4654452752681155,1597,59.37684563293822,4.434983644057532,296,27,2690,7852,1876,5638,0,0.1638493944696891,0.8668134829086814,0.19575495744385912,0.10953560553761373,0.4034843444908569,0.49177368546141753,67.96132364540831,0.2507841757915523,5.672566352674693,17.748401729474605,0.15547272119290448,12.932608350412298,2.6635341118785836,9.970045874060494,2.6096252123030332,28.910331889467027,0.5984755841384684,8.085676472216242,243.53140333866034,0.8485113477850037,37.46130062137608,Rural Road,open,heavy_rain,pothole,critical,essential_goods,high,good,low,verified,Critical
DATA_00633,ROAD_167,VEH_8424,Guwahati,Assam,Shillong,Meghalaya,25.721981331931957,91.99789850573875,25.568344525904532,91.96975666632699,129.55119649484948,11.447802232452858,456.30723335001034,174.52655691461416,15.82347055283797,70.21814684010741,50.628088412811906,35.94147181050124,88.59243519912886,2,1,0,36.43052702152504,0.8911232363746765,663,67.06707450957408,4.581422490718773,294,43,411,13569,627,4618,1,0.5852297582560846,0.763565164179336,0.6573774816203138,0.5203883179985143,0.42957991089886816,0.6729454399260122,15.018109250997664,0.24409411627092678,4.73772901876406,16.029733172899938,0.23291971218408652,1.5228646669888928,6.62104719845135,5.298301777009096,4.357055096202421,28.5941838013333,0.28486703608716035,6.259089012499362,194.33151963712933,0.395493628405174,24.399014857596633,District Road,blocked,storm,none,moderate,essential_goods,high,good,low,verified,Low
DATA_00634,ROAD_459,VEH_2883,Guwahati,Assam,Shillong,Meghalaya,25.960244024997788,91.66821963477388,25.62105504445401,91.75701098157134,65.22080125782591,10.913933992153334,1492.387290232698,13.569524484237686,23.769958079936877,74.22930231355815,48.69011472066627,80.46068944194738,80.87915396988912,2,4,9,24.905329330739114,0.1536300746491966,788,20.589361849911512,5.751089881167737,173,15,1105,1393,396,4534,1,0.49489992648140146,0.3796388656835219,0.6605342971168163,0.4876753945621365,0.3725401024983631,0.5329678019171022,81.46451040627377,0.20366450429540675,4.35823485094536,23.551181130123243,0.21611586328000465,15.30808080615367,3.175875597339334,1.387847175226241,3.093065017046222,27.71829479145596,0.32318286099195365,3.232968803625098,117.76783421602491,0.40388738866156504,41.46768815990451,Rural Road,open,storm,pothole,low,essential_goods,high,good,low,verified,Medium
DATA_00635,ROAD_331,VEH_5430,Guwahati,Assam,Shillong,Meghalaya,26.265432966218366,91.48592905603317,25.04598492892071,92.74075943153655,79.62757698098522,22.52671531310928,782.3223333701653,22.471196143670873,12.651138321867943,89.45337897071967,19.34346818500718,33.53651795562119,33.671529653533774,5,1,0,45.443675495994476,0.7866512750029224,686,25.330959121042806,4.812613858532234,223,57,1250,1549,1204,5454,1,0.5509118587418975,0.6886206736204162,0.7919112201690721,0.657178663601705,0.7687436041051962,0.3879217000776436,37.026582891168474,0.4030498084831659,6.370585260357206,13.015052961628463,0.13721650839915395,15.277331342062494,0.7350936135192083,6.81066470816297,4.686201082049099,16.443256147411915,0.3058653390767869,4.859123189801515,238.6639371188045,0.5528026000657638,59.985139510721,Rural Road,blocked,heavy_rain,landslide,critical,essential_goods,high,good,low,verified,High
DATA_00636,ROAD_541,VEH_5357,Guwahati,Assam,Shillong,Meghalaya,25.85637411233625,92.00499209684472,25.52153702824073,91.69138574826862,225.58623015505412,19.962964668800133,1769.7002516660186,13.046268627515067,34.664153333101154,69.73429031369226,5.802447794917196,50.827710853457496,33.41803374247404,1,2,9,31.886549979368716,0.5713444244915608,896,37.22802857617743,4.9099040649778,258,47,1813,13883,1487,2361,1,0.819948051555408,0.8222132479517987,0.21164941642792023,0.14013937612580865,0.8766108141747447,0.7219473537234905,82.19199139952894,0.7011727379766917,5.874041292354901,47.94197610773574,0.1008492220487411,4.021673365852504,9.537726000262493,9.675099619333487,3.881572242688999,7.9452454561336605,0.4549441089672932,9.019232737674603,247.80059729913648,0.8923051584560853,22.34393707074819,State Highway,open,clear,flood,high,essential_goods,high,good,low,verified,Critical
DATA_00637,ROAD_822,VEH_5996,Guwahati,Assam,Shillong,Meghalaya,25.681628691706205,92.16338967965946,25.380657449511595,91.50897937830116,144.11998644791913,19.39772268436704,1330.7611126596228,91.0705391709066,10.02100353603469,89.25440900038181,55.42803531148132,76.78383445470386,27.028591875591495,4,2,9,37.86772043407867,0.13694218813051862,520,21.54130764386975,5.460307847747398,167,9,3563,5028,1983,4223,1,0.6233887445273885,0.20000789516155004,0.5124662060926991,0.4469463809268255,0.8489689322477908,0.3135740734132078,77.30176216047816,0.6515476412957464,3.436513964589283,44.36461670512212,0.0637527871103277,17.449114342647924,8.066471038190041,8.347303738351979,0.13806561888631552,17.45837543183344,0.23045665098974957,1.3957894461158356,137.21192617923055,0.8570489500770646,17.945052880981763,District Road,open,rain,accident,low,essential_goods,high,good,low,verified,Low
DATA_00638,ROAD_416,VEH_5648,Guwahati,Assam,Shillong,Meghalaya,25.69697525640964,91.8397290159503,25.08244815960763,92.44667142054445,209.9628765504655,39.72890073011447,1635.480853532852,141.1081332713376,15.959039461563146,90.96913227151364,30.213739492121807,33.05209846235098,16.346861664381827,5,4,1,27.522558728018616,0.48240749661846694,1103,59.999536537025406,5.0784701372248096,196,32,1734,14653,1327,4480,1,0.19755127742006195,0.21939258152526595,0.7082503470135563,0.6795465201108,0.34608494083326213,0.31924302679502914,49.23229817608979,0.4711607527865768,5.141904815679814,19.354663380315102,0.2972373079487691,2.206876909458327,1.2665051870999582,7.606118436450201,2.5155659951481923,16.75314861780423,0.4927854124089176,7.3792183497857335,179.36111132569255,0.320417632591057,60.63943157257629,State Highway,open,rain,flood,moderate,essential_goods,high,good,low,verified,Medium
DATA_00639,ROAD_981,VEH_3271,Guwahati,Assam,Shillong,Meghalaya,26.16181713116199,91.01008143226953,25.71837461943257,92.73249785873959,79.47052249527701,6.661572858196822,1426.9625328248808,101.37364552457991,20.497737574089193,91.56475235356457,31.563767149365802,45.436499253685334,76.21026436493027,0,0,7,24.307149900989266,0.6872705516255795,1051,52.49517556120828,2.589287829758471,33,37,1492,7843,1422,5725,0,0.5613842075140414,0.8135544663592015,0.42149550727380625,0.7550341709768054,0.3480933509503788,0.45213694961612194,43.04701339012765,0.890468867049983,2.991694486487561,42.76950885872899,0.28549710223403807,18.97609747612678,7.567987547687964,4.595486964210275,1.8622137537755656,16.84585387251837,0.5031165232465179,4.60783638620339,81.63427921494866,0.8808652496027516,13.749514557205895,District Road,open,clear,flood,high,essential_goods,high,good,low,verified,High
DATA_00640,ROAD_172,VEH_9044,Guwahati,Assam,Shillong,Meghalaya,25.863756776318127,91.4312771883595,25.62320506973033,92.17522975909442,141.72054023223185,34.294991808749025,1108.5838895226257,25.14209736511701,22.531981149250747,94.82306544826632,30.741081683580614,40.93603791168364,32.069916213597764,3,2,5,20.83139468113438,0.4448997680962383,1506,54.99157896414792,2.4899845667770433,50,53,3847,10950,648,5773,1,0.7269090692963515,0.2857276299318955,0.5209492232310446,0.7280976634357638,0.32050341388404996,0.14936277496757233,71.02844486777997,0.30476947187608067,6.206294184477491,26.595423180115326,0.35457624257988485,19.241760389537017,2.1812586629743222,1.3368070811911337,0.811135500673219,26.668016368098574,0.3798601915912344,1.500487407638325,45.01645507214073,0.687408373750321,89.98596880833541,State Highway,open,clear,none,low,essential_goods,high,good,low,verified,Critical
DATA_00641,ROAD_613,VEH_9712,Guwahati,Assam,Shillong,Meghalaya,25.823383274250762,91.78460530748389,25.319782565322,91.67345865372933,86.5964232516304,37.02764475537431,360.91550192365344,144.1748457878379,19.817384575371065,65.462126309923,20.20640604650343,48.84477036150466,46.59672614121594,4,2,10,23.85330555681492,0.4638581973761995,1171,30.556046410419505,0.9007187832595887,261,73,3803,9949,709,5009,1,0.6700953359927432,0.1711938241525341,0.29322871761428415,0.3792780039839706,0.41793336245560864,0.4393711681000434,58.233964445008574,0.9300326016364693,3.9145669714090805,19.89771326096358,0.02815184974807347,19.75315114008889,8.11727706373872,5.883482176128281,4.028069361119261,13.885030580794592,0.8196579979448377,5.834783903779595,174.4662654126108,0.2478042246757648,62.266106327703376,State Highway,at_risk,storm,none,low,essential_goods,high,good,low,verified,Low
DATA_00642,ROAD_717,VEH_6022,Guwahati,Assam,Shillong,Meghalaya,26.133820604313364,91.63135768887044,25.94897789633364,92.26948451887596,110.46690392786826,24.800221348998384,1605.0530401081344,134.9949863923174,33.396474036701065,62.77807631479552,28.73878068392417,80.20041112104155,76.92079551036514,0,3,2,31.983623384040264,0.5718837824915307,491,41.7053556745449,3.605241749419808,340,6,570,14314,308,1974,1,0.7505521719281573,0.5853740200936921,0.14650258230969487,0.7293010592270377,0.5961205918360235,0.7848493022936462,66.88441654538212,0.8479059110984588,4.198272881933198,43.46737563879143,0.12022005414270158,4.569581525478537,9.560053501069588,5.087769094330139,0.5042962325776729,8.215152048356835,0.7430918894880922,8.21486265426855,168.3118895957402,0.6004918309228566,60.7129259550668,District Road,blocked,storm,landslide,high,essential_goods,high,good,low,verified,Medium
DATA_00643,ROAD_535,VEH_7685,Guwahati,Assam,Shillong,Meghalaya,25.717066248000933,92.18798585872153,25.601625585646463,92.78103445605596,101.14563411763308,32.98935554531576,987.2704033897824,130.16273564636072,17.198721391821387,82.9306941547725,26.079346999916957,42.612284398382634,63.88772936967611,3,1,2,18.197028476032116,0.32121220239695014,581,22.68271254122443,3.21983797271798,190,76,3299,9635,881,1436,1,0.8151747474648057,0.14903063858236865,0.8073163764660504,0.5233756679149019,0.25170116277351096,0.8584529003293823,18.448918790743807,0.41001488362852057,4.0627442996675285,10.579306411733294,0.0335474957202612,19.14049404238884,6.082439411290815,7.637511296600664,1.2337594830118481,9.602409063929949,0.23787560014782896,6.258316723680937,236.55851836087882,0.595503933919005,73.29738227464594,National Highway,open,heavy_rain,pothole,low,essential_goods,high,good,low,verified,High
DATA_00644,ROAD_785,VEH_3849,Guwahati,Assam,Shillong,Meghalaya,25.735609633309235,91.49281811754335,25.689459653508113,92.72031348353029,49.72028973693329,13.486636633121694,1578.7401589098376,141.79226947127358,21.867877958267886,78.93812078928595,31.923535756685467,44.82192958906536,30.58040764381648,0,0,9,28.92429260366041,0.45005684570833315,1008,37.84839238070519,5.708574818364013,202,41,1469,10132,518,3260,1,0.8500875240404852,0.24377958124361873,0.41170711163453233,0.4423925465688274,0.37166851098129317,0.646673037094254,55.6068410366841,0.7989778625139958,4.43686589885332,33.08403007536391,0.02456936208800796,17.529273334318404,6.150721424887393,2.6130888474288727,3.539013790004115,25.806719202331436,0.8732036854943774,4.111711818947063,235.09093053173552,0.26875535060007766,80.77618018071851,State Highway,blocked,rain,flood,low,essential_goods,high,good,low,verified,Critical
DATA_00645,ROAD_285,VEH_5718,Guwahati,Assam,Shillong,Meghalaya,26.312356154966825,91.70973140584987,25.21521838534516,92.6499351224445,149.9435186093321,18.593233749186282,1513.2889324703492,85.05895474084778,25.075528969032362,77.16528545249068,7.387064264398817,51.494555803590394,18.95377080956453,5,4,9,36.01799636213093,0.2184305786275684,1004,37.33187012354074,1.8333122105931936,215,40,2092,11943,479,3257,0,0.16742063039404548,0.6915163045500055,0.43713793123014266,0.6386723946748559,0.8864193271236142,0.12687714596529764,79.82972964222633,0.4936972204020708,3.8222497255875623,36.137784934534,0.2647329444916531,13.78651718928552,6.060791929592618,1.4127233701549282,3.585707108531375,25.854005823178,0.33271282967710364,3.2606702215147836,73.50787642051722,0.3869319699933452,30.07840586320477,State Highway,blocked,storm,flood,low,essential_goods,high,good,low,verified,Low
DATA_00646,ROAD_269,VEH_8232,Guwahati,Assam,Shillong,Meghalaya,25.89797346083673,91.75033882154871,25.31914011506148,92.10036025018391,30.800183675073477,11.609538269038934,1166.239791083042,28.13582229765701,32.56147971050844,91.40379857325317,55.695739313924236,42.37253603939561,48.59230167056535,5,0,10,16.97323744040331,0.8328014267581659,485,47.020351123291945,2.5467314772252765,50,1,378,10633,388,1391,1,0.2693651177533643,0.8803756781846919,0.3736851901678977,0.6847074261931586,0.4393028595768733,0.8658720760097762,80.22790596795163,0.8635315958263665,5.017005358643713,21.347451627995735,0.04142227080529662,8.023846369080603,4.249241196973891,5.314907807791878,2.7636999136980647,12.726654776172154,0.5237647932615561,1.250289746910058,90.09135597719981,0.7623977467031045,61.01778937375434,State Highway,open,heavy_rain,accident,high,essential_goods,high,good,low,verified,Medium
DATA_00647,ROAD_166,VEH_6475,Guwahati,Assam,Shillong,Meghalaya,25.796686312173044,91.61622782872819,25.20069601634813,91.6574136756748,91.8999907662606,26.643274679632444,446.8220869681959,174.98489243484275,34.32168591546106,84.03338982209061,49.969416852395454,56.027146843459924,18.65802275395871,5,3,8,40.51810085408045,0.8939151912909599,910,48.444069875262386,2.6263263372657053,319,46,3940,10501,1136,3580,1,0.1100856425867976,0.7285128469980354,0.6124525065514319,0.7153041834734525,0.8426722957412369,0.6642712844546312,46.33923204300463,0.43608254540774716,5.78925281081273,17.293532362392213,0.12831736234235977,17.017143216044225,7.420281878605962,5.642533744175611,3.187138108151844,7.206892521810666,0.594767557917752,2.65610427213354,224.64289071987162,0.42824738595490774,68.58821527097535,District Road,at_risk,storm,flood,high,essential_goods,high,good,low,verified,High
DATA_00648,ROAD_379,VEH_2148,Guwahati,Assam,Shillong,Meghalaya,25.784740188300027,92.40357063445796,25.306884946033385,91.57464294165635,162.33034517346636,33.88880425224457,902.1689145163103,35.632820141081844,23.628081805534364,59.930565659354514,31.767938163422464,32.525649453130534,54.76517924233885,5,1,3,19.265091311670346,0.5959469126413061,510,38.085181950917175,4.664651366452328,189,85,979,10930,612,2261,1,0.1263498609480215,0.6730393230274205,0.6389664332094667,0.8553529556708739,0.34448958377698546,0.4152984493837948,24.31606224916454,0.3952249129800714,4.1528508378587325,28.43461150087739,0.20417570181689823,9.217840074453877,6.534831077923064,6.324830087199075,1.6421073376438222,20.086433860368132,0.8448034583184048,5.210539459038324,235.1121611728815,0.6614615954392027,62.501682218347774,Rural Road,at_risk,storm,flood,low,essential_goods,high,good,low,verified,Critical
DATA_00649,ROAD_501,VEH_7181,Guwahati,Assam,Shillong,Meghalaya,26.10756621739721,92.03174950065473,25.22198102199606,92.70807035781122,208.5036253267599,3.9113026718317907,1256.0123864202471,175.85818975340055,24.126688173745308,63.9183544700315,33.49222728957316,55.38912937874971,80.30371229784278,4,1,4,41.01910857453447,0.8243374927567036,133,46.46887575349929,2.344646466419456,122,42,3424,11374,1174,2253,1,0.734205527212394,0.40160287845327114,0.5524523481773208,0.7802215704103878,0.2685721087884547,0.830482779610523,24.992740772050684,0.5359444256932022,4.223766445533695,42.58470599616754,0.13531034552835422,10.26899083447385,6.393671179307225,3.7375314344507498,4.139544065370007,15.321737625042331,0.5782080618592079,7.458525124577033,185.1110040193092,0.5315036391665062,14.388177828583464,District Road,at_risk,rain,landslide,moderate,essential_goods,high,good,low,verified,Low
DATA_00650,ROAD_405,VEH_7329,Guwahati,Assam,Shillong,Meghalaya,25.58693413098787,91.07229587041199,25.378428398594924,92.1671625026659,58.82546518367009,11.625981854239665,1483.3843524241872,45.25300053911613,19.65283434051114,83.24703509792269,33.597439328184954,56.5244283296244,47.67002519526873,3,3,6,49.29451213451167,0.8735752592647703,656,68.59316656387603,3.8223898739943967,160,2,3288,5027,1693,3850,0,0.5161131737057948,0.4417952693795154,0.6658211012125574,0.4336703348159914,0.1693420721861596,0.6337767976504306,34.115087787013486,0.8375707698694219,3.9137521714010863,49.00067583925495,0.060034960340482585,5.329304353987138,6.626584679680215,8.819443009149069,2.7223166543086603,18.61138783910485,0.2849135829249726,6.2137193059236875,67.88814708789745,0.5282411858035596,56.849359314511425,State Highway,blocked,rain,accident,critical,essential_goods,high,good,low,verified,Medium
DATA_00651,ROAD_789,VEH_3584,Guwahati,Assam,Shillong,Meghalaya,25.659942969161122,92.19969781146723,25.076778876673846,91.7795796709101,135.27006995534822,24.893776870063405,724.00804092472,141.3088643892587,10.776984729972455,78.22323327435578,18.225315041070512,26.958431940278928,22.152200470119176,5,4,8,17.561865765499494,0.25587791348913846,1766,61.298506556070585,4.004378532463549,141,86,472,5769,1872,939,0,0.16363958816505397,0.4880272927612158,0.24687278416398925,0.1977545651749619,0.5758434529014782,0.44115772535745224,28.110842797514064,0.8253078865580088,2.8642357819049242,17.3172985382155,0.32668012574982813,7.605991762008583,0.3780449554036884,8.633527290353348,1.224424432876825,21.577165904135118,0.5195496383322067,6.720435298098631,114.74191902884064,0.6027065775412433,65.14064014777018,National Highway,blocked,clear,none,low,essential_goods,high,good,low,verified,High
DATA_00652,ROAD_642,VEH_4906,Guwahati,Assam,Shillong,Meghalaya,25.7571786641418,91.32807776835737,25.86386841170723,92.68257179566884,130.62068802236377,38.14626437120672,733.6206730630034,67.71926236441361,11.818262657637923,62.81051916886285,32.10471709627265,50.475422466668874,19.221513935069183,2,1,2,31.281863854623616,0.6010848942910574,1565,54.49751718061028,2.987078339303817,98,61,776,9733,681,1171,1,0.14258301881901636,0.5985956563795534,0.6254310249761562,0.6862208290040087,0.5157396615127937,0.7888380519722111,53.17211967197388,0.7453176751850479,5.899743953612668,21.321288832157688,0.376824183700456,14.554531684444324,6.486823002379496,2.6084908957509683,1.0244760724802031,7.8313987665697065,0.6662459416455349,1.11356969345409,109.29802539760044,0.6202124134399312,66.81510342043339,State Highway,at_risk,clear,flood,moderate,essential_goods,high,good,low,verified,Critical
DATA_00653,ROAD_771,VEH_1703,Guwahati,Assam,Shillong,Meghalaya,26.384055794507457,91.13238674275848,25.11170315816051,92.0676488504374,149.71988647918513,7.275629609548752,1333.42929700931,132.48494055676107,14.14060773870575,92.95557097152657,45.98119871192263,31.722570898664117,40.90239077455248,2,1,7,38.78716383822285,0.18121116011917568,1651,24.172061160538842,2.952637663337973,86,14,3489,8094,1259,5299,1,0.6894838996869288,0.8624679601061508,0.10564745771597855,0.3558869069567363,0.36647420638085626,0.5057608091651019,76.22710084886305,0.7655093053502124,3.94378382407294,27.292409671075188,0.1660645581846489,5.443375943709606,0.3542564635887323,2.540048244350871,3.07395862688766,12.471659422604246,0.5383292122188108,8.262277844396404,237.13465091624818,0.34610100350157563,78.57040347048995,District Road,blocked,clear,pothole,moderate,essential_goods,high,good,low,verified,Low
DATA_00654,ROAD_914,VEH_6238,Guwahati,Assam,Shillong,Meghalaya,25.502628792283073,91.38918671200202,25.319910020856682,92.21207308008206,114.95790067084116,4.94893983838488,931.9601063369785,93.94305818216606,11.55711867524029,85.17511045445352,32.73141953183475,50.53147496019227,58.79773109682648,0,0,10,16.73288651320546,0.10554987525422882,1441,56.303852955707086,5.979037729131657,260,50,1316,11811,902,1230,1,0.8470111400481278,0.28583412958342247,0.36213846634558544,0.8166384280191571,0.16736859379738933,0.8222159931863581,45.9306176877756,0.5409218172053296,4.289434859822748,33.79771947321322,0.15023266934184795,9.411126878895745,9.312504104568259,2.2379082958138072,0.9369911836351397,5.644968285747774,0.792725571116234,5.92429146297257,78.15808042398186,0.20761752018857427,18.6352032959407,State Highway,open,rain,pothole,low,essential_goods,high,good,low,verified,Medium
DATA_00655,ROAD_140,VEH_6961,Guwahati,Assam,Shillong,Meghalaya,25.529470206638948,91.4542732913955,25.401229748985156,91.58348074619462,175.11385536107912,18.23275077361512,1184.6626237968887,35.1804460061322,30.798032036640702,88.51374468053402,31.104026541921943,25.43479286380906,17.097238576941656,3,4,0,16.715834985600914,0.4143015996904166,1207,37.582185916289816,4.965981753304156,255,72,1984,9359,1438,4222,0,0.6046042243085135,0.17165188886837718,0.8153873917777931,0.7283426510880425,0.30369314449703033,0.1448083844651639,66.67932641667949,0.6531237242291115,4.971803891555605,22.31622327408789,0.047738478903487896,6.657489242534861,6.910451927680147,9.460302950576494,2.7120436349013097,21.441103726851864,0.28432923409554717,1.5619673075171248,52.9668336544532,0.8977560544546286,85.90646972925423,District Road,at_risk,storm,accident,critical,essential_goods,high,good,low,verified,High
DATA_00656,ROAD_855,VEH_1474,Guwahati,Assam,Shillong,Meghalaya,25.596433285504126,91.05851580465112,25.153278542981656,91.6229246108592,117.09808566031927,19.659439807244897,662.8804916715055,74.89672096357833,33.2996517605142,71.74269366376159,57.1196409364683,73.08676701707675,13.20975609358329,0,4,5,45.95085159197423,0.6323845339157326,1236,20.20982148184722,4.3718272553270126,209,29,1450,8407,1333,2228,1,0.46835905705164993,0.2087879080927092,0.7896301936483177,0.6828226634786632,0.14745496283333692,0.833924909551819,59.527768128841544,0.6832496402210768,4.75797737834173,17.303446093832058,0.06911359549932365,6.087687261093807,5.727478844263867,5.2687120963227905,1.1786021054074503,22.718839180102812,0.5491956183482419,9.80623088126791,240.39627211961434,0.6335794100566114,80.11260148859613,State Highway,open,heavy_rain,accident,low,essential_goods,high,good,low,verified,Critical
DATA_00657,ROAD_533,VEH_4202,Guwahati,Assam,Shillong,Meghalaya,26.213867400634488,92.19986511985036,25.30833479587578,91.99936149770049,142.7545572502871,8.209544827051863,553.1641284379049,162.20549215293295,26.933227787709335,61.18078780434375,35.648021532509674,42.33665876536482,70.70365988784945,0,4,3,42.86225310486722,0.37744270045084205,1554,31.987310127470828,0.9259243722401942,313,53,2909,8437,1129,2260,0,0.4786569252546332,0.36679224952047795,0.88449966231895,0.2805981506731266,0.28773944888643976,0.34939027366014797,15.208108244354756,0.492821796410356,4.103535582601374,16.321503238833216,0.23862395905815872,17.18989364045001,4.227911802801806,2.7498851136311067,1.3508485175499478,6.477516091743652,0.3832622556672212,8.89774621426115,45.66989454805692,0.4788503079324916,25.699613842622018,District Road,open,storm,landslide,critical,essential_goods,high,good,low,verified,Low
DATA_00658,ROAD_570,VEH_1526,Guwahati,Assam,Shillong,Meghalaya,25.78331236746861,91.39951675791822,25.363069778674934,92.43158228808903,190.24520083356518,8.510436507977673,1602.8489173135827,156.3736150791662,33.58238833145848,59.152359755264825,52.91945432109368,85.38107291095608,16.724217580256557,4,3,2,18.683851594862347,0.37162717142783264,1279,33.24883337804221,5.953946803673803,200,61,2827,5732,641,1563,1,0.24370546255286607,0.6003679559724058,0.3402038715992296,0.2901096314529603,0.18772852360744113,0.39366998716947055,26.299401027581325,0.28343260431485096,3.2798330892454715,49.148099693611265,0.35701980086055946,8.749538005807281,7.573824763394655,6.775132197842426,0.868187468576262,11.291883375612558,0.4711766228213263,2.6023007428625418,159.15217230207844,0.5507757499328854,45.37275563092794,District Road,at_risk,rain,pothole,moderate,essential_goods,high,good,low,verified,Medium
DATA_00659,ROAD_221,VEH_6900,Guwahati,Assam,Shillong,Meghalaya,25.73986547331562,91.00315015458861,25.464717718333635,92.5523773555085,80.05083154718803,26.768938157571622,1768.6727702958776,111.91877015901952,26.2728566816625,85.86218713824786,17.113268204888456,39.45713835662223,80.67546461155176,4,3,5,21.209775783934045,0.649891310320406,580,22.435833342225973,5.7682335045967745,315,21,1265,6313,1815,2510,0,0.12056885793339066,0.502537710021675,0.21225122959014212,0.4236015676241651,0.33988805356078766,0.8601135327733276,66.99505085861728,0.6013045000282244,4.779677951693003,37.22217942055828,0.3105759662773904,19.591100732197063,9.409743658053227,3.7768466163448453,3.7238857167752766,29.694650772580886,0.644982491803974,9.288245546950847,167.17847916146073,0.2092724002751827,43.65746899627525,Rural Road,open,clear,accident,critical,essential_goods,high,good,low,verified,High
DATA_00660,ROAD_978,VEH_2046,Guwahati,Assam,Shillong,Meghalaya,26.01887272233413,91.73662675840096,25.955752139538927,92.31747377103616,108.72422179414356,11.209131646887645,115.22216589792868,80.25730344924511,11.938164578658395,84.77344689504582,29.07738741184661,44.4997391156225,10.719097317680859,2,4,1,18.76183846230594,0.23175195049298464,104,26.939657303373217,5.950156633187529,71,53,380,1026,820,1331,0,0.8282915829589651,0.4844782243076413,0.5463374729654542,0.7490842140971662,0.5329068268276688,0.7313620447816274,82.35681161436149,0.5835780841964711,3.0881405710869916,19.073426615855603,0.3547617625339275,3.5396209146349236,9.269931609123873,1.5407012551103358,1.9555535125942565,6.998709005168356,0.7232729896263135,6.553893401711907,91.45527747815274,0.4603479618257314,78.03735700970492,Rural Road,at_risk,storm,flood,high,essential_goods,high,good,low,verified,Critical
DATA_00661,ROAD_239,VEH_5217,Guwahati,Assam,Shillong,Meghalaya,25.89225658784688,91.9624578707928,25.22283797593555,92.13483888969164,76.73891486434647,8.22921341085412,1534.6992560218443,167.65833296699643,32.9339076994244,53.047836924553884,58.88655788800169,60.517066760174814,23.572575759183778,5,0,4,39.66207457655104,0.7744455118301952,1615,49.9487153845607,5.269271964564346,169,58,1525,11808,1263,4478,0,0.8163128838152985,0.8181356340037446,0.6618621096902324,0.5870434552660168,0.23634920473714705,0.2836976529879258,38.80099551385203,0.5741843708485017,5.852590449741079,32.99125983394053,0.05221537877425947,13.541470867358875,6.088020615911941,5.811779429298332,4.159081809557063,14.748817131589743,0.5041839376919593,5.22141794716527,186.97543174617218,0.26979350245187306,39.51774512924557,State Highway,blocked,heavy_rain,flood,low,essential_goods,high,good,low,verified,Low
DATA_00662,ROAD_927,VEH_8104,Guwahati,Assam,Shillong,Meghalaya,26.242074608992166,92.31185898706356,25.53073898967776,92.49774827895314,165.5148770232306,14.025442571705518,1152.2527812095914,138.93853463629972,34.09575570059322,69.14907058515345,5.829309240003723,63.218112732023485,26.918323252932037,1,4,0,25.753895705029095,0.47440237347603875,904,20.854555855227396,3.173932889823567,71,21,556,1932,481,4999,1,0.20362448924434118,0.2321556726889946,0.20942236411386483,0.348641180029275,0.6243202107293143,0.831901050232548,51.84778773511765,0.8573368466555413,3.8640005580510053,15.226230578006916,0.3905914836363877,6.271037932928024,5.907792604530353,1.5479676910890903,1.7451993742088807,24.654450306025094,0.6432417412392276,3.8948528963887465,109.03773105957069,0.4354562983679346,74.0882541396736,State Highway,at_risk,storm,flood,high,essential_goods,high,good,low,verified,Medium
DATA_00663,ROAD_996,VEH_5128,Guwahati,Assam,Shillong,Meghalaya,26.060130825731292,92.12422680630054,25.726746993903962,92.44564654452078,192.4797656803074,3.4465591853287822,661.4386210537142,80.50720326671346,14.261584425444244,92.4425366140388,56.60162426514385,72.11292168912779,76.35598080780494,3,2,5,29.67580434701429,0.7344875132595071,1411,22.568923712630195,4.1281939685699065,196,21,3690,3585,1283,5724,0,0.5969324545487823,0.5500863056519776,0.7086282601803858,0.8936522092110201,0.3622042589030876,0.22968681579247452,70.05767109760728,0.4980563724209612,3.394036069090387,20.191810333324543,0.19432401240244165,17.595071249538766,9.51204614317855,6.073656354464927,0.26367676042799437,6.505513641970726,0.3568493721287057,5.653062895348458,85.57111422390247,0.5063596539247408,14.707997179192684,District Road,open,heavy_rain,flood,low,essential_goods,high,good,low,verified,High
DATA_00664,ROAD_957,VEH_9902,Guwahati,Assam,Shillong,Meghalaya,25.84070872566991,92.06074886761446,25.20171633866217,92.7240650444534,220.2717971122049,37.771104044454596,737.6973070147324,50.91633503012649,16.191444086601848,57.24612264093917,20.637612290290612,24.922617315206708,20.467279388318147,3,4,5,30.20351567249222,0.23406317843059032,655,22.97753941682057,2.4479190355096403,41,50,3438,5031,718,3058,1,0.16098367612926856,0.5217680549551148,0.49854405239568367,0.49682101719889304,0.45905885186149487,0.5170235346529372,60.549489608167285,0.876450550645562,3.7806541687660267,49.864001155862894,0.1985185138717154,17.968928305633476,2.048219627576429,2.966608503638894,2.537943834106134,12.171385009290578,0.6983288755127335,6.516739678335267,133.21670345314962,0.7631138244198072,74.43198882615087,National Highway,open,rain,landslide,low,essential_goods,high,good,low,verified,Critical
DATA_00665,ROAD_768,VEH_8043,Guwahati,Assam,Shillong,Meghalaya,25.554221538193303,91.27110154565779,25.01589309148834,92.2863590768981,65.81980198656929,21.17492889596278,478.28080356928564,67.26683998508442,32.76485237354881,74.3129288939578,45.21386808685226,67.89074371453631,15.345125813135558,2,0,8,35.3123154000218,0.8438397611111651,1094,56.24334632472726,4.477612786925655,241,63,2074,13830,1249,4626,0,0.7826493288042413,0.3736544595077316,0.8633061257370725,0.40198012179822873,0.3856643995558853,0.3390361567188751,58.22360010440473,0.24362942767158516,3.499204052079892,20.007764071081382,0.2670399063417129,19.29203098700211,1.2861021519536502,3.977412724892077,4.304336447112625,11.252956986807725,0.45075973302172534,7.651708487400794,49.983836705034236,0.8312198410582938,21.17680512775104,State Highway,blocked,heavy_rain,pothole,moderate,essential_goods,high,good,low,verified,Low
DATA_00666,ROAD_999,VEH_2347,Guwahati,Assam,Shillong,Meghalaya,25.705774995425518,92.01807247190037,25.98339738748843,91.904723863795,170.60979932252278,10.931493679122923,635.3316692398041,8.876929705769705,28.667798263107592,51.28213395106012,6.256091094606285,46.35612478500555,11.389116902449521,4,1,3,19.85150972761083,0.7365135575687062,129,39.27536034584655,2.0479245628800795,84,40,2789,3020,1828,3332,1,0.7519731849851905,0.48200958035576,0.22574924890615,0.8460363443867036,0.8235753892575505,0.4360524294327718,34.995443443760976,0.938052922736947,3.2543690399170258,39.390422102435146,0.2826360445827679,5.844534691848964,1.5309357228951592,7.275369360363129,4.176394823621125,19.47247237965682,0.3744737292689997,2.568384008468618,88.42155811993794,0.5057475872095666,36.17531885209853,Rural Road,open,heavy_rain,landslide,low,essential_goods,high,good,low,verified,Medium
DATA_00667,ROAD_214,VEH_3634,Guwahati,Assam,Shillong,Meghalaya,25.874239456252738,91.27110501978933,25.264467571159614,92.78227310997593,148.64804512705487,7.991958593560845,1619.819838135503,133.29485910809973,24.793519800509685,90.06523156334617,44.50787136272178,86.76019368514686,34.01247431644877,2,4,9,36.11726386501101,0.86135883976549,886,53.93491645352115,2.335974212267801,328,8,3268,12581,1734,5683,1,0.3508538474810772,0.7531997465704902,0.625449073313314,0.33456470369360913,0.33882172961568224,0.30113699297580276,37.50007905145417,0.3786924181021736,4.348387949717354,33.367151321740465,0.09837315419689745,1.573273516436839,0.9109929791960163,4.333611514634454,1.5157950622224208,8.905275273750203,0.8132323728144168,8.684327845549024,143.42174648887064,0.5468605106833686,39.238257604976724,District Road,at_risk,clear,none,critical,essential_goods,high,good,low,verified,High
DATA_00668,ROAD_562,VEH_1712,Guwahati,Assam,Shillong,Meghalaya,26.248610272506763,91.92409829436693,25.753424258742555,92.05057476339579,52.948137853422686,30.95951319148076,1190.8556485190536,107.84093412569776,18.59280338579745,52.00074645452699,12.049613370875013,55.24559906749066,12.228709493455732,2,0,1,42.91098925614156,0.3476699451567611,257,43.07131047679401,5.451699509553385,46,81,2228,4953,852,4368,0,0.6383366480361822,0.18467670329573993,0.17819530499911337,0.6308980959538979,0.11006148306445587,0.4898618256295052,58.26580121312429,0.8014186331177018,3.7050446383878746,39.830236759127025,0.35945031166259317,8.321482448425941,2.828306968737336,5.332883178536019,4.215158491488059,17.194893200939696,0.40200689549235935,2.6126399968416933,138.13853457657152,0.8451125395793306,79.91789114547886,State Highway,blocked,storm,accident,high,essential_goods,high,good,low,verified,Critical
DATA_00669,ROAD_620,VEH_2150,Guwahati,Assam,Shillong,Meghalaya,25.84752614318262,92.11407340096045,25.10981163153476,91.92263158838635,212.24568244555869,36.97619325989314,1251.4831238082063,172.70494583182213,12.023771379069272,68.96155993384298,35.78228689146789,60.75869785550279,34.12129102966407,5,0,6,16.510208173085456,0.29161108386860957,1628,31.949165309969196,1.879862980845026,357,1,1599,10317,1058,3468,0,0.6564819420177976,0.19325368323098788,0.8252099816307503,0.2752668333473814,0.5696099122418237,0.43226088872048596,28.151577808824094,0.29877414215802645,4.065046087535281,46.2519688521177,0.3647624692031336,18.69101983620341,5.205446203471636,4.358735043960351,3.034957438859748,6.684399618480151,0.2900614794870237,9.539157877176397,169.27879515685223,0.5007596368527303,55.40066567125885,District Road,blocked,storm,flood,critical,essential_goods,high,good,low,verified,Low
DATA_00670,ROAD_302,VEH_2397,Guwahati,Assam,Shillong,Meghalaya,26.071653518265915,92.39457132918164,25.058455134537105,91.71064723315133,164.20412839739438,23.030948173691005,541.7803138841421,94.60700040096253,15.121642423548021,75.68165841979837,50.692797522303245,32.824171279595525,70.95342179986514,4,4,10,43.47962628840624,0.6854197506820031,964,32.52198298765239,1.7928335184140807,91,17,2177,5613,1130,5703,0,0.18847700648222868,0.4123624813783139,0.8784212714905689,0.702516636883847,0.1723814402262452,0.7603962689781757,75.35810522561752,0.38278775252415376,4.133410028801137,49.84781136577564,0.25047642675305004,13.38012628497635,8.401177595085061,4.265386812435184,1.7294925535553018,25.3075981490885,0.20310169826479876,8.09305132440592,64.09977147985875,0.20844959683164668,25.08505007523179,Rural Road,at_risk,rain,pothole,critical,essential_goods,high,good,low,verified,Medium
DATA_00671,ROAD_919,VEH_2063,Guwahati,Assam,Shillong,Meghalaya,25.5018671736066,91.44695292651511,25.008399813161017,92.7666457833567,28.126987963395067,19.28140473515623,1553.7464712980195,70.48671969519192,13.98368155002104,59.145773841671485,16.990087303383987,28.922269207221703,71.3591548942095,5,2,2,21.09401509039619,0.45559138837221835,1522,69.34791638737062,1.6386028983803316,196,16,2999,12872,769,3697,1,0.16469087073764727,0.5454314739397289,0.6524015054273355,0.22099750645677255,0.8722734108140159,0.767843687388869,52.8029946255044,0.7150492461942239,4.5833491477187875,27.170699196144206,0.3112134324836329,16.661281755412986,7.094972552767151,6.244224779051817,2.5278789053185475,29.624204712562037,0.8766085065686573,6.9518470883664945,151.49094593032586,0.3399095091442389,61.95502994523807,National Highway,blocked,clear,none,moderate,essential_goods,high,good,low,verified,High
DATA_00672,ROAD_500,VEH_7945,Guwahati,Assam,Shillong,Meghalaya,25.884937781045167,91.34280276736934,25.650931646824198,92.72006616444646,89.85525921312805,21.095630638004284,397.81765164510165,14.148372888519543,11.840942660354825,61.081848346639,27.778018842198964,79.43349967037027,56.520999381197434,3,4,0,24.795837974325238,0.10813673849400685,511,68.85888721192944,3.202345869400411,55,22,2935,11879,1531,3178,0,0.7660823775822809,0.49245429254309536,0.2749661168160209,0.6063534598856875,0.2583483080047051,0.6938128597000588,61.21052454457303,0.3164753048335787,3.3363914679750164,20.037340146195714,0.32762492371289065,7.516048203384456,8.485156091711543,5.0339236674881525,3.4433140356101966,15.36377278186901,0.7813271356277209,6.238427137451135,102.0183092778411,0.7693040994135045,76.26665221671628,State Highway,open,heavy_rain,accident,critical,essential_goods,high,good,low,verified,Critical
DATA_00673,ROAD_974,VEH_5785,Guwahati,Assam,Shillong,Meghalaya,26.295483183427237,91.90544868713896,25.500497351255564,91.70796564772068,186.3424153466556,23.107058676632718,1725.5404558708067,82.09463389324803,15.948971492737243,72.62532249447513,14.3086567522046,20.27844111238002,67.04336170782865,0,1,6,26.480214701802566,0.3212296938127358,1056,42.085862791781025,2.7751075400066156,324,11,1207,7552,1786,1595,1,0.7856947204592751,0.4523707712526973,0.7713159879826244,0.21013286416616392,0.8217808544344878,0.23321878289465206,24.371435859946015,0.9100109335312048,3.6361550047759787,40.03495376906665,0.14530983669809874,3.061895854427975,5.7614689694644365,3.950105681336969,1.3444679121834997,28.224119947022473,0.6664869201945024,1.2132814750398166,217.91905176135108,0.2917281694256232,34.3936995040768,District Road,blocked,heavy_rain,landslide,high,essential_goods,high,good,low,verified,Low
DATA_00674,ROAD_655,VEH_9782,Guwahati,Assam,Shillong,Meghalaya,26.34424094436265,91.5148919145614,25.339936405542907,92.51002692176283,240.02163337741783,30.133443240957174,1656.5738086233723,57.57117362650713,27.67584660924838,76.21792486523604,9.972217629545742,45.72528296413759,37.73430449978289,3,3,6,29.00976677289978,0.45487996647100637,484,27.082353512231137,1.6455788135809042,216,75,3299,4084,1085,1025,0,0.563338755251153,0.32782158307409476,0.2233874299354418,0.46773967761213153,0.43205470074928765,0.18486060835075815,69.25008507745378,0.7035160569273342,6.025642431906258,26.39050395319988,0.0491932048968622,14.40399157322947,5.028681379870314,1.3742933493644967,4.680271574793045,8.39530371142869,0.6682588927291203,1.2616100543844062,218.0311613024485,0.35644626430043136,60.71093244073165,State Highway,blocked,clear,none,moderate,essential_goods,high,good,low,verified,Medium
DATA_00675,ROAD_325,VEH_8256,Guwahati,Assam,Shillong,Meghalaya,25.663891776980893,91.02617809399226,25.646868060855553,91.79060875463344,198.09930143915702,2.433449334035558,955.5880589816044,164.3321557641867,34.673175978626546,66.89008721166756,28.12900957886667,20.067290978134,61.247925222301745,4,3,6,35.27568248668633,0.6572155594975373,811,40.28159337466679,5.214134319073494,281,36,3636,14869,696,5724,1,0.4912948398489726,0.12717382501153207,0.3085118615096418,0.7549605575239144,0.26098144412658597,0.2951909844630637,42.47290549865387,0.7443523671309966,4.214441477611709,10.225503620607723,0.34392232299714975,18.97919090920099,9.946757275975118,3.4349144390940705,2.1285353934118727,18.7437844004114,0.5728759955362079,7.716374149190533,79.24453364091659,0.662756967060676,70.40426096545865,Rural Road,blocked,clear,none,moderate,essential_goods,high,good,low,verified,High
DATA_00676,ROAD_230,VEH_6181,Guwahati,Assam,Shillong,Meghalaya,25.772121995571545,91.74300676335419,25.508391111303762,91.56331476861497,27.513024506096862,14.559602514424302,657.2246780742482,176.58367855111902,11.293721106993972,50.635818267045344,9.984293936766147,40.57168317606581,19.772015113820316,1,4,2,26.041931892140767,0.7299693731477603,1674,56.665780102087595,0.7248691889693186,66,74,2950,1910,371,4592,0,0.515242078938889,0.8505476851476789,0.30610652799897353,0.45282234500452756,0.7066210610216496,0.2854340292859324,36.63211316609746,0.5721101337097059,6.028790724860821,19.760464085504218,0.18052022337068377,8.635812612708747,5.810059857915161,8.38253124180166,3.181136584632723,5.810819967551571,0.6230677723393296,1.941710590541442,49.14531859930487,0.5717904651356474,85.70523415520212,Rural Road,at_risk,clear,flood,moderate,essential_goods,high,good,low,verified,Critical
DATA_00677,ROAD_752,VEH_5147,Guwahati,Assam,Shillong,Meghalaya,26.154746054060386,92.064590161761,25.358461891340156,91.58809317078169,39.9149064145182,7.45115974657237,1635.0848160011456,36.20301151745181,26.40538834814906,58.8343515173072,24.43550164300206,41.016212852204745,69.83912826442747,0,2,4,35.22382222327023,0.23284169829983423,1282,34.13435640299818,5.041303660705142,190,72,2036,11181,1579,5730,0,0.682958338756808,0.28261543369491476,0.7172799774379855,0.29752202962530894,0.5337931496483715,0.4581265966855369,44.31163809528928,0.5511951345346247,5.1411817235220685,44.103362390460354,0.06782400752868918,1.6892012050833165,6.40101330425573,8.482518065630405,4.207716834839912,18.089705738655965,0.8565427893707667,9.066454738066952,213.44435282783638,0.8259706083045062,72.48797234832479,District Road,open,rain,flood,critical,essential_goods,high,good,low,verified,Low
DATA_00678,ROAD_640,VEH_2637,Guwahati,Assam,Shillong,Meghalaya,26.010533446047848,91.61120055882802,25.161079948325312,92.48309564023477,172.83713852645133,22.904305385641482,1177.186359166531,96.07555808875254,31.814940997228703,86.85251869370953,43.81041817716353,32.625237009957424,70.16884409301235,2,2,10,23.48245473834111,0.23347529099856326,109,43.59618735403134,2.415380128724326,188,71,527,10026,967,1860,0,0.2786103655392121,0.7936975723829238,0.16214322932188516,0.4759231776556657,0.4319690886526131,0.372896167264662,73.04458380814899,0.5044937709842774,3.2776975638075823,28.09278353848843,0.285894157796659,2.358042763660829,1.5386330759366995,7.339108698368929,4.369268633901871,21.62232308810256,0.5868702249582306,2.2129636993196153,32.5081247596345,0.3593681860070888,83.74938914542524,Rural Road,at_risk,storm,pothole,low,essential_goods,high,good,low,verified,Medium
DATA_00679,ROAD_113,VEH_7194,Guwahati,Assam,Shillong,Meghalaya,25.93790618694427,91.79479665103004,25.110764217336726,92.63348772105896,59.041966954218836,15.58582466194253,1391.3587377597987,112.36423563534223,21.803722691236107,91.7966968407745,25.790278708931844,43.912256528030696,80.43556896766111,1,1,10,17.24505231996626,0.8387428784661013,677,48.80938047227547,2.7781393201756233,162,89,1688,2552,1722,3432,1,0.2831035640991184,0.3851193414063302,0.2421584686961417,0.45472194385037445,0.3403586982045286,0.745409627539939,62.454596957275754,0.9118509569592725,3.3368567948831824,30.728320041848313,0.3376650324830183,3.7781149944578516,8.589477523913692,2.2554633653365537,2.096304843377141,26.090843332585074,0.6224805973575374,9.704271237826166,184.1191347711751,0.7714603868457524,39.22402557628093,National Highway,open,clear,pothole,critical,essential_goods,high,good,low,verified,High
DATA_00680,ROAD_393,VEH_7888,Guwahati,Assam,Shillong,Meghalaya,25.99444543565204,91.0556158235186,25.36826932475183,92.35932438103721,192.7084530077993,20.100283070950802,1538.9152242454738,44.93805275650592,23.301439957552667,93.67497956293371,34.95278754178471,55.28033995230711,26.761492486291782,1,4,5,17.369881682707636,0.5663141144713127,630,41.69589561358501,4.364012798912289,120,62,1510,9341,1177,1322,0,0.8373919047451329,0.33935618249508204,0.6964365059134278,0.37528205738557785,0.26220041923612714,0.2928359082586185,29.45981222703902,0.6053600947079274,4.339788092011958,16.029194964232993,0.04833572329216784,6.712412952256884,9.721374017597896,4.236089678448888,1.394482246388002,13.02558296398638,0.237517575452486,1.6941729474897036,219.30446958647707,0.8116528059249397,67.79738931090166,State Highway,at_risk,rain,flood,low,essential_goods,high,good,low,verified,Critical
DATA_00681,ROAD_575,VEH_2452,Guwahati,Assam,Shillong,Meghalaya,25.877536066696806,91.99763883119823,25.747441065845777,92.00658882859922,56.962099853970095,33.307720544291854,1680.4439460458907,36.45535621596646,22.781222520260975,78.43717505784714,36.90030844102704,52.388512992120056,68.86692240890102,1,2,10,31.84905323854709,0.6786712456073329,468,67.63373058001227,5.987112367047367,353,60,300,4426,1701,5458,1,0.6211620032404462,0.32328736465921293,0.548213104947951,0.45512032957136206,0.7962087553445351,0.24833666928534584,51.86266002594524,0.6280982110139557,6.131987933675761,44.71257066405121,0.30081453257847823,18.442126671479635,8.005949805564875,2.3951531098013956,3.6195200522210924,28.785561934209948,0.2631934824610147,8.147670123089272,241.6776823962682,0.8532114310098324,66.1358232634784,State Highway,blocked,clear,accident,moderate,essential_goods,high,good,low,verified,Low
DATA_00682,ROAD_384,VEH_2055,Guwahati,Assam,Shillong,Meghalaya,26.34331243141857,91.91937421445758,25.318297591349275,92.66680326825967,224.19790709141685,15.243667327946518,1657.7743314680608,123.33655971555257,12.138454888254193,84.46201685936755,7.814127795247094,36.25696856007686,42.18696548024296,2,0,8,15.979652606739739,0.8236631507566884,424,45.25431631157643,2.871008732256583,127,41,2935,5960,1554,974,1,0.8870831396983694,0.5636575687725793,0.7040071758429024,0.8609782897252044,0.3882316019715598,0.18020938293118666,72.98228543642463,0.577809153409004,3.866903941871434,38.551679085697614,0.15700169670833922,13.430644621300345,1.1053094320598964,2.329832241051987,3.6957238910256396,14.16715079167533,0.5671563371455549,2.553571728273526,146.47630819492917,0.8350561296595094,35.09830319043079,District Road,blocked,rain,pothole,critical,essential_goods,high,good,low,verified,Medium
DATA_00683,ROAD_971,VEH_6922,Guwahati,Assam,Shillong,Meghalaya,26.044374938602463,91.26564002991466,25.597984923358442,92.34638690748685,86.5803442959775,16.690852209333155,893.612240895216,123.34005342733117,31.87803511775651,59.60607892037871,16.513545060842304,47.76379945997161,29.526959071425345,4,4,2,44.81755457366869,0.3348107122626597,185,25.156390171158858,1.3673356182367264,231,19,2305,13607,329,2830,0,0.6607989841136346,0.42418050951717157,0.5869320753163187,0.5124533404432021,0.7479530112980708,0.7263115816490479,61.72432150671392,0.41096577255593536,4.80647913128133,13.229444513228067,0.10014218738457703,2.715792806662893,8.108741249052063,3.1558804980452617,4.266167419105689,22.684110295506127,0.8009133383486999,7.118309336238539,76.46605716740065,0.2665120992268932,67.06636902734606,National Highway,at_risk,storm,landslide,critical,essential_goods,high,good,low,verified,High
DATA_00684,ROAD_174,VEH_5753,Guwahati,Assam,Shillong,Meghalaya,26.250130422433173,91.80013273994246,25.331290680570266,92.29991785502378,233.079405697535,18.39824787377641,1717.2456893564477,177.25186195457556,13.806588642828409,90.27790316099058,24.359742992947922,73.46653572192365,18.327356358680042,1,4,4,15.064149110769883,0.3497589917603057,974,23.989940895283627,2.604573611327475,242,5,3230,11810,1918,1392,0,0.7930440508691431,0.812808144129081,0.3369553948571623,0.5729102493380753,0.6097138291830054,0.4537580446114938,57.87382197535463,0.451625343407979,3.772615084231706,30.444494434985906,0.15787659077415306,13.049849054671315,1.2383325346435552,8.40543825530634,1.8986743648055189,25.516193310562073,0.8310672604932225,3.4971064899364293,241.99086021914152,0.4914892283991207,60.11891930795102,District Road,at_risk,storm,landslide,moderate,essential_goods,high,good,low,verified,Critical
DATA_00685,ROAD_892,VEH_9598,Guwahati,Assam,Shillong,Meghalaya,26.072235481404082,91.51981770917114,25.742535779284268,92.60127904330265,23.21673941620032,36.54874972174923,229.6497625144564,77.503225228535,11.691786133169959,91.62521243608762,42.7859250122533,72.91646228736303,59.323594877606496,0,1,10,28.120186707669777,0.2351445689432793,1454,52.93898330089987,5.947582512373574,357,3,3642,7973,1188,4541,0,0.302065196877052,0.37185448547592737,0.8440733803652246,0.6256465208482771,0.7209625847462345,0.4996927843329868,20.64052528016799,0.541311212116355,6.087639308317284,40.41425624990147,0.12404612122545385,7.77980317811583,7.408315303487387,1.5938893671061196,2.8145338564779676,24.99101748063531,0.5866822726018741,2.4925095933255634,194.5921763453505,0.6052928583654849,22.529131773583018,State Highway,blocked,clear,pothole,moderate,essential_goods,high,good,low,verified,Low
DATA_00686,ROAD_501,VEH_9970,Guwahati,Assam,Shillong,Meghalaya,25.503585428895043,92.4582839922832,25.15792269570422,92.28946052833754,58.236247426702164,3.8072291414620003,1740.262912044882,105.57177748318523,31.275938363300593,84.16595967536466,31.247456338382054,35.958113588986016,66.9964320277399,5,2,2,24.749511713119205,0.8344309782990393,229,31.58419060982805,3.8043151060074942,152,6,1211,14407,1709,2282,1,0.13666199291866477,0.7045329878830106,0.48907514363886395,0.58028326867481,0.7512670526025275,0.7306617258380305,31.779598811870567,0.37276535465844896,4.261949654607161,48.41131248525217,0.06205181092770663,6.618068388835973,7.635089776988362,9.384559627914978,4.864553994292935,21.97925866391275,0.3623779731786393,6.781226564473372,104.82551964223686,0.347340694943718,56.7225596856302,District Road,open,heavy_rain,flood,low,essential_goods,high,good,low,verified,Medium
DATA_00687,ROAD_669,VEH_7741,Guwahati,Assam,Shillong,Meghalaya,26.15536066327834,92.24423247346328,25.590783094233643,91.56085020728368,93.44437440329638,9.260938007690399,134.60140351645555,177.36115831683637,34.36493263714502,83.92769897240635,19.98100948746846,66.97494108811787,78.39527338479608,4,3,10,38.12768197583606,0.36766392937035175,156,61.81338672151904,1.1485514384807323,94,27,2111,8999,648,1758,0,0.5914312008141623,0.48664200456818774,0.33115223799440613,0.4764162276529542,0.6526979758233099,0.5544000691605898,63.42705082163638,0.5537491436575028,2.8841152872884934,29.377004188196434,0.1167708628775909,5.777063475758513,7.19971394611061,1.266064150658873,3.5501261523440513,13.91361970351722,0.5695113135555447,9.006980341204434,179.75631924222594,0.8407496866855826,52.39658200510025,District Road,blocked,storm,landslide,critical,essential_goods,high,good,low,verified,High
DATA_00688,ROAD_324,VEH_7451,Guwahati,Assam,Shillong,Meghalaya,25.8784455562354,91.08707646020673,25.29218447097541,92.64613985593175,128.0915930909127,13.163313177733531,276.01275109921096,50.06457200495594,10.167000956522095,54.753070693056316,5.086466115808735,50.54494951794341,57.536964542094424,3,3,6,32.53747390493207,0.22308037492984634,371,59.52585217858791,4.231094041411901,329,80,1355,1077,926,2669,0,0.718971904307697,0.1935733640322316,0.11457163773019526,0.4167389965516354,0.7193240625175928,0.36288733770341386,83.19914334178704,0.48010063506140543,4.2699333171576415,37.59763566196894,0.37933892683585424,9.180617555647924,5.6942593145277876,9.524334609734087,4.676606433515241,10.425710727728788,0.718395673998095,4.846183335532897,115.08613959493547,0.5662678282607218,46.79466027921373,State Highway,at_risk,clear,landslide,high,essential_goods,high,good,low,verified,Critical
DATA_00689,ROAD_335,VEH_4607,Guwahati,Assam,Shillong,Meghalaya,25.511424058744257,92.43447768640651,25.76287295652984,91.96526505434832,157.86558527007577,11.275976125332853,330.60378327105354,69.3852642145238,27.454671092791862,88.21689939402728,7.297167656611832,65.7424378217081,88.53476664169187,2,1,9,21.587210642765577,0.5800704706060541,1244,61.834123234446594,5.338152030870832,178,90,3743,1494,490,1588,1,0.5955210257153511,0.5819284647037698,0.76861401033287,0.3436642971950601,0.8826195319237896,0.3178676767797112,49.26108966856721,0.7039716839944661,6.287247613523687,36.168137922742346,0.33538635815747975,17.268062560268042,0.5620213024281151,7.847659873188831,4.763821684418566,5.99627945123679,0.8880513600402153,5.129388755605257,40.266732392533086,0.4170210946739895,75.83044695368805,Rural Road,at_risk,storm,accident,moderate,essential_goods,high,good,low,verified,Low
DATA_00690,ROAD_310,VEH_7577,Guwahati,Assam,Shillong,Meghalaya,26.041434771596926,92.27337747509742,25.580557198051892,92.69926685293414,139.34442236277982,25.16475877633653,1367.891037719723,16.936612727963468,17.333448493919892,54.92774156301674,42.09355870135281,87.64632353079294,35.10171200592196,0,1,10,36.87148341811785,0.3223310404444166,539,21.584850055650133,5.205178837655135,112,13,3877,12218,1329,5047,1,0.6294044342870909,0.7415012542507318,0.6419440908366972,0.4394746717982744,0.8385577593813742,0.5705548888496617,42.104388046407905,0.5797254401962861,3.87249229759401,17.24152631509281,0.11531086242251135,8.793422629667027,3.220387453431902,1.6312990044685638,0.16024784235992628,18.45071659591264,0.43226956134853944,9.970557428921648,231.36975959406925,0.49370549480972903,84.64356894070511,National Highway,open,storm,pothole,critical,essential_goods,high,good,low,verified,Medium
DATA_00691,ROAD_220,VEH_3723,Guwahati,Assam,Shillong,Meghalaya,26.349496181983827,92.1372098464021,25.623792712698418,92.60222490276573,137.0449720652196,28.3810805534787,1650.0535562819978,98.85901026237562,14.115122232261045,75.98534217467721,42.057368435244996,24.478691471490578,80.33485794325745,0,4,2,15.90415527922031,0.523862560344955,304,55.952135434630684,2.412211397481186,316,42,3786,7027,695,4710,0,0.14936933938358576,0.7358406977540273,0.2716036287291832,0.8193610156555605,0.2625614531277336,0.5236898381761605,40.78870437729344,0.5026696404681139,4.847386176588127,29.760759181320235,0.3395862782945897,10.367947314754339,1.4079225381093494,7.762384337188915,4.173045950213493,11.381725435599051,0.6969904612405315,8.626553892041018,85.97125741608613,0.4137980237721397,10.382235085433615,District Road,open,storm,pothole,critical,essential_goods,high,good,low,verified,High
DATA_00692,ROAD_555,VEH_8967,Guwahati,Assam,Shillong,Meghalaya,25.658906911196652,91.61668614883781,25.740584285269144,91.7294044550722,149.21770301282098,3.715157461627517,1224.9293187799933,42.919508064989536,18.254743506975124,85.64131720921162,13.462784289865688,84.67517237685082,69.41125587664718,0,0,6,24.051809309580385,0.5709522945355276,1094,48.786159985822906,4.5746833927604795,106,47,670,14057,1614,5787,1,0.6517227542096744,0.7499582374754407,0.4262923635904172,0.7592078141989748,0.35736227626674066,0.3206874277910914,66.29348245095755,0.47466891245206333,5.602007122050232,46.05343903178333,0.13869246101540847,9.767395592406322,5.690863749995938,9.80536791280048,3.334980531317335,23.175967269276743,0.868324748924207,5.3588345958894195,40.058529785336454,0.24188675349693975,66.06812615550429,State Highway,blocked,rain,pothole,low,essential_goods,high,good,low,verified,Critical
DATA_00693,ROAD_510,VEH_1033,Guwahati,Assam,Shillong,Meghalaya,26.267850657069527,91.1602274940401,25.28947576827099,91.79171895914399,24.60473767781667,32.251604693727515,204.1547919595365,124.77634970236707,33.11811189312587,65.75874218319304,57.475010928733134,24.121068144380267,33.481370878766484,3,3,1,22.03423530990851,0.17968209033613658,1496,39.84228970360846,3.2181151737024276,210,18,2167,13720,301,4486,0,0.8924901077493997,0.8050771799557241,0.5605225622229697,0.665299676269185,0.6508252589029857,0.18206871413635348,45.098213291982965,0.7559669097372423,3.280158094010214,23.031810226819097,0.23213321255928854,8.798261840593613,8.00822038545118,3.6606641158910915,4.997904512893433,16.46297942051369,0.5986288912928854,6.46740546264475,30.290759017316105,0.40587658917502656,50.937666027401704,National Highway,at_risk,storm,accident,critical,essential_goods,high,good,low,verified,Low
DATA_00694,ROAD_173,VEH_7492,Guwahati,Assam,Shillong,Meghalaya,26.14034961152091,92.48697356394084,25.574553788205574,91.9141375218582,91.06554291390349,7.148749377213845,815.7131952315982,155.62964491718262,32.144752830731164,55.674980730532525,28.019793912618173,77.83127985740589,40.71600902491741,3,0,2,31.358759810097716,0.8130640060447027,422,69.05413674316245,0.7464175988085069,134,55,2740,1351,1100,1780,1,0.6680233525963972,0.6623493334705897,0.12625161208584057,0.7505130301999046,0.4142968112843415,0.15173345945810165,33.01564464022084,0.7261787192365119,3.7480431570581993,44.83390867432882,0.3005321762870363,9.954028012620409,1.1172474732871893,2.2155945702832955,3.9648152057380113,21.8003747342942,0.770876085532894,7.4099179199906935,111.37254572500908,0.5047987996351824,87.61128564058043,District Road,blocked,clear,pothole,moderate,essential_goods,high,good,low,verified,Medium
DATA_00695,ROAD_442,VEH_4664,Guwahati,Assam,Shillong,Meghalaya,26.20127523069579,92.41757135800627,25.500579079578923,92.0646367787386,36.854085305804155,29.96357390379269,1035.2545137062673,32.17679359010539,10.30066396402065,74.93092387934048,8.728006803891244,88.31984011598774,51.54350938321484,1,0,6,48.37499627212134,0.4624672128221473,482,25.787227386078985,2.5799018313491056,257,71,3301,11707,1447,4052,1,0.3855184872880487,0.7657270513313397,0.20670647864795857,0.18817082831444065,0.1953140379796765,0.4523739696212675,84.50323135744871,0.4608354538619191,3.6101638740675046,24.61586117201369,0.3915779752640036,10.456793167885964,3.7688670921876524,9.612459364592699,3.1144723648677104,14.33703911232164,0.5934904260854004,5.784423555690108,225.133819911739,0.3868555642851117,17.408789471809484,State Highway,at_risk,storm,landslide,high,essential_goods,high,good,low,verified,High
DATA_00696,ROAD_763,VEH_4065,Guwahati,Assam,Shillong,Meghalaya,25.834726189565004,91.51875772024961,25.366204478497746,92.12733917713493,195.11380515127982,23.330022492196818,1098.5443002234747,107.4063055745098,28.882239506903275,81.26542384062313,24.97773840394314,80.61993852967109,26.060490891112067,3,1,5,45.71231255854937,0.3003712331531142,785,30.89397969354578,5.093110210343571,118,58,3487,4242,847,2957,1,0.5239683070562225,0.11591515343807882,0.15290988459832866,0.8948677569181503,0.43848833255599595,0.22760288186072408,28.81518025438652,0.40163331600023544,2.63996730395781,40.531768825405734,0.18373652167233187,8.537510583306858,6.895783024219638,1.6925061559572263,0.7434849790673109,22.497814596543503,0.8411595523511723,7.930191964048718,80.85874474803273,0.7686854965895129,20.200512913973824,District Road,at_risk,clear,flood,low,essential_goods,high,good,low,verified,Critical
DATA_00697,ROAD_174,VEH_9769,Guwahati,Assam,Shillong,Meghalaya,25.77246957304746,92.16159080535253,25.555556473144076,92.64363822085909,171.40807276775067,39.24854506256754,518.6395269680272,0.4339963145404879,29.201352594593025,92.67807411843415,35.4591827216107,73.5016370133459,79.16258552544215,2,4,1,40.459247072457586,0.6866176419359763,344,60.474866753727134,5.418328618334046,293,14,2196,13354,1531,2945,0,0.6822625578296484,0.5169565132360299,0.11449386670369216,0.5119880470147123,0.7451428091095084,0.5864202849425272,15.834325425915658,0.8395727711974705,5.382164968333498,46.36313795723079,0.08377303109680385,10.649491286234628,5.555759125823041,3.409936369543598,0.9629510423775905,12.065491324737364,0.7875473522962146,4.059246331048923,32.49955120976932,0.7871941895690004,18.984474953936427,National Highway,at_risk,storm,landslide,high,essential_goods,high,good,low,verified,Low
DATA_00698,ROAD_208,VEH_4865,Guwahati,Assam,Shillong,Meghalaya,26.49965003928905,91.14582001877127,25.70165533881516,92.2389143406935,116.14452693663004,38.373454871622926,1612.5041673560775,93.27837921469263,34.0200489082134,53.37888536776861,55.192456376407584,81.60685912030078,82.45741094956665,5,3,9,48.697708440427476,0.7635680462242687,1688,32.91393829293052,3.281460766726249,106,90,3007,12863,1789,3740,0,0.41723118291691363,0.2269540909026535,0.4656297315254593,0.7469806091038951,0.5975152165248886,0.7588675830364199,69.83949094074735,0.39759486011110945,5.039054697286421,46.05814447708199,0.24431360136310654,14.76323040648998,6.06841922054847,8.625115763764594,1.9439641760475883,26.549488153071117,0.30404481292025254,3.2022230328383103,42.78286425693768,0.7904001808300734,69.60696663423508,District Road,at_risk,heavy_rain,accident,low,essential_goods,high,good,low,verified,Medium
DATA_00699,ROAD_688,VEH_6658,Guwahati,Assam,Shillong,Meghalaya,26.34936465365693,91.45480951184543,25.927117664376716,92.24075250683751,193.37436676845977,30.842475041327255,594.1929526903998,70.3337610050746,12.510674185666367,62.18015131225386,7.170558564811765,46.99334673651873,80.0510530019462,3,4,10,39.725487139988566,0.5508311920017467,761,29.501513017083255,5.382281278938126,95,28,294,8729,602,3121,1,0.4084385052601882,0.17522012541803156,0.24907939680350344,0.17898984487414601,0.2740561584800557,0.7931256685764219,40.48521531397124,0.8298365887204369,2.590798356694267,41.17119054884873,0.05668940931715871,10.310141353120006,3.341829907387962,4.571747012936548,2.519926866362632,5.333028042284639,0.42603841497502004,5.535993582015472,154.73696351211544,0.4186044478353753,87.14908959635304,State Highway,at_risk,heavy_rain,pothole,moderate,essential_goods,high,good,low,verified,High
DATA_00700,ROAD_703,VEH_3817,Guwahati,Assam,Shillong,Meghalaya,25.51517764801808,91.91786882709421,25.372889856851774,92.29719213139256,60.88938232663914,27.662498491142138,1229.316867561073,85.2886992148494,24.947555105162195,86.46059018666463,57.352987156932194,50.49137538808403,23.05860646894952,4,2,9,23.39974384383211,0.5310979976413032,269,60.31002416238829,3.085059876535155,148,32,702,9723,721,5921,1,0.872201552028742,0.6078245818026203,0.47623959085361756,0.5488189507793843,0.698719178313494,0.8607720675034292,26.269944037168923,0.921425124165181,4.539784613996278,47.132503635258225,0.22737576136434737,17.153779827383566,1.51517342002218,5.625296914277458,0.43965253460756193,16.358756105812922,0.25646599884749005,9.758438447420462,119.61132402894968,0.5948198795865505,39.02837328168567,National Highway,open,storm,flood,high,essential_goods,high,good,low,verified,Critical
DATA_00701,ROAD_757,VEH_5618,Guwahati,Assam,Shillong,Meghalaya,26.196517305424127,91.93192734278615,25.030650762788834,91.78205105991783,238.44952259076143,12.163340399292037,1351.1252059815583,40.177768765763204,13.09240684415829,73.78646369578885,51.088854085384945,72.38902941261718,87.30656949797884,2,1,4,44.986077137732124,0.6097187879677846,969,41.10143849243637,3.1749381108459906,161,60,2174,11582,1599,2012,0,0.6699443395538188,0.17807429480238587,0.6294939987211389,0.14921354827448985,0.10122944445195331,0.2843689233618788,32.52259535553286,0.7562594466001267,6.020863349406108,43.84737567836317,0.05628331823432961,4.294922951544314,0.3748679620406219,1.7643954141564557,2.7312859314294697,16.71938790223934,0.5329745601869647,6.587853467288734,102.80329730345892,0.3551821241667308,79.31854363274272,District Road,open,rain,pothole,moderate,essential_goods,high,good,low,verified,Low
DATA_00702,ROAD_604,VEH_8813,Guwahati,Assam,Shillong,Meghalaya,25.951012058332285,91.27218711140739,25.45618776419948,91.97074556633585,175.12414379408736,24.47596833547293,181.4325077850695,169.41164278144947,34.87809063990614,79.6266192287478,33.66411774534519,81.40848490669762,24.936103876372854,1,1,4,18.493263034142295,0.8404569225428944,1177,35.450592872491455,5.9740442089114305,146,48,976,9703,771,5671,1,0.6692032859674824,0.52738422446958,0.5336160470973557,0.504398470361122,0.338185990907824,0.7490682589040446,16.107016824695624,0.7610592949901982,6.040290259247309,36.68611207168162,0.06869651449346313,9.780305886963657,9.022112233512102,6.632689067926256,4.422074578249698,24.296454370104865,0.3726088736798938,6.970482032945134,203.10902788239164,0.41775138238781506,70.22531358885999,National Highway,at_risk,rain,flood,moderate,essential_goods,high,good,low,verified,Medium
DATA_00703,ROAD_417,VEH_7673,Guwahati,Assam,Shillong,Meghalaya,25.581213808448418,91.62952967412049,25.66516459512768,92.3390280568336,156.17211363135775,21.996531716977465,592.6789335874166,43.442465540352515,28.653260914079546,70.02974941594907,29.874074562591726,66.5154357665586,15.459862065206451,5,0,2,49.77824555084109,0.5556053192423619,1712,41.72591396244215,4.446686277378031,70,28,3762,10407,966,5965,1,0.7242144145799497,0.3624236463197589,0.7281473552332836,0.20805426659740878,0.8778890017547796,0.1918128294488322,54.219261359215665,0.7612418843706745,6.234841415799632,16.916661628978357,0.39649655409062373,19.10422948761721,3.4554470972723137,6.673281240947035,0.43692296813326925,12.0196143278156,0.349634925618995,5.386741415698272,120.06695591635149,0.4807198641618982,25.736165347803563,Rural Road,at_risk,heavy_rain,flood,critical,essential_goods,high,good,low,verified,High
DATA_00704,ROAD_985,VEH_3214,Guwahati,Assam,Shillong,Meghalaya,25.520325273603145,91.82521095929405,25.644804441357593,91.53021374140451,26.936403158351563,27.800721180894403,1362.0033706306542,102.63461675838401,14.447643925363149,86.76487582438438,41.72926785716362,61.730541989502385,41.60899292362025,5,3,8,26.190788321221113,0.3574492066409748,762,49.30867163099154,1.0922407090177357,328,5,2514,12457,1114,4547,0,0.6059732180672057,0.7276019076746172,0.8927128601346385,0.1112161616313462,0.5090026140685237,0.1012519223283091,33.56183621422481,0.9050532308576875,3.1148037257817616,30.593775121758455,0.2582767811419953,10.191201866447974,1.9972487335979405,2.4096392834977967,0.8724773110363937,26.445202580352767,0.8298651058135724,3.6369836769188217,244.58985486743353,0.6845850729374612,86.68836438302841,Rural Road,at_risk,rain,flood,high,essential_goods,high,good,low,verified,Critical
DATA_00705,ROAD_259,VEH_6437,Guwahati,Assam,Shillong,Meghalaya,25.563945935517857,91.9788022996911,25.864645085558934,91.83282479395996,194.53977560171268,33.01226649894136,499.5263737203873,35.70748398919813,15.80034310827904,69.44087371862165,25.522618719586927,51.324689891853836,48.724931179110015,0,2,1,30.54971029939991,0.3005526238870654,1579,59.35080871760127,1.2154449308962727,201,68,3698,8898,960,1293,0,0.6324926380491194,0.107260068056324,0.667087499183749,0.5722311820841034,0.5794124072322266,0.3054085910380452,47.92186650538671,0.558037302689695,4.845294906638521,35.181926755737905,0.19352252280140714,14.028742454404227,1.9868142508046596,5.590041825686505,4.77785556720525,15.323392988245757,0.8582594891060393,9.921560646502604,159.17423541044323,0.5369584842745834,31.136035917072753,Rural Road,at_risk,storm,flood,critical,essential_goods,high,good,low,verified,Low
DATA_00706,ROAD_396,VEH_4772,Guwahati,Assam,Shillong,Meghalaya,25.868252310082674,91.63479309343306,25.656433565986664,91.81847384286988,247.60095372147586,33.63595047148489,185.7103822428025,49.130870740280415,13.84098614533708,84.07257928606236,26.277154804490046,89.22452114023015,83.37230835725165,1,0,7,28.0100218581371,0.2155263715003562,842,36.29623716027248,2.950191028431488,224,62,1047,6245,1793,986,1,0.8756682071699858,0.7074163502074278,0.6968941334211061,0.6289490729523844,0.24068604423160497,0.6508583201408229,60.67210288105233,0.42315113886273786,6.242930924006649,28.450067890029374,0.06548865203012146,8.3341331041795,9.483415580652787,4.736789746153946,3.3921447383290246,28.490380322928793,0.3283897807889078,4.409897556852604,83.56932056779763,0.6883684854753889,73.09400654285791,State Highway,blocked,storm,landslide,low,essential_goods,high,good,low,verified,Medium
DATA_00707,ROAD_694,VEH_1626,Guwahati,Assam,Shillong,Meghalaya,26.083068537103856,91.09544956642628,25.605155675387678,91.93796288900988,224.3950196220655,31.295552490489214,781.5272649385818,71.07484572894757,34.97092951396664,52.774892965983994,26.662607685080406,47.30478577432422,66.88051517342376,3,2,6,19.13420802160335,0.8924735906947666,834,53.94113521174359,2.638624421688706,58,57,2290,8574,1817,1354,1,0.7714206690162306,0.5011436051612747,0.1723247421054941,0.6927165010812039,0.3911565647432076,0.790842705321283,67.76171336828764,0.8552337273891386,3.5226662225414858,37.51306168123186,0.28525357897045467,10.051965245782355,6.3915618325568895,7.03742843627173,1.231695473356248,15.390399278121151,0.8517067612116345,5.344576107689904,166.4369480650027,0.31423182514157266,74.14505815249504,District Road,blocked,storm,accident,critical,essential_goods,high,good,low,verified,High
DATA_00708,ROAD_137,VEH_8769,Guwahati,Assam,Shillong,Meghalaya,25.589171759677615,91.27322037920425,25.587815388440593,92.28670224770482,160.06633696021947,19.814902204908254,1122.246289117349,11.01405054505943,12.402477213304124,63.15986146532849,35.2001134683895,88.17677153309036,85.26240138903745,2,2,8,15.331293841726401,0.6254862912135868,1275,32.36435704562474,4.767616803383665,83,27,727,7407,1343,5585,0,0.47677206883055445,0.30945599329884327,0.11576916072728638,0.15147084742613873,0.44764706944134625,0.5360182872075223,52.502102331064066,0.2568068140728741,5.3569089999883985,29.988886857637638,0.24523525016168324,2.5882476282908264,1.5269945030668821,6.46775361834043,0.3369921269379833,11.647819312807476,0.6902692819966583,6.815327296925266,39.202971849944106,0.6133051525595445,73.71976340632207,National Highway,at_risk,storm,pothole,high,essential_goods,high,good,low,verified,Critical
DATA_00709,ROAD_430,VEH_9032,Guwahati,Assam,Shillong,Meghalaya,26.16818089802438,92.30443960415184,25.898249383547746,91.75344711622196,200.28202059408022,23.203050231943315,357.3143363388174,28.171979098952814,13.69605730230696,85.02131204411097,44.242385773014064,62.58470136662604,27.82375442825448,1,2,5,23.24381282544514,0.8604194530470347,1212,62.69308687702855,3.3993541066986666,284,13,1734,12898,697,3773,1,0.3402566044594305,0.8545766601362745,0.42843080476670303,0.6313509959566761,0.7803940638155912,0.49906945387174273,43.8652093662965,0.7069161375608455,5.263213412368164,22.838353226729776,0.3555057742391937,9.642215415869046,1.678727543274233,5.679287248913243,0.5135419502180494,5.245195426661759,0.8754334441276836,9.988395124343427,238.56767139971353,0.7081820702478738,13.942421988448714,National Highway,blocked,storm,pothole,critical,essential_goods,high,good,low,verified,Low
DATA_00710,ROAD_112,VEH_6243,Guwahati,Assam,Shillong,Meghalaya,26.029780060131383,91.16330847518341,25.562012001160383,92.33427506404277,224.61995576694275,30.121313570432097,1500.2870344727799,147.3884662121466,22.162046058949223,72.13201058035496,58.140960442272664,37.75471027916952,44.81934313737114,2,0,10,35.58952128458835,0.457229379006568,1761,58.59741454194226,3.5142931174582994,248,48,994,14599,1086,3322,1,0.7102350850730791,0.29378951749815096,0.2754063858626502,0.34027889858030413,0.4553710904281486,0.3212017401680539,55.185286615711966,0.9305501414213562,2.944457669571349,17.94530926724459,0.1485989942127161,10.110722109421975,8.962813867882408,2.3310731903162054,3.966068732191215,28.28391721330482,0.5012829664641183,9.032789204511172,137.94968929700366,0.6312922213033503,15.941162314968178,National Highway,open,rain,accident,high,essential_goods,high,good,low,verified,Medium
DATA_00711,ROAD_268,VEH_2889,Guwahati,Assam,Shillong,Meghalaya,26.10028645612145,91.01300973429707,25.908283782254124,91.50507630652373,128.84476050756712,9.855968660695677,1377.6330106586581,159.49231218537003,10.660515692888513,71.51904135117982,55.00277638649765,59.45708185355901,23.1076399059131,3,1,4,17.66123212455842,0.3843222555486877,1303,44.34059994328649,1.799335732093354,239,48,265,10373,1390,3497,0,0.5851986083784692,0.1745070722048504,0.7011006611468726,0.48775151358237023,0.6765569879522673,0.41109356543920705,40.538708376504545,0.6604982143708709,2.701114991996655,35.821765818810334,0.3950383801685615,11.015910451497287,5.334932541950984,8.25615009438209,2.529825819563417,19.8899195125364,0.6759795989278604,9.128422594750036,221.22066398334925,0.5168783156687612,29.579223461885142,District Road,at_risk,heavy_rain,flood,critical,essential_goods,high,good,low,verified,High
DATA_00712,ROAD_588,VEH_8919,Guwahati,Assam,Shillong,Meghalaya,25.777667919077004,91.65788236603376,25.15781093447923,91.68408419332607,136.74550073637025,4.451764843725572,975.8625959878686,78.32532617277279,21.109388874692957,67.25696631231094,49.81511063127915,74.98148925605392,83.39637256910983,4,2,2,17.848420794845026,0.5386276826617351,1252,61.63031969932831,3.0799121545747346,221,63,2627,11957,1401,2709,0,0.6843771170818751,0.7511805808225201,0.13239235662967258,0.7231775047091721,0.8345157805665482,0.35894987934347655,15.860669481592168,0.4149894312993435,3.503897472544659,39.5775506238073,0.14880003617688237,9.324852931292204,3.9218836170168796,5.9547624608791185,1.4219123509681608,13.062992753341227,0.5970925491080437,6.144873336084592,87.38104081270302,0.8478908257889235,33.23598945662365,State Highway,blocked,storm,none,moderate,essential_goods,high,good,low,verified,Critical
DATA_00713,ROAD_910,VEH_4190,Guwahati,Assam,Shillong,Meghalaya,26.376782377911216,91.55264113410412,25.944889146628267,91.9078990378418,228.5745835219811,9.160865509380198,1095.0417722756297,42.17273342947149,23.542555835123444,75.66447669876973,59.86427358970333,30.950136670945874,24.872359472653905,0,3,5,39.637408362338974,0.5755289697846137,100,46.267363686146865,3.580771365675159,352,41,2792,8711,1332,5422,0,0.7226140064094059,0.7294152347808641,0.8873853992840379,0.47205558927023084,0.8515593852098187,0.29804075984598455,56.15927759735075,0.5516471150647277,3.987437155165729,18.77969699533115,0.10996327889582344,13.183297957823715,5.251620272564915,3.225332117145913,2.186723681000756,14.6205168239614,0.21905770300666455,5.4956655272552375,153.11112365907334,0.5490132164379311,74.83308632725668,District Road,open,clear,pothole,high,essential_goods,high,good,low,verified,Low
DATA_00714,ROAD_846,VEH_1445,Guwahati,Assam,Shillong,Meghalaya,26.186268665505125,91.02582659865632,25.441443231792405,91.80071966963911,61.8522529947705,39.84622999894912,1714.2729032848833,119.1167401399201,20.119036278816388,56.64723660937517,33.423653458868145,44.19422045555291,40.86488678312408,3,1,9,15.549488526879413,0.5969216245668495,1473,23.920470080463616,2.4317580673057786,285,15,477,8517,1205,3517,0,0.5672429475256537,0.7721330032983218,0.8657930417364254,0.8564833628442037,0.45384091832989715,0.32236862660376264,59.62565073446335,0.6152118345195094,6.280618119531791,38.66711195685584,0.17189734264977016,12.215896479367922,8.494008890576294,5.977610663646297,3.352980577733329,29.5554781530091,0.6698794517708568,3.7374248360418787,136.3399367712396,0.6982880146860806,71.18513834505174,National Highway,at_risk,rain,accident,high,essential_goods,high,good,low,verified,Medium
DATA_00715,ROAD_134,VEH_8429,Guwahati,Assam,Shillong,Meghalaya,26.24075992925625,92.46061830994526,25.349200711265738,92.53675551225875,215.97274907269804,25.50633089104983,794.8681893215831,85.89938272199281,20.38519636698706,58.17526882825168,47.87151289781216,57.4310511907414,35.40576540716089,3,4,3,34.162829656016974,0.5422325280302902,1700,21.404679875054942,5.621787797714672,277,66,1566,4676,1221,5562,0,0.18931127362719424,0.8828190503144192,0.6800362919181856,0.23651926702368167,0.16757690443214673,0.4785070604290066,48.56100847492641,0.20189177247209142,6.282225888101992,45.454602666528146,0.3507625496037393,14.081307401151259,5.750313514071213,8.459893350426334,2.6459106196455275,18.26737221623786,0.22333738644121542,6.033405626917168,178.78035163357015,0.5513018864611687,88.22220317146349,Rural Road,blocked,clear,accident,critical,essential_goods,high,good,low,verified,High
DATA_00716,ROAD_586,VEH_8876,Guwahati,Assam,Shillong,Meghalaya,25.87139344212176,92.40105129051837,25.564121837584125,92.08357309639499,76.00815302918129,8.151561852992717,1653.823145335814,96.43143751501918,29.768837714035847,63.0774798953664,49.598612563053486,42.291599333591236,69.60400566888734,3,2,10,37.358141343430525,0.8106695439929875,1085,65.01015344967685,1.2196122888166732,36,37,360,3930,972,5267,0,0.12063276546110302,0.5324636334892815,0.3561254251356383,0.3602667243993193,0.4580432602837602,0.26898417677052167,48.91015868834813,0.4189708040435156,6.237229597541408,24.391556317861895,0.17723010776529158,9.97998654064826,1.6599925313544068,5.737554067310105,0.7645800072003167,28.529990038674587,0.21149131249695755,3.5763250646801605,108.21592705946505,0.7524466628345889,68.81138977407282,District Road,blocked,rain,none,critical,essential_goods,high,good,low,verified,Critical
DATA_00717,ROAD_750,VEH_7008,Guwahati,Assam,Shillong,Meghalaya,26.129686410594037,92.45381028693235,25.08933249288021,92.34227487496952,23.828560129288224,16.401053834881907,568.3373894450522,94.13945004940824,26.589126671553554,66.03322559615034,7.3150704225802325,81.0176874551787,34.95114584905812,0,3,10,34.31985591002119,0.12713344066717075,1412,47.68654137371517,1.2577844501709703,350,61,294,7654,1468,1204,1,0.34813521866191655,0.7317063588365944,0.5990519776463278,0.36562684438881143,0.6192994913356553,0.6912815850735418,74.6609860859392,0.687107445435932,2.8439621133588666,30.248368366191873,0.3324123738969908,1.7736828363386685,6.841910284814165,8.096594824632549,1.9687073756443612,19.060563820886326,0.48241494748753977,5.3851468806038945,220.93623047372068,0.4130809542087761,36.016595823297166,National Highway,at_risk,clear,flood,moderate,essential_goods,high,good,low,verified,Low
DATA_00718,ROAD_902,VEH_7667,Guwahati,Assam,Shillong,Meghalaya,25.901377608644577,91.3716770634561,25.607468560600413,92.50153842607747,187.81517444565324,10.95707418978343,541.744819334463,11.631863123346832,15.292971356156789,90.82317358005989,44.05303061144436,21.27247534040931,66.11806391054076,2,1,4,45.55442248714681,0.6794183346637317,1657,47.18664213978962,4.551536074237183,283,80,878,14798,947,1755,1,0.10819646529808491,0.5602827809839229,0.18759160482132675,0.4500240984614472,0.5517031286928032,0.5015694197727499,46.34719725514183,0.25513712855698384,5.044206049202911,42.9853931110834,0.1234158391194303,19.095757761670182,5.1106345138872715,2.041356243102692,1.9899998966467813,15.157134190061507,0.573312897516201,6.048554933993708,75.14761389044298,0.21247276560124695,78.63445498150989,District Road,at_risk,clear,landslide,low,essential_goods,high,good,low,verified,Medium
DATA_00719,ROAD_257,VEH_7057,Guwahati,Assam,Shillong,Meghalaya,25.93919239365782,91.16755403378741,25.866081180789926,91.7847467046098,44.84114899682302,15.863707140659287,850.3377242694722,18.206622068464707,24.83759833510566,70.35927413225022,14.47184292499146,80.68514392767864,72.93057009930365,2,2,4,48.043286658996884,0.5672027370611151,1120,59.58901008427376,4.013815926119567,188,62,1347,6961,376,5449,0,0.6046960208658514,0.618049970302652,0.593516217372681,0.46108198833306424,0.4729978436454719,0.2852321067573369,30.432961853359657,0.7688334740894931,4.04022112474823,40.960261075507375,0.3724424709034298,2.7869063446215994,4.358158622390509,9.04425639286418,0.8624482669925143,28.44556952710064,0.7788850736449673,3.385501567337617,229.35199084318742,0.37673170502080106,17.005078134926784,Rural Road,at_risk,clear,pothole,high,essential_goods,high,good,low,verified,High
DATA_00720,ROAD_612,VEH_3350,Guwahati,Assam,Shillong,Meghalaya,26.099595084063157,92.18732840658078,25.738540415436546,91.8715483885029,246.78553599786326,31.110328808292554,536.8174176419444,66.59623260322162,26.496491743841613,87.7675855219443,48.89888322793775,28.0152503286726,27.535584528462138,3,2,4,40.56028461920501,0.47032580112042977,191,32.714524788758574,3.2828980100757197,249,17,285,10878,687,5385,0,0.45539506224710047,0.5753835105429705,0.8447260637597008,0.68875415423382,0.3499667102036137,0.23889540920705904,48.265573657365266,0.5126718774573729,5.2287485796093325,38.20134335805406,0.38804741137549736,10.23101029802144,6.666978670832221,2.089586815230075,2.1827912055525758,26.12145009690887,0.8254826917438394,1.0306176034422065,63.33031652830073,0.6856537698714579,25.22681555289256,State Highway,at_risk,rain,pothole,high,essential_goods,high,good,low,verified,Critical
DATA_00721,ROAD_312,VEH_9738,Guwahati,Assam,Shillong,Meghalaya,25.75583116664629,91.1843215249079,25.687930854857605,91.94808076094175,213.7671449932871,14.976490174567106,1078.5871478462407,15.536394717228303,18.78930674366102,91.8379927870898,52.89031664450326,63.99006013081927,71.81853302798457,1,1,6,45.319498306836934,0.37141476873533863,853,40.09815644570274,3.476420356096686,356,7,2291,5487,1625,5205,0,0.6576990128352892,0.4508814284584175,0.4766504351605233,0.22103759879643672,0.25051788810206677,0.3454824330366797,63.45864606259118,0.338248108270998,5.82448739076509,34.732129338947345,0.2935515294814529,10.285544313940855,9.375720240415173,7.599728420728011,1.2411532979997304,15.167740931708785,0.3108501435511663,3.227123857994265,59.79647001356216,0.4865984327179338,45.906024841759674,Rural Road,at_risk,heavy_rain,accident,high,essential_goods,high,good,low,verified,Low
DATA_00722,ROAD_650,VEH_8312,Guwahati,Assam,Shillong,Meghalaya,26.140165237384906,91.68670668176446,25.294222672161236,92.39179406014355,244.39510153450752,36.63779314794498,592.1988908680282,142.82865398798563,25.177425483348753,58.72471120529947,9.010807544506843,49.19571291080761,37.72624053788557,0,4,10,45.9688995951538,0.22558647983187266,1798,56.384205799648754,5.364634604886728,239,64,1267,12621,1969,5844,0,0.8278598468705708,0.3642672910088883,0.4234701612540198,0.43815369544961713,0.4513118305573883,0.5011167717530569,68.42795389198355,0.22381143453376165,5.549265187525854,13.025692521581792,0.3409189976103661,3.3454045291013106,7.1890156654280615,7.99332666290953,4.3714765499272605,17.091585332562126,0.6178110846159581,4.073890672549095,93.0415876900921,0.840597304293218,54.36625223194861,State Highway,open,rain,none,high,essential_goods,high,good,low,verified,Medium
DATA_00723,ROAD_386,VEH_9856,Guwahati,Assam,Shillong,Meghalaya,26.317804537797954,91.23627917002362,25.4233746762214,92.19906927403672,219.80446634757385,32.228575415659556,1581.2169053769535,119.65443707593836,15.552038829910217,73.7827654007428,43.12178034758692,84.01147039996148,61.55605606636685,5,0,8,27.787757206158815,0.2551579241273564,325,37.68057095856645,4.761914162852815,153,72,2182,9915,493,3844,1,0.29685610091740317,0.7472956722175274,0.788204105600839,0.5638416278568951,0.16756781948500132,0.6390000246618986,69.24300417185938,0.2092340940615613,4.092052441919293,26.809562100777597,0.025975183844954272,4.483647849246335,7.214099451337369,4.178946819427919,1.4485187603972132,5.946836350592692,0.298803973103155,9.215642622856363,171.92980750860707,0.7668173797464823,34.87514308859353,Rural Road,blocked,rain,landslide,high,essential_goods,high,good,low,verified,High
DATA_00724,ROAD_911,VEH_5009,Guwahati,Assam,Shillong,Meghalaya,25.837350808405223,92.4332021819332,25.125372604020384,91.57844914636146,86.49083716890318,5.981086524251563,231.557165453083,140.7276810634674,31.661197483552154,87.9958374992738,53.95045594875808,54.749357436791456,62.128852020300336,5,1,6,28.81393331854184,0.6672774351544886,1172,23.21477690233672,3.603821497362681,343,61,2831,6796,676,4362,1,0.4347195561693823,0.3993353369809245,0.8844958575570518,0.27153904687611896,0.5418759053524907,0.7102401816328366,54.000716843450164,0.8071428973616135,2.8971976024736388,47.31422339795798,0.38543336036551806,3.1605022365398896,0.6113273496683086,9.584363296883692,2.3552215839042727,9.899118478208198,0.5678180588791708,9.762957327666816,43.620340770439824,0.39640145024731444,25.81465338382955,National Highway,open,clear,flood,moderate,essential_goods,high,good,low,verified,Critical
DATA_00725,ROAD_107,VEH_3904,Guwahati,Assam,Shillong,Meghalaya,26.48494757452586,92.40362143834545,25.492437677721803,92.16776567751856,95.06424833347566,2.9943124853790617,1210.5705422394183,9.36883584731856,25.5925330749593,82.23202779175153,51.37141383536716,63.12313692290228,15.048878926656553,5,3,2,20.88833869371278,0.28272968848317526,340,64.48789891979641,5.666067726594309,108,76,3414,14536,724,2316,0,0.5599174884171121,0.6364968161523433,0.23972307422203373,0.7166837711809503,0.3047377588580409,0.18970687566229716,56.486122287464596,0.840118304692052,2.6582514787428324,19.952858552535627,0.17116552772011406,13.99476756948066,8.488419250775856,3.6616563529053767,3.854279402022622,14.195701459728378,0.36430712154968625,1.7678580697829982,145.82614574886213,0.7511881635926683,38.88060545930504,District Road,at_risk,clear,none,critical,essential_goods,high,good,low,verified,Low
DATA_00726,ROAD_520,VEH_9572,Guwahati,Assam,Shillong,Meghalaya,25.742181937977975,92.26340605710134,25.359475813642664,92.33008265379397,104.06611054475985,32.93165007165534,129.01574057521395,149.60797659628125,30.789480566627123,65.12818339829859,18.420481046150904,54.49864056155767,13.095397361285066,4,1,4,45.60762480615777,0.4998411938409627,1051,68.46531414663372,3.8938987753973495,57,24,673,8271,1916,2086,0,0.6041194372106412,0.16224244709968547,0.2816170320861605,0.39005584115610614,0.5700481814540227,0.5002593040607257,34.79270892967446,0.35710834359643995,3.366740506880976,14.399651529248025,0.3063380360814282,15.38988712519729,6.79863010288801,6.226178614681359,1.3232103369528985,7.888295249782669,0.2583772712846671,4.651349203876766,45.39290032906493,0.6326604349466016,25.991705053438963,State Highway,at_risk,rain,none,critical,essential_goods,high,good,low,verified,Medium
DATA_00727,ROAD_497,VEH_5527,Guwahati,Assam,Shillong,Meghalaya,25.630452876989043,91.57949391080373,25.837879314548356,91.79473023638452,46.90341828169106,8.322481732638625,260.63463611766304,31.346901399652797,11.312122103597787,74.73805429715352,13.588994558651576,27.378264669672493,15.104527756785586,3,0,10,18.00002868613915,0.4591024525229688,1333,59.6975113384733,2.123067775669668,268,32,389,6479,1861,1802,1,0.12307308050441518,0.15888223408470595,0.8167897922381842,0.1092916727404572,0.7732040931585183,0.7056681621901749,38.290023423096955,0.7785149136985245,2.8090474900511606,41.91699320334021,0.23547782092307235,5.422256150216354,3.7094878266864844,8.223121715745044,4.9887232939090955,14.120039753262112,0.45835617230027764,5.246583336576615,122.24462817379843,0.45305781012388535,31.098634665863134,State Highway,blocked,clear,landslide,moderate,essential_goods,high,good,low,verified,High
DATA_00728,ROAD_860,VEH_7937,Guwahati,Assam,Shillong,Meghalaya,25.52170210457244,91.44227916279196,25.167609579614265,91.75125040990287,223.23277929814736,32.63886598707208,848.5106435004691,175.0756084539451,17.18871319315458,79.89316760410094,36.898706647839134,45.704587645510635,16.836007534489454,3,3,1,26.799585347678544,0.22092705445590666,1560,44.79950482537716,4.252482514323641,346,63,3043,13982,1687,3749,0,0.4150121032299344,0.19761780688708097,0.521538743165671,0.8551024610560184,0.5181113041904362,0.6625125402815059,74.07705303070398,0.593080634594574,4.1568527915040665,42.288542304695376,0.0406425383001858,3.1915754647541017,8.193583781579317,5.9845429268240995,1.2463722414759448,16.933771701679472,0.27412285970206485,8.791922931476723,50.49829610484587,0.2466839021492062,22.998555733751544,District Road,open,rain,pothole,high,essential_goods,high,good,low,verified,Critical
DATA_00729,ROAD_308,VEH_8269,Guwahati,Assam,Shillong,Meghalaya,25.574355020546086,92.11160813797224,25.895701735031274,92.65021346083391,80.6504828576287,39.772025405182795,1074.7194268949618,159.63052060427998,33.051418550414255,80.70769349816455,27.125800347634527,42.482351971556064,82.37570878501607,3,3,3,26.111769846922844,0.14280382718294052,820,43.779298640890694,4.979147725008648,128,32,230,3002,1630,1643,1,0.4226535849746039,0.8250850980838256,0.4692051352794595,0.4095620042339915,0.26503714114577337,0.801470500449961,22.934864887945434,0.7040773756376792,5.191179661012676,28.077393237715114,0.04825795134765355,11.112898284282354,8.599436043848453,6.981998932147671,2.6117368277708253,25.70627504027952,0.2614935399484183,2.4609959666916796,235.94274915745774,0.8753668287584981,47.61028920837123,Rural Road,at_risk,storm,pothole,low,essential_goods,high,good,low,verified,Low
DATA_00730,ROAD_840,VEH_1937,Guwahati,Assam,Shillong,Meghalaya,26.20960763018089,92.30972293508448,25.55295534297753,92.7470475829625,215.91409524462242,3.1648032547440446,227.7051576156374,102.55254917955773,20.528644336400475,62.60718777224339,19.917903817643186,68.19499449489231,34.23654911541575,5,2,4,38.12773454753859,0.889381407751936,242,61.81079496521675,1.8941339428122266,272,40,3794,5778,1649,4142,1,0.2155950920268925,0.8276589736514935,0.5225354441753349,0.2015436066915066,0.8618654718575408,0.14995761897695534,44.78001596494691,0.9445920568833552,5.624585670197335,21.75409469792126,0.3451993752222842,15.10453118676284,8.006625892046799,4.804562943317649,2.5560665973168426,15.008284273522747,0.35702110426845846,8.2602453346809,236.81683305248183,0.7662642191603375,17.82371379608722,District Road,blocked,rain,landslide,high,essential_goods,high,good,low,verified,Medium
DATA_00731,ROAD_534,VEH_5212,Guwahati,Assam,Shillong,Meghalaya,25.824751765939034,92.14187477073183,25.23362062944881,92.73053038092777,192.9744911881151,36.9352961644448,559.5721228929598,76.06250353428636,29.812763913436473,50.42971550938983,6.85529990384018,42.65049319856015,75.72219746589221,2,1,1,18.61900574240458,0.6528242521384426,536,43.790253318995134,5.996757761437245,83,28,2829,12047,895,4383,0,0.6061891562055719,0.7055314223980677,0.10950542656468808,0.4970930787522907,0.5788972726334912,0.6471530559391557,59.72821074610308,0.6016465363739173,4.480986186463365,33.064105163696595,0.34129046072330116,14.005510749211812,3.3480512755968963,7.7292269869273005,0.2675651800437223,18.93570337458108,0.7361732860566794,3.046795709843457,28.080425312482802,0.2745344198260434,63.89438707990087,District Road,blocked,heavy_rain,accident,high,essential_goods,high,good,low,verified,High
DATA_00732,ROAD_977,VEH_8680,Guwahati,Assam,Shillong,Meghalaya,25.74860938960328,92.13858468014354,25.47781552400014,91.62191297459833,118.11139177867406,33.83692122202926,1412.0006711216754,43.28008877382595,13.905917487312344,92.80246459936012,51.01756865738394,25.355222944939648,74.69204952820095,2,1,5,39.58355286664556,0.7376149050152148,754,22.439070960176394,5.909190602768463,318,27,2140,1303,469,1846,1,0.5971028947700746,0.5456070755261081,0.6572250392895256,0.3149325051561814,0.11427962027640098,0.5961227795986471,26.84063918535527,0.21593459208058366,5.819121231229008,38.97038721675941,0.3945772205939057,13.486839084503021,3.6722228729619917,6.390667156509353,2.4154631391801202,19.262932940043715,0.5515331212222175,5.775738547758099,125.55533155226955,0.30732334981411613,41.85763568003563,National Highway,at_risk,rain,flood,moderate,essential_goods,high,good,low,verified,Critical
DATA_00733,ROAD_136,VEH_7246,Guwahati,Assam,Shillong,Meghalaya,25.677501795736504,91.73195161125957,25.646080813496855,92.66019586022823,25.96384828850755,12.944764263366613,1761.0268786971235,76.68373874711577,34.92234701955826,83.53074740265166,7.96589565766155,55.161164819703686,26.11074214519853,5,0,1,41.67484078031656,0.22007443881050737,1467,61.08399641430003,3.03192466609948,328,42,2668,3286,1435,2116,0,0.2677338256920384,0.864456755407517,0.2483015795309763,0.4121395855310305,0.4986953505099019,0.37697299124186734,72.71948053173114,0.7313328644255002,5.947342821043982,18.567583417625208,0.2467942837745334,17.174939591710615,9.440173792953425,9.027278221102573,0.6164319226376086,9.371578747232777,0.5223455562406238,2.0451447339487143,242.10812679507788,0.264350266997782,32.34147715041481,State Highway,at_risk,storm,landslide,moderate,essential_goods,high,good,low,verified,Low
DATA_00734,ROAD_792,VEH_6071,Guwahati,Assam,Shillong,Meghalaya,26.22242930644051,91.01779814000281,25.252630689629434,91.54509196781422,156.60127822194823,9.658904597094931,1623.851186170817,117.1004598479092,16.522600001084307,66.63271661271699,32.9501722756321,24.58538877392519,66.71272970226013,1,3,4,25.06209433094851,0.37390357882031366,1456,36.46432094140905,3.616162495670309,198,28,3763,11502,1952,917,1,0.38711517267875173,0.7787089451503234,0.6470996174061162,0.49335712489110395,0.5862361717267431,0.8742079896100361,57.48142604277744,0.4965358828867789,5.637436243928418,36.85623669138628,0.08836130533454362,4.460564235468995,2.2663842880074374,6.2647405276754675,2.269157623833497,10.563175588952657,0.7051621566622446,1.8959048450028868,241.20125083795506,0.7494127954031187,15.715406613147058,State Highway,open,rain,pothole,low,essential_goods,high,good,low,verified,Medium
DATA_00735,ROAD_586,VEH_6376,Guwahati,Assam,Shillong,Meghalaya,25.687723855472772,92.4183087061898,25.676396787497037,91.73155608869338,79.83078564071138,5.875143103813995,1756.388151500469,159.86632611301238,16.97298533370321,73.63719252834356,47.69079852616635,40.18425740154548,68.53600911906767,0,1,10,18.625565960769144,0.2689033635820979,1785,56.46423933137283,1.497479306569768,117,4,2484,8931,1908,2942,1,0.8091875833503724,0.7880851495583654,0.47960944211026724,0.8529035673626412,0.7055149064310169,0.6756312464208665,36.308452073514225,0.638575007939523,2.927618951481016,43.350564272650104,0.09884133785423226,5.722484567170788,0.31698712440589094,5.741124620843718,1.766291207144296,26.949409216569084,0.8711527553455949,2.8459166610056497,164.04331503903566,0.28672565935279276,85.9889525100218,National Highway,at_risk,rain,landslide,critical,essential_goods,high,good,low,verified,High
DATA_00736,ROAD_739,VEH_4799,Guwahati,Assam,Shillong,Meghalaya,25.574513039927247,91.67370882081744,25.543456377845974,91.85094391128928,157.67063576897124,26.68108683865682,1050.4903043617019,92.85558969657323,29.3152030564998,61.08585770662168,5.171241394086389,51.09840120864256,32.264498463038635,4,4,3,37.75080766766134,0.810317663791355,1746,31.56549399485055,1.1781566070500666,144,26,2024,2002,1674,2949,1,0.41655082207352156,0.3449591984886765,0.3929962951729279,0.3468691052864403,0.45169697914315365,0.4906221323152299,83.85890402695472,0.21163616210710084,3.9895057113978107,46.55087597150737,0.18962183956571205,18.44614165846602,3.354712584392098,9.48993353224806,2.59392213561269,26.351405457493698,0.8420536025215735,5.965927314101813,47.75148537088647,0.2870232011775543,50.893913523813225,State Highway,blocked,rain,flood,high,essential_goods,high,good,low,verified,Critical
DATA_00737,ROAD_666,VEH_3719,Guwahati,Assam,Shillong,Meghalaya,26.4615287508116,91.77316780931869,25.73632110919138,91.7849363521028,36.134711415945745,4.202438746593439,730.8671699798599,167.48642626800134,29.25361255086717,54.51416860856658,53.6338536198496,76.48023960221545,28.788649568775206,5,4,4,41.02267634992471,0.4569985554921969,133,39.06628027966821,2.788510089709215,282,7,2840,11854,1729,4189,0,0.7124404901589241,0.2863423770106477,0.17989536865395747,0.7310136794264102,0.15527041982790007,0.4445991617260089,21.53092123510669,0.278264271780151,4.866237520435046,48.52196502395947,0.20701880248541393,7.315396937744532,7.486919936225877,1.2300557222569797,1.224514525013956,10.13904089599797,0.27986223465738047,2.712816449259987,179.16524214924326,0.3612560662729012,49.43156398699819,National Highway,at_risk,clear,landslide,critical,essential_goods,high,good,low,verified,Low
DATA_00738,ROAD_152,VEH_1238,Guwahati,Assam,Shillong,Meghalaya,25.786795720346014,92.37931266841741,25.51735977925055,91.55860890388387,53.092499565211796,23.74498578890363,264.0506160628901,117.38348616672563,14.562796434038404,62.16355953510451,58.557583042252766,40.8998165941873,33.88433660960142,0,3,1,34.560819413144685,0.8453421144377099,599,27.37156359858279,5.334929938177556,194,7,3344,7956,972,2001,0,0.3682309014588854,0.8128857387235362,0.40767199282090816,0.8321550902131271,0.45292584672136116,0.6085886068323083,24.056992915988015,0.810833699537234,4.822839413199615,49.464468109281896,0.32808514315345766,18.223980665580516,7.530772101409169,1.30785420233447,1.7279183297114793,18.71832691369653,0.6630030190854229,6.448051521213697,215.59886934373367,0.41964346011524173,88.0242912183507,District Road,open,clear,flood,critical,essential_goods,high,good,low,verified,Medium
DATA_00739,ROAD_820,VEH_8318,Guwahati,Assam,Shillong,Meghalaya,26.498897768533702,92.11617592011045,25.719276387532275,92.51372813286837,209.60548436420743,22.505065803740663,860.3465754391093,144.13180849519986,17.36059434638419,58.34524107361385,58.335309790839865,38.22099919533155,84.12377533778452,5,2,4,37.254479845275746,0.8233472471530489,857,66.16203780863722,4.162897041380923,244,61,3466,5597,319,5520,0,0.13880258272316015,0.6834761941049009,0.6167908936644465,0.7391138989684526,0.5811346336383948,0.5774020771953671,31.991408187750366,0.8935666798481774,3.8065678462821824,10.961467645035476,0.14229667414326536,5.257458618290824,2.7234498312185202,6.649038498892967,1.5161073905649392,5.831729238687936,0.7164087738126708,5.8495978524496355,112.20967186069211,0.5351285659773155,55.67289177904183,District Road,at_risk,storm,pothole,high,essential_goods,high,good,low,verified,High
DATA_00740,ROAD_399,VEH_7755,Guwahati,Assam,Shillong,Meghalaya,25.754870018729974,91.53817767558901,25.623270112737732,92.00055713867359,202.1450085084363,21.727593763027706,602.6744406227365,1.0003298202840205,34.19423824837234,86.43779117489154,24.30537603327471,45.28970933288461,11.514133979114272,0,0,0,49.773312593484675,0.541277358418477,1339,27.098455674826134,2.051118021307399,247,17,1495,8266,1164,1395,0,0.8729514193082817,0.5242754282922907,0.6573442963988342,0.581950511523495,0.6907832806057923,0.1713415204747939,50.499993248636834,0.32797872908927994,2.6496403522043996,45.69805208050227,0.3579947913560517,16.05977592970525,3.963758628505907,2.591944807256576,3.289376138629974,6.496957346214509,0.6725259973276494,4.3132201142258735,99.22775000612462,0.21574696165168938,29.221166437178532,District Road,open,storm,none,critical,essential_goods,high,good,low,verified,Critical
DATA_00741,ROAD_884,VEH_7345,Guwahati,Assam,Shillong,Meghalaya,26.378094272231245,92.22783776861044,25.833151845743544,91.63197977627513,29.169984973070626,11.755466436624031,1736.1138747454659,113.75164134733954,15.717486846613406,87.03452692951217,43.532371808683614,28.514780259696302,46.68532753109965,5,2,7,31.5133473428106,0.22972910620106168,729,68.170444881824,1.0480211062216873,291,32,3970,5792,869,4010,1,0.32628511408253724,0.7088640090725061,0.6149060756270662,0.5855513328466633,0.7072850834132034,0.30103617717733294,36.58175651639574,0.9061055581883166,4.436771507762565,31.689694293716634,0.380774094652401,4.5191866432225805,8.968373057036997,1.6057948678828855,0.4400914853876825,24.975770226709827,0.36945518258782184,4.995394249964028,53.57392177855707,0.859208323226244,64.62791185420527,District Road,at_risk,rain,flood,critical,essential_goods,high,good,low,verified,Low
DATA_00742,ROAD_642,VEH_6009,Guwahati,Assam,Shillong,Meghalaya,25.5200151569327,91.00744933904446,25.660549568455934,91.99983573214475,215.6692023945623,30.430314803477437,1568.6886096410808,58.43066004100397,16.376716102853514,68.23297534553885,53.50831246656747,75.68904504629046,22.373365547872037,4,0,4,41.20716177017887,0.5482799216595339,1739,45.15688072678873,3.5808243721765556,359,61,3279,4996,1279,4154,1,0.43444964768174943,0.3037146857601438,0.557735290944703,0.840186615024673,0.46221149284321605,0.13622929645555637,32.37620151931805,0.8423518442437925,3.697349130255255,24.02444008335914,0.36787043584198237,11.695153369700165,8.579027753119119,5.091206208643121,2.117272322133059,26.167009982881847,0.6001548708413307,3.759503334565901,122.92384323861117,0.5204116665033355,44.00823276889322,Rural Road,open,clear,flood,low,essential_goods,high,good,low,verified,Medium
DATA_00743,ROAD_764,VEH_4450,Guwahati,Assam,Shillong,Meghalaya,25.613223936023743,91.65284264308964,25.579370748223493,92.5991001077507,214.77134282562096,24.852754527401995,1002.6104416626295,160.9430274789077,18.875920515593194,83.84111559823776,29.61248116583182,60.26133334766565,12.092635410041037,1,3,4,28.116877746582247,0.6220814671282244,1602,59.31172088256369,4.880769568687289,332,83,2948,14504,1151,4872,0,0.6292591411054786,0.784576995834545,0.7280776229222583,0.4819746730683596,0.4850547070306662,0.7599065780303346,22.76881738765852,0.22553732519282513,4.807463278109463,42.19835324593824,0.0679482398193657,17.07153598294806,4.787089504729757,9.32715352251117,0.6738460052484019,14.129742159698539,0.8661459611721909,1.1644454097368486,44.24915523077868,0.4579695222817195,32.56790534022298,District Road,open,heavy_rain,accident,high,essential_goods,high,good,low,verified,High
DATA_00744,ROAD_864,VEH_5408,Guwahati,Assam,Shillong,Meghalaya,25.856936621193828,92.09884430844518,25.709518735625625,92.35084442582294,109.7865419589999,7.02304698577287,1516.8579391926196,70.09968548122863,28.82089966407253,68.45002069677022,18.311418932260196,43.67847903288434,31.71896515581567,5,1,7,21.431044378227313,0.6668658608477247,783,21.31923332798739,3.6091097290943095,204,27,3396,1161,1704,4580,0,0.47633669333777384,0.6869845001110384,0.2045928390501274,0.6000220340894156,0.6564169095435199,0.21432827398063348,42.23514363188238,0.445238531412099,6.125814445826904,30.300393069008884,0.11816790074792129,11.569891024094908,0.7898741862045051,7.456497505291572,2.905343435368599,11.817559309582364,0.8568712689306288,2.4183191852154553,223.3155417826075,0.8877598188703155,75.35252475922285,National Highway,open,storm,accident,low,essential_goods,high,good,low,verified,Critical
DATA_00745,ROAD_276,VEH_5677,Guwahati,Assam,Shillong,Meghalaya,25.696545986026255,91.54053809545394,25.056632913354825,92.12652979481298,211.14009403857395,31.94244706762141,1463.3454760494665,33.732087910296485,20.808802089632877,60.07703797160799,32.26517236148452,74.66504687586732,64.46105511516511,3,3,10,23.96169625136872,0.32255479986055213,317,41.00375406211255,2.083596524621413,63,75,657,7383,695,4408,1,0.11736549648362314,0.7690837603008378,0.4765889573265145,0.23887993897859633,0.5859077583308931,0.3754147829775515,21.93759536127596,0.6548285030235971,3.5568114978360352,23.947326370206987,0.3525533042577517,12.647931926341407,5.395591466183874,5.323224429964583,2.54812375239744,10.20399232459642,0.5347742085823676,1.4147293954358475,142.87431213442417,0.3376736033784689,70.33715060351341,District Road,blocked,clear,landslide,moderate,essential_goods,high,good,low,verified,Low
DATA_00746,ROAD_876,VEH_5566,Guwahati,Assam,Shillong,Meghalaya,26.12351779104327,91.14650359249339,25.0037808350495,92.40571513617884,174.7303306517021,37.98379004962682,1185.8044072924472,86.45852963579675,32.69066397301824,77.59277165161097,11.489098783339383,68.59857151074783,55.78904440823202,1,1,6,25.51845498173347,0.8208894268443728,180,32.36386376178686,5.950053323718781,307,19,2466,8571,1527,1673,1,0.4477166647603681,0.3857822036154478,0.37910274920396936,0.8818278079158604,0.6228195377891373,0.12199568635058773,28.19960212594254,0.37286618927241727,5.364436482655714,42.54405465898844,0.23820293491314437,15.237585236475757,0.7836887384148685,4.306954878752217,4.760252698688648,29.596593236964473,0.6759833023168094,6.816730642445231,82.10680007704478,0.3517899423969593,85.79565818737866,District Road,open,rain,accident,high,essential_goods,high,good,low,verified,Medium
DATA_00747,ROAD_585,VEH_8853,Guwahati,Assam,Shillong,Meghalaya,25.741321290332756,91.94171244893103,25.629917277231687,91.92185471035408,189.07570135621194,35.46030897459069,116.53872421160474,121.66842173228682,34.52827519383842,58.06897785022114,29.670411691959174,75.32395332727523,64.70275747352241,2,1,8,17.77623984843881,0.4631589446988993,518,60.70105965235082,2.705671216332237,213,5,3646,6406,1021,2520,0,0.43961487080761363,0.5939113653083109,0.21655190156650994,0.789532028686409,0.6237069823365663,0.34418607756837344,69.18177596633677,0.5832699837875437,4.039629079173102,37.6389498906889,0.2103454324153487,3.728076767153477,9.550858554779284,7.468265892209881,3.811480988092736,17.185404373180816,0.8195370917649174,7.604216341613265,222.92954511830214,0.5685494512213535,76.56914428973258,National Highway,open,storm,accident,moderate,essential_goods,high,good,low,verified,High
DATA_00748,ROAD_401,VEH_1295,Guwahati,Assam,Shillong,Meghalaya,25.943113560821114,92.05743963500842,25.856930112721923,91.71501497682817,106.74553974886251,21.24416743612685,1154.7289604487726,86.42284681111549,29.859436784106947,64.10732245608304,50.91678299914394,39.7188978420439,69.49245769783471,3,4,6,32.0126933434163,0.1594469050509953,1152,22.509779908033284,0.6003726539845434,40,33,517,12540,316,4669,0,0.5534230653587657,0.2077209210106241,0.7204734075336086,0.32386419325680826,0.729370621970155,0.29879505310291576,18.936036968130587,0.8944232499973797,2.8338601902726053,26.893329430941634,0.36934293608590274,9.318252407409767,9.246994820065549,3.6199500231661985,1.9782887109375564,25.00909975871528,0.42249511048924127,1.7105289417651168,72.14049460930451,0.3463183882225133,15.04801491601591,National Highway,open,clear,pothole,high,essential_goods,high,good,low,verified,Critical
DATA_00749,ROAD_841,VEH_2074,Guwahati,Assam,Shillong,Meghalaya,26.48710097867311,92.03958194100677,25.275231984013523,91.74772547051279,228.19378181360983,16.036383666361484,866.7194173565729,79.7256640479117,20.371321803252172,51.24958981637609,32.48177904591654,36.32521093246953,24.79082342607971,1,0,3,18.627886434625932,0.8465914529573809,1011,30.655500536093193,1.6719100348522193,334,61,3523,11381,1649,1262,0,0.7731676512100897,0.7998012125831386,0.17816531455832038,0.8049081024175323,0.3315396581034704,0.23744381912786627,25.953931177947233,0.8203145615694989,5.277623118350551,49.17970494973766,0.20131682486730804,12.715030351310716,1.7490197495335646,8.785693715763266,4.746484336479554,21.93168001183384,0.3827539638495844,9.845429658895556,118.58390042485847,0.3461012636643105,40.50144096293415,District Road,blocked,storm,accident,low,essential_goods,high,good,low,verified,Low
DATA_00750,ROAD_954,VEH_5534,Guwahati,Assam,Shillong,Meghalaya,26.32867092990101,91.12519060892028,25.830050301232284,92.42458629391672,27.11584954408942,8.500691762498715,1436.499535704582,117.05905032423598,33.921356220326004,65.25328112666773,9.559804567546966,42.108158262410754,29.393867208197086,0,2,3,17.451851925034873,0.19000443561181177,771,50.562353494393165,5.512217383223881,351,52,438,14607,609,4847,1,0.5803402768400858,0.252432625286803,0.8109471780227593,0.789925809347809,0.7373529370244734,0.8849347457682758,49.60762776261787,0.5635512400806968,5.3874686372705085,27.480854218345655,0.14972876732158996,1.9440226487784158,3.4078792222987957,9.214909609569798,4.213397834112916,13.30717373192757,0.3047683844102693,5.249756024401171,26.85173312882596,0.3913553798079393,24.356988852986863,Rural Road,at_risk,clear,accident,high,essential_goods,high,good,low,verified,Medium
DATA_00751,ROAD_208,VEH_9490,Guwahati,Assam,Shillong,Meghalaya,25.65936018153014,92.16576333529129,25.109370200286317,91.65055160738633,149.20409171549437,27.191143321649427,1506.4734238449632,124.60475631089393,12.428432811551254,52.498249162802324,58.04802693872617,21.474287929441918,16.051091294003903,3,0,7,32.472564008018004,0.7285399905610636,776,37.70604808274216,3.1956001798153837,315,21,1844,9059,1811,5392,1,0.7802222666589799,0.36087923578968917,0.13731067337187045,0.31666539748979705,0.33175366575365384,0.8218468326270494,78.42958509063865,0.40924483470581074,3.5314102435055363,15.49595583204364,0.1482536484602004,19.485519353768613,2.753653640332691,2.3045551012343113,2.0220228095980426,24.774345798260715,0.2131476198958185,5.849364970216644,182.49498552064173,0.7936343105922563,15.183803634885633,National Highway,open,storm,flood,critical,essential_goods,high,good,low,verified,High
DATA_00752,ROAD_554,VEH_1704,Guwahati,Assam,Shillong,Meghalaya,25.793314197234658,91.382179871903,25.410980557841206,92.23247187409453,136.12914418258907,39.219067180860904,601.1821266619484,158.75754320487562,31.8524385069505,91.71088319458818,29.49068400019248,46.750621469040055,53.117862986681544,3,4,4,30.369846953960828,0.10848773744160711,978,46.743737637180445,5.459205958662436,142,54,1674,10449,1267,2162,0,0.5767747267975695,0.6204456793475768,0.47402234906812846,0.42889309368848016,0.18381804635030294,0.13789721913867573,32.61027513820621,0.8491599015462581,6.289463847695349,41.33712592230452,0.35355111505553916,7.126474639158064,0.4871018395277168,5.448826029090406,0.06951220632820665,22.195294952339097,0.8094969765842563,4.130769363194375,241.3459215309354,0.697251147179394,52.95075767074686,National Highway,open,storm,accident,high,essential_goods,high,good,low,verified,Critical
DATA_00753,ROAD_538,VEH_8916,Guwahati,Assam,Shillong,Meghalaya,25.982218651467164,91.06861113496277,25.42786957687217,91.670595050562,41.23812905658639,8.80273645566659,1334.4168623599958,51.110713148902015,29.959515859854534,57.95944537889598,46.78477986000931,40.957502879452896,79.13078017075078,2,2,7,24.06306942690579,0.1085385379235757,1400,49.593500418793624,1.3307470650158593,215,20,2053,3895,1826,3878,1,0.5277889622571943,0.25702321781411563,0.8629886915013352,0.47109362430329227,0.8783882336639651,0.7281165044791482,18.80695091688264,0.5929080796122754,4.61789651587999,33.04931613870207,0.18598432137821266,4.240982011351784,7.7495273503691005,4.107632751294057,2.9199869114312764,11.690127925599636,0.4006024545554194,5.187917513046046,222.60771542028994,0.4737561487676816,68.76115014992156,National Highway,open,rain,landslide,high,essential_goods,high,good,low,verified,Low
DATA_00754,ROAD_980,VEH_9842,Guwahati,Assam,Shillong,Meghalaya,25.538301781927956,91.53651426163565,25.823802520768197,91.55003031141881,36.06860604493015,30.70299523614478,785.8340128324245,143.56751489065175,26.223299720958344,82.29575758521962,45.43734040824612,47.87519924550422,29.276620422410353,0,4,3,17.179405487529714,0.8212228737572527,790,50.95274878730713,5.367490722654966,348,13,1502,3019,1101,4489,1,0.7026216392331647,0.44847437563706627,0.4306801506976691,0.886050799921397,0.42469553873515176,0.7441584287182911,39.305396362529166,0.8447388831334237,5.4719525579976285,46.9476785878754,0.17767777485023353,15.177994867148877,3.980451804307343,9.881875384518187,0.6637685291673373,13.99362829392204,0.8865721531451332,4.381449808335981,134.839751886589,0.8482902579084439,74.75078109539342,State Highway,open,heavy_rain,pothole,high,essential_goods,high,good,low,verified,Medium
DATA_00755,ROAD_672,VEH_8587,Guwahati,Assam,Shillong,Meghalaya,26.31938057545054,92.2335352967524,25.90601075924519,92.62072139178588,134.5440790773448,3.7480224564130924,264.7314562594931,98.9243611615196,31.00358633991644,91.16454108807466,39.97996143164351,40.12555079491726,19.381072971027614,0,3,9,16.95744633211527,0.14071492934061222,109,41.85088075306636,2.2743727972322736,179,65,1376,4946,1757,5516,0,0.8637244106967472,0.7051740229476441,0.3213225807583052,0.14958210721698464,0.661250268292002,0.3505441417487951,60.50748385503743,0.5105665668918482,4.950127614712517,38.35681186130107,0.12192813565559463,12.575186716243197,8.555378877572403,6.658443894002521,4.43792067610291,14.595326199367578,0.5956627130772326,8.642080099502017,80.1196324141315,0.4610741059234228,73.7441754372804,District Road,at_risk,storm,flood,low,essential_goods,high,good,low,verified,High
DATA_00756,ROAD_229,VEH_9004,Guwahati,Assam,Shillong,Meghalaya,26.154853683186825,91.86542479720265,25.159805825715978,92.09207862878657,80.463627015915,26.14719500804686,293.089742185463,170.49809125571392,14.701819644194664,80.85330141695029,47.23679056485801,42.44491662442132,60.446182963296565,5,4,3,16.747665713717744,0.7834060020343566,1376,47.27095444783946,5.729942696562018,281,42,1423,8900,729,5341,0,0.533551402585206,0.2439597039503749,0.3459654928705794,0.40624713993020956,0.5084169695652127,0.5010988314479757,69.88399721821253,0.5333091744992686,4.379559576951152,23.778974507669737,0.0419203357388509,5.250219087987415,0.3288470181109271,7.241214530619368,4.810280931601086,14.01821052152032,0.4237220130082089,4.328146361449964,37.61935104682984,0.3319713028567532,22.56008699708702,Rural Road,open,clear,accident,critical,essential_goods,high,good,low,verified,Critical
DATA_00757,ROAD_737,VEH_2972,Guwahati,Assam,Shillong,Meghalaya,26.377240587253855,91.95265461803116,25.087793257183446,91.53186672751988,192.19123252701206,27.55449963293398,1496.920920104821,176.45322754562733,12.545713098193614,50.9929591309265,44.2251707352525,77.73705139925252,49.409071957046535,2,0,5,37.11826061737505,0.1333717166038455,662,56.748820534875826,2.5552499359294782,199,54,2577,10891,735,2671,0,0.4782575273940911,0.6601259149609048,0.2163193928277128,0.7194418810765393,0.5494043205484446,0.8146316165767468,55.87409674052884,0.536055103090366,6.433543827100195,30.437133152922353,0.06639223172620214,16.909933981472882,2.1900351823271373,6.106159518816004,0.7542684552962037,14.240813959048575,0.7955397393000012,6.42457307454894,109.4816211254972,0.23586381716189744,43.02208793085505,Rural Road,open,storm,none,moderate,essential_goods,high,good,low,verified,Low
DATA_00758,ROAD_730,VEH_2418,Guwahati,Assam,Shillong,Meghalaya,25.63690352920577,91.4694066107482,25.988464905426664,91.59037408335313,71.02045495454149,13.463440414657006,831.4315346027241,146.34300405217778,24.465062187456446,89.13353486758615,28.687359104763118,34.52936029251274,44.20174977180028,0,1,7,38.729619303844586,0.2559670334102993,1447,35.31167287421507,4.565804539829543,191,88,2641,13979,873,3954,1,0.5415386662520745,0.19387259702777798,0.12538208814947352,0.5344395672301013,0.3556916594042361,0.18709032485572596,35.548235227936466,0.7259302606771358,5.881272682460462,41.59094531926138,0.09796960377471672,18.652649138845135,1.2563324811628123,5.029716533097058,2.7529570675990707,16.97307778101555,0.4875960025693401,3.0543850374123527,244.53946613969217,0.731758301201894,20.298220633551782,National Highway,at_risk,rain,landslide,moderate,essential_goods,high,good,low,verified,Medium
DATA_00759,ROAD_886,VEH_3378,Guwahati,Assam,Shillong,Meghalaya,25.82439585795324,91.91587350211609,25.713707071982046,91.69962774995236,23.71557607841716,32.891591015731564,109.80515883286573,124.47033474792802,29.455303868341193,61.03214956719595,50.92730119857804,84.18347910408794,84.31017361851592,4,1,1,30.005948193582924,0.3425699798303965,182,60.589029900597254,4.087744421069141,229,5,3223,3624,1250,3476,1,0.6869532615318267,0.5847800220159586,0.8618909503616127,0.2620297993023768,0.502772456580064,0.38553863886093387,82.96810738511059,0.5641484930749909,4.046340912701706,31.196631508434987,0.2713375782713219,17.019569170030316,7.791367931317077,9.784911980106399,0.7361696362960107,9.747681856700744,0.7981111945972836,6.0781623880829425,31.647079035697242,0.6260940719991898,89.45363794612229,State Highway,at_risk,storm,accident,low,essential_goods,high,good,low,verified,High
DATA_00760,ROAD_619,VEH_7783,Guwahati,Assam,Shillong,Meghalaya,26.339495399505807,91.60564751692557,25.527401707578484,92.78075458624419,59.98940107421479,25.97437697739932,1203.1576998926034,84.00825802347573,11.70052812981595,69.06281604990313,57.10886699385131,47.10450471035489,11.101730095387419,0,4,6,42.126203633453855,0.8189781451162543,1723,45.20993228291447,5.494400910136757,62,20,2192,10633,396,3452,0,0.3955882797948018,0.5354386727332151,0.31300740466971827,0.358020290753725,0.8431192518665636,0.43783180443007674,69.33695797067509,0.7082114494382599,2.512723701102836,33.87131128733291,0.07267128422587212,3.9788736849622697,2.9977517603967914,6.992437127979972,3.0482202316142644,16.408516204618643,0.6231529720873089,1.0754927318728988,52.74502828188032,0.5903267066449063,52.493804223613665,District Road,blocked,clear,flood,high,essential_goods,high,good,low,verified,Critical
DATA_00761,ROAD_917,VEH_5451,Guwahati,Assam,Shillong,Meghalaya,26.397380947651712,91.80097625680287,25.19239752929641,92.04142039246926,203.06065792749408,35.63118329321041,1016.6164468314448,46.52613301824107,32.94844383225792,70.60412679776081,45.49262531021302,29.484824367480584,14.790371765373935,4,3,8,18.498559613371626,0.15619540613869606,1132,54.38714743761435,2.8229635720534634,246,53,1419,1919,955,5863,1,0.6083312790617451,0.34295424355608495,0.6122762145060096,0.524963453404307,0.6798392030941385,0.10689137483754224,64.1895746053406,0.5338486749159432,6.276491755840945,16.919119632943328,0.2379357474812858,19.536949285908694,7.804225688259268,7.354348482919482,4.204771192416947,15.97037924582425,0.28870622137775837,7.61457545974631,221.76075051221267,0.5692520391013034,11.849957875806751,National Highway,at_risk,heavy_rain,accident,low,essential_goods,high,good,low,verified,Low
DATA_00762,ROAD_222,VEH_8831,Guwahati,Assam,Shillong,Meghalaya,26.168655189411496,91.5815463101363,25.137525389120732,92.12461589926824,158.5264290375631,10.927525386259877,1741.3124116393335,132.1195763284683,16.30077966419083,58.837697934940564,11.116616370699777,88.32226088734853,22.72399452303827,1,0,4,22.91111249688575,0.7457601311148386,820,52.464002394684194,3.891635504564344,239,55,752,1524,1381,3430,0,0.8372700447465744,0.4524249107888557,0.3193934006391924,0.8323971593438002,0.3024532908015213,0.11084214904292554,23.045095229474555,0.5316634396967708,6.392289130999494,21.772099854434252,0.33104855808238404,19.43996196491797,1.5613619204243503,6.399088505880027,3.4898560675151256,17.774949271642427,0.4216280116867239,4.846910894561572,167.00360702852447,0.42126690247707943,37.488230862610706,District Road,open,heavy_rain,pothole,critical,essential_goods,high,good,low,verified,Medium
DATA_00763,ROAD_238,VEH_7881,Guwahati,Assam,Shillong,Meghalaya,25.97217903745094,91.40696227599314,25.433454771833176,91.53051219156802,92.3197632840501,17.27222252836713,1414.977936756859,31.414246036289867,12.605336760667075,73.25438173386334,29.10611584372694,84.69089250972235,28.670680258928698,1,4,9,29.25041134269675,0.5300372929907698,547,69.45110650233781,3.8888145516982107,133,68,2929,13298,1540,5198,1,0.21026134583434636,0.38652121214210433,0.8049381748013756,0.43856447129954945,0.5007944508769553,0.43701426498124574,54.40975411876728,0.870079935886318,4.3528957415228255,49.318257298134746,0.04083620963775225,2.147515835661089,3.7319428707223556,4.356328103506106,1.3434258342320122,18.866038443857008,0.5916922296564353,3.8094063535849787,135.3878168140368,0.8482387762922159,66.48266810501008,State Highway,at_risk,rain,accident,moderate,essential_goods,high,good,low,verified,High
DATA_00764,ROAD_538,VEH_7759,Guwahati,Assam,Shillong,Meghalaya,26.361774558464948,92.28302834991769,25.636696896165283,91.54728831098312,203.85664775823128,25.822071089551105,228.29735788750085,0.7320776325082812,25.121709701267676,51.63168080520252,54.889098049275724,25.85112847719222,13.756540773684849,3,0,0,18.72328814148258,0.4137823066450236,1463,49.64390101768299,2.2769132308586015,203,39,3150,5073,379,1347,0,0.4796563141649094,0.515141891654062,0.3150127282989713,0.42011043507035406,0.6236197634648866,0.7953472285921285,65.90251543274597,0.8466466677906943,3.094583863673287,36.032642331981926,0.2973032023706785,3.9691471925638213,8.25811857314135,9.202003768238342,1.5739565782583482,25.533610640854267,0.2913735779964355,6.986926064439444,148.73270674338548,0.5545127708744622,81.43344429597211,State Highway,open,storm,landslide,moderate,essential_goods,high,good,low,verified,Critical
DATA_00765,ROAD_558,VEH_1968,Guwahati,Assam,Shillong,Meghalaya,26.12719821581404,92.01813336835617,25.404016343884223,92.67997945461752,218.8420297736475,6.142269832218567,1483.399677581856,178.53383937053857,12.330163347236628,80.10255277960405,18.905511834108193,64.75312248079202,38.60797228427232,2,3,9,48.26655381013188,0.4257165448053746,460,27.384747631380577,3.021102491518212,245,32,1204,6080,1478,3411,1,0.3707452424773482,0.8340909149113642,0.6389633517611915,0.831632252670122,0.14869779257396978,0.35590463264676975,28.472458868558366,0.5743155722809833,2.683396004124994,29.61378922221398,0.35691921010818545,17.145678490432253,0.97941277772634,9.96371597574093,0.0743690936625857,17.70864128582339,0.6907834164880913,8.894949422562208,68.25533052039118,0.7869404039354215,82.25749013061622,Rural Road,at_risk,heavy_rain,flood,critical,essential_goods,high,good,low,verified,Low
DATA_00766,ROAD_452,VEH_6294,Guwahati,Assam,Shillong,Meghalaya,25.66365072848097,92.18404570182146,25.52941749794599,92.51990958893808,230.89080659954635,37.07546412962857,1396.5904316924782,101.48040702759346,11.24334652085295,88.80040548334752,26.965144245324552,85.89963040623502,68.28274859845158,5,1,0,15.716469040961087,0.6270946755772691,1384,68.30992109935049,1.2364442558364932,283,58,3087,5575,903,3253,0,0.2823210464460022,0.6740487156824184,0.2163838243075804,0.6617787737195642,0.3760407667106703,0.46523935511887127,45.00110385126615,0.8891997805713463,2.779010464939645,29.955449608930458,0.11892518084483096,13.227512552572511,2.9672198683464366,7.36631114396552,1.4746751635192556,26.419208105289485,0.5307135310781312,5.089769752065155,83.91132070247329,0.6455203498539516,41.46755320988404,District Road,blocked,storm,landslide,moderate,essential_goods,high,good,low,verified,Medium
DATA_00767,ROAD_774,VEH_2220,Guwahati,Assam,Shillong,Meghalaya,25.521783195675848,91.89465489133045,25.442292552881213,91.87904775425075,246.38720497459565,27.136861185692553,1143.1348268938468,53.24743880703604,14.126086566399806,75.64633284616002,8.63153968647021,64.52383345497502,20.490757299126294,4,0,6,19.50368480828929,0.20131793274683363,828,45.29602548057347,5.7822360457810955,270,6,3967,13558,668,3228,0,0.10141192878715595,0.6146032712681744,0.4756579611525159,0.5583810124866717,0.1708750090698043,0.7136151960409824,73.03323043149268,0.7575345396681257,6.091560089356822,19.143790979534117,0.19125926061400197,13.892387239421819,3.6372874836916553,4.41014648342507,4.806292471176996,21.266405796145456,0.8957302029386758,3.0065890146895717,71.02945247145841,0.3856668479193973,14.469908307028838,Rural Road,blocked,clear,flood,low,essential_goods,high,good,low,verified,High
DATA_00768,ROAD_344,VEH_6286,Guwahati,Assam,Shillong,Meghalaya,26.432956959678233,91.80981448757855,25.783418287752735,92.69129419066255,217.08302985887013,17.74735100884824,1152.9417524854439,117.41629361332924,28.560667237748206,59.41720500481636,43.00334844777662,78.29229823236051,22.483743740944327,0,1,9,20.723831896233175,0.609739995603289,1726,23.56859832349723,2.6639737799549144,356,19,587,11813,1346,1544,1,0.30482201732740305,0.714533796881354,0.879741844854509,0.5041761611916074,0.27392751435765506,0.4715196408966007,83.0111399434587,0.23888700988661327,5.0938711849588,12.32958536443762,0.14493592718194018,17.258943844861733,4.550695081400534,6.59544429435761,4.735009731550312,23.03832743688678,0.6469226247185947,9.393784829760415,111.58674899834755,0.35211901165434406,45.5027809170867,State Highway,at_risk,rain,landslide,critical,essential_goods,high,good,low,verified,Critical
DATA_00769,ROAD_141,VEH_8885,Guwahati,Assam,Shillong,Meghalaya,26.013424110572874,92.49811995913623,25.74249976014877,92.33302549208777,121.41369573012844,14.718988129602012,1671.836671077402,27.5260680958405,22.46894067053347,79.86019555327687,13.969519499840477,87.93663118499319,25.26490427274501,3,4,8,35.61210384041104,0.44772648117424696,499,39.44015158925666,4.930462234456842,295,38,1682,5540,848,1781,0,0.8854402989562855,0.8315843722958689,0.46189930422958114,0.6745724135058833,0.554959923944545,0.5218463013504653,42.983932693303665,0.3101055615155014,5.454843684765358,34.18778867061578,0.039979163088105965,2.9115670395551785,8.072067506580083,4.167121767565151,1.5783974753051,23.08747659945665,0.4195601516676162,5.335059630547954,88.91354129034997,0.7965839241494963,53.4716396517601,Rural Road,open,heavy_rain,pothole,moderate,essential_goods,high,good,low,verified,Low
DATA_00770,ROAD_912,VEH_4492,Guwahati,Assam,Shillong,Meghalaya,26.141146282097395,92.22592375235747,25.32946788442689,91.99779967549307,34.62168031737191,9.336553607322434,1514.1385325725093,36.86016628683999,28.73600298441351,88.67166761991092,25.8702931541401,64.13134324208744,21.39983422312706,5,3,9,43.09198115552808,0.7414169491553365,1709,22.166831929806566,3.242916777028825,247,39,2915,11007,1879,5512,1,0.810243945219573,0.7573477537739508,0.6362601573183906,0.7042705826063835,0.8023101774696418,0.14512089948922322,15.349905450436776,0.29046843258570615,3.4108805677662164,15.009459239929189,0.37749659429597804,7.186158212414319,5.224811844492364,6.866614732747259,4.37293572908882,24.639370855279672,0.33529673864608733,6.5265983812629464,25.629196498198713,0.8302374314593972,80.9698155498157,Rural Road,blocked,rain,landslide,critical,essential_goods,high,good,low,verified,Medium
DATA_00771,ROAD_494,VEH_4068,Guwahati,Assam,Shillong,Meghalaya,25.678985948825048,92.36624193022716,25.676324208162885,92.11844791108696,64.72000398065929,26.080484866132867,230.40858112024372,163.23544240779802,32.04428414775306,57.35834192540509,19.30810814187604,75.52459057009528,53.1247428011891,5,1,7,19.68992028440213,0.6250637711661311,1010,36.25857965874151,3.814255346063403,79,39,3727,11666,913,2956,1,0.7473698543488897,0.7394315905275455,0.5749721390395205,0.5515882693267364,0.6278076366792078,0.352459126526552,62.49725207856464,0.9283981701668544,5.870176756186673,40.39004288997265,0.12905410182996682,13.381346168390795,1.9229452923189876,3.364307075904204,1.0125399959409176,11.94884099184393,0.8760982960633155,9.530694286448615,186.22949634829692,0.2987748260560717,49.45295420095661,National Highway,at_risk,storm,landslide,critical,essential_goods,high,good,low,verified,High
DATA_00772,ROAD_259,VEH_6727,Guwahati,Assam,Shillong,Meghalaya,25.58867323135073,92.36182189120264,25.790307522047446,92.71900863087876,40.61882712093718,22.061812300933177,1003.13045187858,0.9970651303993106,21.323277117792543,94.87478543707996,31.227409649879146,60.53364483549437,31.911103294982297,3,0,5,44.00350373956269,0.39862813004404785,979,67.5632242529931,0.9244464554326475,238,51,3182,8522,1705,3983,0,0.8749037628903663,0.6759363671117671,0.14367376992929115,0.3162538482820425,0.3176886081385967,0.10117599826276731,20.68235062115356,0.9404313768373926,6.082796738792576,25.688454703702522,0.27608439014648706,8.068748366096095,4.645298104801796,7.249470179802786,2.3071895677649232,15.481330537080256,0.6496787294163904,7.92779504164178,233.82665748769168,0.4539274142849048,46.63852207804027,State Highway,blocked,rain,flood,critical,essential_goods,high,good,low,verified,Critical
DATA_00773,ROAD_121,VEH_3488,Guwahati,Assam,Shillong,Meghalaya,25.741302901831737,91.08177311657322,25.783421205706627,92.65856052960594,118.0317853761768,20.22838025553345,1294.513873874339,54.15489446406094,12.931977121274675,81.63381738093014,40.00573390192114,80.4670122956588,77.02857917408802,0,2,0,44.31933066347432,0.8606182982510006,784,31.015067193569358,5.105988628681621,266,28,3625,14686,1918,1003,1,0.26307197675722477,0.800158166132842,0.33707026937553564,0.5345378613258063,0.100055926745768,0.49259270256365295,51.972966379829714,0.6762089376764195,3.7977035824748215,43.285525863725226,0.18462384177347854,3.829724408662649,2.1834494606526307,9.41098278149596,4.015429938187608,14.445786869420159,0.4461318165612145,1.505505839817419,50.09945961228597,0.7895599725495046,44.54645717029523,National Highway,at_risk,clear,landslide,critical,essential_goods,high,good,low,verified,Low
DATA_00774,ROAD_772,VEH_8688,Guwahati,Assam,Shillong,Meghalaya,25.9430651188551,91.6461125762172,25.202731774031438,92.27274897059674,245.11344936171005,34.19984219269759,801.0945331557053,82.73518733965088,10.80698701883006,91.85387196381959,26.298333868536954,23.40833044398793,46.894867581811596,2,4,0,36.556067576309204,0.7619178120447784,404,27.478723900424775,5.245509543388106,291,28,275,9406,1671,4914,1,0.6697197048013879,0.4618548682302983,0.5505481752107058,0.5067524785180266,0.5037958511896767,0.3047721551518672,30.17573559186497,0.46116169405200286,2.9784995454585896,26.1307153064637,0.1222938107326412,11.089552254046717,4.038743638033686,7.179033233800872,4.981163262462869,16.174789254835407,0.3775449405939706,5.519992863286767,236.23281740848398,0.36403248018433987,79.81670664509772,National Highway,blocked,storm,none,high,essential_goods,high,good,low,verified,Medium
DATA_00775,ROAD_972,VEH_4540,Guwahati,Assam,Shillong,Meghalaya,25.884644355269728,92.2868430743149,25.726823245420068,91.6142033791939,212.11668338873858,11.779052038109477,749.1585907215789,146.58722922154482,29.11794035357874,73.4847210609749,8.637413049014551,21.243434529744892,22.750450912889253,4,2,0,33.71484735152035,0.8579590338097586,1640,61.61323026035531,2.197219808847509,341,82,3599,14640,1929,1875,0,0.4595042650683463,0.43611230726317607,0.36084191236458185,0.5543190257463153,0.6360863008491697,0.2341364602083579,71.71690735804563,0.3624618898741673,6.477035885882353,14.233312420159635,0.06395105591950388,18.22005244218656,4.201469040357477,3.1222884597081815,4.916962964038714,7.144815176037462,0.3558980791472902,8.937879874430257,211.67766479799113,0.2439142715573665,18.496645994578245,National Highway,blocked,rain,accident,low,essential_goods,high,good,low,verified,High
DATA_00776,ROAD_712,VEH_5288,Guwahati,Assam,Shillong,Meghalaya,25.559983221962955,91.52067503723153,25.805410009222708,91.5843831898808,42.595465623699525,3.000663865202613,1392.994355251313,162.4867635907056,25.40568233560009,90.85032766317666,32.198260991162485,59.5243311082149,17.44987249354005,4,0,4,45.28806354564655,0.6007788895191535,248,51.11249691896087,4.271260301641661,252,68,2643,1890,343,5000,1,0.8657716493496679,0.13998425388629487,0.43819688455382044,0.8377387972035183,0.15809184248768712,0.8690863658940441,35.40520110414213,0.8451013092736914,3.721103467983667,27.15597328438755,0.18423936828069898,13.13503903974725,8.7366512632418,4.498653060675814,0.5141323982517165,23.981002171821178,0.6793852061515946,8.517336923509035,87.61885361163505,0.8792444869978058,42.738257580146836,Rural Road,open,clear,pothole,high,essential_goods,high,good,low,verified,Critical
DATA_00777,ROAD_828,VEH_6280,Guwahati,Assam,Shillong,Meghalaya,26.20166484627249,91.26495928263148,25.998465187898,91.5435263410182,33.505562658444504,23.06610651192016,241.97183714322995,50.4235017285294,11.612501730474538,85.38696071801061,52.56656574271202,26.465479592328002,37.80392920343799,5,0,4,34.54350982837488,0.4481630455140668,1683,27.616546260662215,2.2056359377447565,185,81,2117,7870,840,1723,1,0.5718367753342716,0.774246521867729,0.7910760313633379,0.8457629276029373,0.24491977092864659,0.39031743452121803,56.93585977018786,0.2284240511213438,4.418478562966807,10.400892238702038,0.25676894103037284,17.35670388760299,8.136131654340419,3.0916487642397437,1.3117873643437228,20.569085783336426,0.2937251246595188,2.3043075128465893,231.85244999215612,0.5404288931798253,70.78329293338959,National Highway,blocked,heavy_rain,flood,high,essential_goods,high,good,low,verified,Low
DATA_00778,ROAD_859,VEH_7074,Guwahati,Assam,Shillong,Meghalaya,25.763919347513518,92.04118714047512,25.25606798036552,92.52419178065945,41.022770966884465,34.31268921346771,988.398898222304,29.776435316175053,10.104590527189727,55.43217408732122,40.6374606279521,43.72097301043691,42.4319878828647,4,1,3,24.676245952052536,0.1797230402958414,859,63.504750346416834,1.0646216098887158,348,69,3324,6939,1054,2935,0,0.8245295461123826,0.2638259558114549,0.3892926991815847,0.5033921882992649,0.2725665188419437,0.4959772541654902,23.21845279931415,0.4397123383203234,5.474148045790502,16.673408393803516,0.25446052231128397,7.075782499040781,6.877993890720216,7.456315763170166,0.7360363110438001,10.86818703471037,0.6890683852234601,1.8640311706726567,71.01617662616891,0.4446045522270833,69.37315254363617,Rural Road,at_risk,storm,landslide,low,essential_goods,high,good,low,verified,Medium
DATA_00779,ROAD_807,VEH_6336,Guwahati,Assam,Shillong,Meghalaya,26.271297040030884,92.08064703110459,25.044299118213484,92.6612287752052,199.842893177722,20.651601087276426,390.1747811009779,159.5663580304709,32.30789555098973,51.87502184073263,52.18555716671543,57.87377455194681,51.55134342851789,2,0,0,21.5513678102642,0.687736888809794,1168,42.0342735754318,1.4883486417753302,126,57,295,13552,1176,2188,1,0.7951470047631254,0.8613968221129965,0.679158891544257,0.40442350518387216,0.5188612762718642,0.3937522015098346,52.69444331011565,0.819814982692366,3.5361140625681187,15.435317283292154,0.17972042582626557,3.7285030585446735,2.188035128886882,7.360596470382336,0.4134749610707128,15.219211316409883,0.5221297201610572,8.64270722255694,39.29115343079237,0.4590646493328843,78.00914295654228,Rural Road,blocked,clear,landslide,high,essential_goods,high,good,low,verified,High
DATA_00780,ROAD_971,VEH_9926,Guwahati,Assam,Shillong,Meghalaya,26.00932377350773,92.01346745067943,25.21154399019562,92.13381972474362,74.36504108508396,31.145146024430016,847.2873820283977,149.29762767859185,24.752803479852297,74.17072569030724,5.434580101637202,22.17172071576678,74.70311086791446,2,3,7,48.98821893873071,0.36621699481113523,1136,29.215554423490307,5.642667105110614,311,9,3468,3880,1742,2129,0,0.887561164253737,0.7951064205869608,0.41227698207528585,0.762112005532354,0.4623207192893789,0.6982029698119593,74.15264370789916,0.7696000511487471,5.528478842369601,29.4688286757768,0.3714518435913163,15.433660912435517,2.8443263523509534,3.593332566243239,0.5688629730989181,20.65658847385867,0.8487330680222396,2.3921842906920343,63.03225390216827,0.20841731935111107,87.17625968263862,State Highway,at_risk,storm,pothole,high,essential_goods,high,good,low,verified,Critical
DATA_00781,ROAD_176,VEH_7161,Guwahati,Assam,Shillong,Meghalaya,25.544364645450027,92.09333866200436,25.570301186983446,92.5366795223046,66.5561614870944,32.39931755764722,1118.0018957487368,23.67190752815852,18.496729857146455,51.66223397703865,26.1384189217633,79.42374853081743,25.97448260706635,4,3,1,40.21546315639238,0.5930822798066707,244,39.05669053856399,5.858965785817655,294,48,260,6015,1721,2419,1,0.5054782889679498,0.6608788996658619,0.7359940397665896,0.18464805334925727,0.1457863762704517,0.43720739871816894,28.34556091113693,0.20935014352366768,2.7275244727005963,25.06415772393251,0.0996856572983159,7.328043478544692,9.54395069312295,7.800412213329301,4.564577794678779,12.899461803315011,0.22419339254950268,6.231434601916927,163.03772492348077,0.25132272912651227,27.140591930808917,State Highway,blocked,clear,flood,critical,essential_goods,high,good,low,verified,Low
DATA_00782,ROAD_278,VEH_4347,Guwahati,Assam,Shillong,Meghalaya,26.20399043262194,91.0385006656254,25.77995684722958,92.0381947708483,26.74945158322516,30.97601341590273,1205.2612376755455,94.55127695460729,34.53898537128252,79.80552381091931,20.741225588015503,74.7437005779974,31.75960970486413,0,0,7,43.07764082508502,0.49037935813862543,1696,25.646472364817974,1.5912221666859296,250,90,2224,9122,1153,2640,0,0.720621412651194,0.15812531539859337,0.5698718015904606,0.6471590395106969,0.5034419241834976,0.7408254999186377,31.305452628980422,0.8689305303452848,4.883357070224049,37.93714023849094,0.057795649523218695,1.8864857230457817,5.994474326350255,5.220799245908499,4.8428199622114025,13.236252881317222,0.7399513569702225,5.613523270515579,202.0982066826516,0.32360356809252055,54.42591793628292,National Highway,open,storm,pothole,critical,essential_goods,high,good,low,verified,Medium
DATA_00783,ROAD_465,VEH_8221,Guwahati,Assam,Shillong,Meghalaya,25.809169466701512,91.01105516274129,25.0572618479367,92.39184998628694,44.584282193885414,8.313003262420642,222.6828704166872,16.469294044465833,23.195610440024485,70.14965493526164,46.31576795826015,41.58940287263217,66.26005246907346,5,1,1,45.403197146352134,0.4951440087319353,744,46.294140720532745,3.5327351540730043,70,68,1500,11011,1962,2266,0,0.43160402309086976,0.11944484625479834,0.3093700237056527,0.4048439046387059,0.20423059383328346,0.462822223707822,76.37719927532235,0.2670731210330579,6.358095568014576,45.5277089972581,0.06675619349335027,2.955525645494431,5.832990005406885,3.027220419584026,4.670930469130061,5.465068216169767,0.8292085184001552,1.6249973113622724,160.44241672927558,0.7872381942466693,70.61900158158187,National Highway,open,storm,landslide,moderate,essential_goods,high,good,low,verified,High
DATA_00784,ROAD_130,VEH_2490,Guwahati,Assam,Shillong,Meghalaya,26.332520511722223,91.4676041380117,25.074749275040467,92.6906426927614,83.76720405577446,9.408797462599779,1147.4221859781196,117.4217033627694,12.059131276850799,81.70326371215226,49.87785124901011,22.509831380076577,47.233953175146056,0,1,10,19.998897919855356,0.492741937379357,174,51.63843070827103,2.052859839085772,54,89,3120,10361,1429,958,1,0.6886568894534502,0.8168370676320629,0.6519152682137311,0.8099355094731661,0.38066463010722595,0.2927820143734876,29.476648907135328,0.22041680242140765,2.6279555909820496,48.188728512003976,0.19053741069805727,14.49488262506111,4.3278867624257416,3.9291274083197445,0.34117479010177143,12.807729736544738,0.7834761724124422,3.4489530801832267,236.1313048891079,0.5397446868641487,12.83964209466336,District Road,blocked,clear,pothole,low,essential_goods,high,good,low,verified,Critical
DATA_00785,ROAD_985,VEH_3454,Guwahati,Assam,Shillong,Meghalaya,25.7934164403041,91.00018078622698,25.30939942667904,92.32904288988725,66.35335592726302,9.863728094182004,1064.0073804110477,118.3547648981479,27.006868015901603,68.6692933379451,18.137280628141557,59.442548405320494,27.783713218782566,0,4,6,28.43619501505101,0.6287483452576457,1159,67.79689943517911,2.490469453057896,172,25,1106,10912,507,5717,1,0.798874262001338,0.11554632009608037,0.10933113710680305,0.7363262984312811,0.33875552476627624,0.41347864354618147,62.7165248722104,0.5661069424482794,2.7204407711312015,11.751979915059447,0.18838943509120867,14.553996122565284,4.419141288781523,3.170513852204902,0.6063852186497304,14.783215888351753,0.20380742904217405,8.473296940581301,29.003098425705105,0.6042817427141371,71.48304798193277,District Road,at_risk,heavy_rain,accident,high,essential_goods,high,good,low,verified,Low
DATA_00786,ROAD_318,VEH_3771,Guwahati,Assam,Shillong,Meghalaya,25.502190627864913,91.56295340483119,25.348057114371365,92.28006095945084,145.9358761772749,26.42764902212315,1126.7984711516042,10.55778367506334,20.149193321192534,50.712041951256566,37.66091951105754,79.61505796061661,71.25095924679019,4,0,10,16.132031202132335,0.8752285739394765,345,65.95701693859876,4.586375822730595,112,49,3537,8560,1269,3802,0,0.3244509780480962,0.17531501582501605,0.4131619551629008,0.22759194172547215,0.21629371448540324,0.6098986739365869,51.06417375736399,0.9094353397401469,2.58502614916696,49.66416215785715,0.3676457948026516,14.934002596719683,6.803909065027312,4.111990055626508,2.6896563500076844,23.586810654102703,0.645520854671813,8.484621292559346,168.7715002319465,0.7492087533307814,23.173415070866348,State Highway,open,heavy_rain,flood,critical,essential_goods,high,good,low,verified,Medium
DATA_00787,ROAD_485,VEH_5839,Guwahati,Assam,Shillong,Meghalaya,25.588387342188668,91.43720521910333,25.142656205017733,92.75297056305337,217.91290388724576,5.05264526464881,897.3260879181023,5.37774033183511,27.15570034587365,76.19195038156434,29.081161033894237,40.68039568959254,27.430629172579344,1,3,10,45.226994159674334,0.39066236365120477,854,37.75651760970264,5.764554035511838,56,6,794,11291,1564,1051,1,0.6751193021698964,0.38007354322081877,0.4763767492520772,0.8791056592174484,0.4397802586035209,0.8339115277187624,24.466182640206313,0.5368088566954852,3.637221350904894,15.559923825711923,0.14895659913452958,5.829918308998952,4.245746703192898,1.835524203942641,4.769674494241364,20.255005289764085,0.5958449636734685,9.463706802095304,83.74094458494604,0.23968056255194675,51.72133691097958,District Road,blocked,storm,pothole,critical,essential_goods,high,good,low,verified,High
DATA_00788,ROAD_903,VEH_8010,Guwahati,Assam,Shillong,Meghalaya,25.512754128630522,91.2601908970215,25.16979971033056,91.91990018174414,230.6245988346292,3.5657865087166836,1223.2613572427067,150.48702013239182,12.006532473155772,61.4572605746621,10.131848080127474,49.4883085269724,89.51641332311002,3,0,7,34.109635583950364,0.8259846542835095,809,34.95843228925211,0.8809511714043131,219,34,2981,1517,497,4081,0,0.8819721041787127,0.45930484303271324,0.12893772334453654,0.7170873495898532,0.3145296308664528,0.2317785772902341,22.95280815059538,0.3409461644304812,4.467937232829588,18.166641655947792,0.13232862489440572,15.347708233510357,6.18760913223304,4.65493005935798,3.152922090284722,7.583070476781615,0.7325882750899293,9.636122188487793,225.09105570021384,0.5802255810390715,74.1082314163701,Rural Road,blocked,heavy_rain,accident,low,essential_goods,high,good,low,verified,Critical
DATA_00789,ROAD_591,VEH_7160,Guwahati,Assam,Shillong,Meghalaya,25.759713489290597,91.83250564131806,25.355602639782536,91.72044502146663,226.76103696956963,7.1914820884397965,1043.6370107868445,10.963229988957977,33.04236280787579,52.60859369121901,42.42751195487909,65.41398421440408,89.8989497933978,3,2,6,47.992223506417844,0.29825066801485045,1796,68.24745750933609,3.691920169489976,109,45,2119,1255,1488,5642,0,0.5117131735797507,0.19584481721094102,0.21540350032429123,0.3754810549535932,0.36795744755691273,0.766147125405481,32.56190021849578,0.5965345100100201,4.1351728688692475,44.33286999259244,0.12555502752903103,7.1243501826083975,3.468917994062316,1.1008599267530008,0.928289105699619,28.137480704594164,0.8083168201707409,5.873539767049957,117.1163167871773,0.7830165803066893,19.42566247983132,National Highway,blocked,clear,pothole,moderate,essential_goods,high,good,low,verified,Low
DATA_00790,ROAD_600,VEH_4593,Guwahati,Assam,Shillong,Meghalaya,26.38955962669082,92.10092831035045,25.5412675755097,92.55541208586847,72.20931507097819,22.143168706726208,1632.1371488004922,36.92839596925566,17.2377288748623,54.7071556984856,28.69212295900333,53.2329444026521,73.33981597533699,4,0,5,35.736475512245406,0.6568421762504018,233,49.08377418855796,4.056798917625882,38,42,252,14837,1302,1731,1,0.12800304652379024,0.38319640742701055,0.48802879031442037,0.8772450143772272,0.7076122302206479,0.37867977581147405,64.46651845734013,0.2183741926196703,6.383034301789516,27.4597378346615,0.09400945772039067,18.930296754675727,9.944831762763098,9.006646661346018,1.2361684258965666,16.364947221890354,0.5037915641782957,2.865340016564284,169.79118357350998,0.37197822542125286,71.73657100905636,District Road,blocked,heavy_rain,accident,critical,essential_goods,high,good,low,verified,Medium
DATA_00791,ROAD_518,VEH_4712,Guwahati,Assam,Shillong,Meghalaya,25.664064889520382,91.71380149072155,25.167399152839852,91.8438124569662,72.52325089630705,18.135203816851725,1385.278208351981,56.60348108338918,14.766379050237965,88.7775264200681,38.86897712451634,59.968258043187426,89.06341495531206,3,4,2,26.426267656069047,0.42439975598328994,757,54.16185595309577,5.8660204902339865,165,8,3006,4826,931,2466,0,0.8142264512081814,0.4177406282327375,0.6215018561835568,0.2845412203688211,0.8594598268109533,0.7241378158749041,46.077048159580805,0.8079947447134355,3.220225683953224,31.892386402442927,0.23401454749189785,13.177869633050536,7.535666686506955,1.3005400403847251,1.771112300841129,23.02442495287718,0.2607240021832972,1.9294691401505564,203.29896082485178,0.3120997144020774,31.442091575911952,State Highway,at_risk,rain,accident,high,essential_goods,high,good,low,verified,High
DATA_00792,ROAD_638,VEH_5305,Guwahati,Assam,Shillong,Meghalaya,25.69277827655705,91.11260633381205,25.34445822134232,92.3761544266791,184.62180992546334,29.697679543049617,1468.1478272650209,38.7037523332936,28.740288459050984,56.4300034838352,11.838436004488724,27.605704753333743,89.90457611498248,1,4,0,31.1443219584325,0.8401612275648882,449,21.258616315288176,1.6273499384847403,266,68,2172,13962,1836,2775,1,0.34962867570544487,0.3244563986350093,0.8713367779470857,0.8453921756088102,0.7348012205026696,0.4340472750116673,36.37232476207991,0.8770349234561092,6.3799530588163496,49.59281927168203,0.04560536744285239,2.2200100078153358,1.1575868832223912,4.567845363964899,2.668959883109326,19.811336654447658,0.4831674738354717,3.0825478453991435,168.34480977344788,0.213183676523387,53.634996335611945,District Road,open,rain,none,low,essential_goods,high,good,low,verified,Critical
DATA_00793,ROAD_110,VEH_9504,Guwahati,Assam,Shillong,Meghalaya,26.02951505011304,91.07085927825463,25.677824748994432,92.72719893488275,226.3247698974737,13.332101142304381,964.0342009249224,120.22123534875735,25.520524054346083,83.79749855208605,41.90463883535759,39.69111755418251,85.8403142703454,3,4,1,43.22501722757559,0.24766659471837632,1179,59.08742821606731,2.8772666592956404,269,26,1274,12345,1073,1178,1,0.27402402617991517,0.7466875996227883,0.7675990057087958,0.16255396760647117,0.5511795115181609,0.6516379421573206,51.13955852372126,0.34248890868252,6.107894195126569,46.43595431259168,0.17374833868398132,15.49916767986402,5.9768296288976535,2.8128035864299674,3.7221300227802105,5.172842723415945,0.43755401227421054,6.849404149225949,25.739177872628122,0.8286696772987536,51.97257923311862,State Highway,at_risk,clear,none,critical,essential_goods,high,good,low,verified,Low
DATA_00794,ROAD_516,VEH_2568,Guwahati,Assam,Shillong,Meghalaya,25.70346485732339,91.35079904190273,25.728059734963356,92.3436680046539,224.2519033006583,12.876678903573467,374.3207021102511,74.23544560307946,22.18455616567861,81.30155950891013,35.71179543196841,59.07860327708342,39.102295842978535,4,1,7,46.43255749541519,0.627329794047114,479,38.25218300833369,3.2711920584895373,157,4,916,2447,709,4156,1,0.15076772813850062,0.14108246357240395,0.2908174886962833,0.5029262740070135,0.15813614078682425,0.6807780115220597,68.14583135006785,0.5413074951823676,5.261749922450586,10.533573375505355,0.09508361021525084,10.707101593682331,3.2357568059780384,9.946884215841747,2.3603845819780296,15.340932554258696,0.683645559698318,3.2578786222397236,139.48271919760828,0.20266046924108508,65.58675290959005,State Highway,blocked,clear,accident,critical,essential_goods,high,good,low,verified,Medium
DATA_00795,ROAD_763,VEH_9848,Guwahati,Assam,Shillong,Meghalaya,25.82893537659725,91.95130403973897,25.22329251424795,92.48388276691885,33.30855405875756,22.40701899552657,1045.4677352137314,31.25412341650899,13.881566406328568,93.20349958297105,15.111001940765199,51.362689847032414,86.39954359346183,4,1,7,18.37420399923862,0.4405589674244693,813,32.496378866421104,2.24185966214519,245,75,2315,12945,604,2890,0,0.134190025560088,0.2339146174927909,0.3404096651924824,0.5093435669799083,0.17930635130293845,0.6432944720119067,38.84623140265832,0.7998277378606913,3.3855749846022523,36.8811359499259,0.25164149284964266,15.973704411399643,7.5739803356010595,3.080790429864744,0.2599290317892383,22.375496288538503,0.5488082564382135,1.264226895426666,177.81379021406778,0.3956068811565726,49.2970472797197,National Highway,at_risk,clear,landslide,low,essential_goods,high,good,low,verified,High
DATA_00796,ROAD_391,VEH_9986,Guwahati,Assam,Shillong,Meghalaya,25.946435021665472,91.7556863426759,25.40269441296026,91.77828686208399,123.19499198528996,11.702284285459307,1199.1185334158909,78.75418572824297,23.903975007259938,81.61860107004705,31.380599893381866,35.49556796408372,74.09074671860574,1,0,8,42.92168234157246,0.46735355835474657,934,21.26669395845282,2.788081715690004,126,78,3788,11652,1706,3618,0,0.6647182180892158,0.42611124847729076,0.5552088371504089,0.5657036128594695,0.44131484246095276,0.7180838255555492,35.42442497023724,0.723528505561229,4.179313931708347,33.746541007989705,0.09658750986879254,5.7691484856896516,2.3491814880729978,8.989406635887,2.023330440055184,22.70912450620595,0.672819281165399,5.280646113097935,212.71791299714295,0.46007071280136724,72.48450045920771,District Road,at_risk,rain,pothole,critical,essential_goods,high,good,low,verified,Critical
DATA_00797,ROAD_447,VEH_9275,Guwahati,Assam,Shillong,Meghalaya,25.733713264867653,91.11056583600927,25.972959069022096,92.7074686411475,138.00368755875368,19.209693910949493,1286.356712327505,128.60559023375882,20.99529104151523,64.04246005683916,53.18969578375223,83.27804425085905,25.20872638141112,4,2,9,36.68138661260973,0.891580601795493,176,34.10239120219909,1.977702714267256,196,0,947,6757,1098,4967,0,0.22432459068621569,0.8888754813634683,0.7496096284212833,0.23844656120448607,0.3662932085364029,0.8676835095150132,53.8773889709935,0.884739267853784,4.937536992924659,46.52554523884164,0.0724765233802578,15.421454914362018,7.288187203057138,9.662808456326474,2.1907921403932744,15.27587041413841,0.7348396212853037,6.301899981690744,25.574643538359766,0.7838246200576782,50.63425302078576,National Highway,at_risk,rain,accident,high,essential_goods,high,good,low,verified,Low
DATA_00798,ROAD_426,VEH_2968,Guwahati,Assam,Shillong,Meghalaya,25.515179697603056,91.61980556074566,25.85321626142914,92.29913438315079,156.5250356225604,5.4210283290980374,1660.5008338920688,28.217526068298447,10.07702798892295,72.32122669486941,44.89575871114476,55.1706831491625,59.97163938921858,4,4,0,22.231869427447023,0.16406217953509666,361,51.12409312426688,0.677532415208026,271,46,2608,5766,671,3840,0,0.1527673714599067,0.8523775243969794,0.39878416328614597,0.3915530464940534,0.3554745404409071,0.3410244972790909,41.46186504403637,0.6759513073514853,4.0012908672936005,32.20976325012499,0.21475284857926813,19.478326366874228,6.917762903009037,6.996755342622762,3.348191520132688,23.861908838745975,0.7489514167503779,4.5486487637003385,221.07592783915402,0.43616875852281267,35.16365556648073,State Highway,blocked,heavy_rain,none,low,essential_goods,high,good,low,verified,Medium
DATA_00799,ROAD_923,VEH_2095,Guwahati,Assam,Shillong,Meghalaya,26.15999135630483,91.29051801543784,25.07928643703837,91.99200628196922,24.794773720476016,23.74528413548777,1277.9526016093082,1.1933064474615485,17.332072833901485,81.21286207328465,25.71323203329322,52.41158112262655,57.189694101454556,0,3,6,32.859287805570375,0.334681387024654,571,57.95736085268616,5.42847541223123,228,79,2049,6376,1238,3623,1,0.31028580303906694,0.7282478929561532,0.4076044175421857,0.25243028562260755,0.7198575615854279,0.24452668081474924,16.497820065099965,0.3457670977458376,4.13208096857678,44.84292582419243,0.3346582368332579,11.384457915951495,8.166136592407101,3.7926606794596114,3.522148824811757,28.815001069611803,0.6118699042512415,4.394499909381664,36.29027696710347,0.6929429661257254,78.39547093946923,National Highway,blocked,storm,pothole,low,essential_goods,high,good,low,verified,High
DATA_00800,ROAD_639,VEH_8289,Guwahati,Assam,Shillong,Meghalaya,25.760101045173737,91.1579470985172,25.80199601309846,92.007444636205,228.79958487796668,12.961011231714679,1595.719785317236,52.04269986671555,31.664471076835866,77.5609431977834,52.62692529007317,31.071590526750885,69.39315789571171,0,1,6,36.2564617193496,0.8033390880943533,1330,52.32822369331356,2.1017086700997076,140,8,3011,3675,473,2516,1,0.8949068537346283,0.6703829188557984,0.36428710717796775,0.45162098173295717,0.5886643504891819,0.12444394779023762,17.864410976189177,0.33915412878229323,6.250708767944765,26.04301106553126,0.39282882172436767,15.85119509836256,8.555475609054135,6.0131388706417495,0.6555999420038144,11.238533008359589,0.46711302510235087,2.88766339771712,119.29693429472341,0.5127217397426282,52.15047715616606,State Highway,at_risk,clear,pothole,low,essential_goods,high,good,low,verified,Critical
